rank,region_id,region_name,state,city,metro,county_name,current_value,appreciation_pct,appreciation_score,velocity_score,distress_score,pricing_power_score,value_gap_score,composite_score,days_to_pending,price_cut_pct,sale_to_list,value_gap_pct,strategy
1,85231,61925,IL,Dalton City,"Decatur, IL",Macon County,198539.2691488288,12.628743681417712,100.0,97.92728114867994,67.66247513034823,,68.9185652451205,76.90166430482974,27.0,26.116470999574975,,266.39028816375975,Balanced
2,85563,62554,IL,Oreana,"Decatur, IL",Macon County,169367.4292146725,8.737797007211457,100.0,97.92728114867994,67.66247513034823,,68.9185652451205,76.90166430482974,27.0,26.116470999574975,,266.39028816375975,Balanced
3,85577,62573,IL,Warrensburg,"Decatur, IL",Macon County,154972.5532646464,8.417858497968309,100.0,97.92728114867994,67.66247513034823,,68.9185652451205,76.90166430482974,27.0,26.116470999574975,,266.39028816375975,Balanced
4,85525,62501,IL,Oreana,"Decatur, IL",Macon County,187742.31174998,13.480058307982423,100.0,97.92728114867994,67.66247513034823,,68.9185652451205,76.90166430482974,27.0,26.116470999574975,,266.39028816375975,Balanced
5,85535,62521,IL,Decatur,"Decatur, IL",Macon County,115800.42870973784,7.700250492303315,98.37735373811726,97.92728114867994,67.66247513034823,,68.9185652451205,76.5771350524532,27.0,26.116470999574975,,266.39028816375975,Balanced
6,85554,62544,IL,Macon,"Decatur, IL",Macon County,143095.4720208086,7.2538882700969785,95.49182468707058,97.92728114867994,67.66247513034823,,68.9185652451205,76.00002924224384,27.0,26.116470999574975,,266.39028816375975,Balanced
7,85536,62522,IL,Decatur,"Decatur, IL",Macon County,84273.10322984788,7.0759064732371355,94.34125320085023,97.92728114867994,67.66247513034823,,68.9185652451205,75.76991494499978,27.0,26.116470999574975,,266.39028816375975,Balanced
8,85141,61756,IL,Maroa,"Decatur, IL",Macon County,150777.85153670583,6.899955508788919,93.20381012386797,97.92728114867994,67.66247513034823,,68.9185652451205,75.54242632960333,27.0,26.116470999574975,,266.39028816375975,Balanced
9,85546,62535,IL,Forsyth,"Decatur, IL",Macon County,305371.7584146865,6.7442233856580405,92.19707267361036,97.92728114867994,67.66247513034823,,68.9185652451205,75.34107883955181,27.0,26.116470999574975,,266.39028816375975,Balanced
10,85540,62526,IL,Decatur,"Decatur, IL",Macon County,93779.67329289344,6.44371407568131,90.25441646099074,97.92728114867994,67.66247513034823,,68.9185652451205,74.95254759702789,27.0,26.116470999574975,,266.39028816375975,Balanced
11,85559,62549,IL,Mount Zion,"Decatur, IL",Macon County,191134.6833788508,6.167536747762603,88.46905546200034,97.92728114867994,67.66247513034823,,68.9185652451205,74.5954753972298,27.0,26.116470999574975,,266.39028816375975,Balanced
12,88020,68456,NE,Utica,"Lincoln, NE",Seward County,233332.34215477228,6.065176765437124,87.80734466307824,93.52709587772117,81.39407572968189,,59.191980023955345,74.38409925888733,30.166666666666668,28.124392095069688,,225.39332329470403,Balanced
13,85561,62551,IL,Niantic,"Decatur, IL",Macon County,123606.91488427606,5.925359949586152,86.90349244644437,97.92728114867994,67.66247513034823,,68.9185652451205,74.28236279411861,27.0,26.116470999574975,,266.39028816375975,Balanced
14,87957,68360,NE,Garland,"Lincoln, NE",Seward County,424966.73347010073,5.926403271115259,86.91023704630531,93.52709587772117,81.39407572968189,,59.191980023955345,74.20467773553274,30.166666666666668,28.124392095069688,,225.39332329470403,Balanced
15,87979,68405,NE,Milford,"Lincoln, NE",Seward County,296366.8826869985,5.806963538167807,86.13811341638528,93.52709587772117,81.39407572968189,,59.191980023955345,74.05025300954874,30.166666666666668,28.124392095069688,,225.39332329470403,Balanced
16,88001,68434,NE,Seward,"Lincoln, NE",Seward County,296567.7536327342,5.773362541808608,85.92089823482414,93.52709587772117,81.39407572968189,,59.191980023955345,74.0068099732365,30.166666666666668,28.124392095069688,,225.39332329470403,Balanced
17,87914,68314,NE,Bee,"Lincoln, NE",Seward County,276893.5520637671,5.01303559028321,81.00572979589178,93.52709587772117,81.39407572968189,,59.191980023955345,73.02377628545004,30.166666666666668,28.124392095069688,,225.39332329470403,Balanced
18,87994,68423,NE,Pleasant Dale,"Lincoln, NE",Seward County,475753.3265735197,4.666619719981011,78.7663085192441,93.52709587772117,81.39407572968189,,59.191980023955345,72.5758920301205,30.166666666666668,28.124392095069688,,225.39332329470403,Balanced
19,85528,62513,IL,Blue Mound,"Decatur, IL",Macon County,139016.83228083982,4.2121624893201,75.82844891488875,97.92728114867994,67.66247513034823,,68.9185652451205,72.06735408780749,27.0,26.116470999574975,,266.39028816375975,Balanced
20,88005,68439,NE,Seward,"Lincoln, NE",Seward County,229655.12033499512,4.1808393659157455,75.6259591474841,93.52709587772117,81.39407572968189,,59.191980023955345,71.94782215576849,30.166666666666668,28.124392095069688,,225.39332329470403,Balanced
21,87960,68364,NE,Goehner,"Lincoln, NE",Seward County,211764.62053502,4.035548569384482,74.68672013176186,93.52709587772117,81.39407572968189,,59.191980023955345,71.75997435262406,30.166666666666668,28.124392095069688,,225.39332329470403,Balanced
22,65222,17857,PA,Northumberland,"Sunbury, PA",Northumberland County,203003.93669101663,10.915689200829865,100.0,88.66373320981936,52.0173173393412,,66.88365824131138,71.51294175809439,33.666666666666664,23.828737523520413,,257.8132789616582,Balanced
23,65200,17830,PA,Herndon,"Sunbury, PA",Northumberland County,219998.3508667719,8.496139838123852,100.0,88.66373320981936,52.0173173393412,,66.88365824131138,71.51294175809439,33.666666666666664,23.828737523520413,,257.8132789616582,Balanced
24,83075,57015,SD,Chancellor,"Sioux Falls, SD",Turner County,401766.0056735177,7.958100625238125,100.0,42.345993515516426,75.99446826451538,,89.20270818888699,71.50863399378376,67.0,27.33482749491487,,351.8867164328458,Balanced
25,77101,44270,OH,Rittman,"Wooster, OH",Wayne County,198100.90131685915,5.816056992138856,86.19689846651364,92.13756368689208,86.58968375698515,,42.54077511900112,71.4929842058784,31.166666666666668,28.884126613014388,,155.20950780410354,Balanced
26,65197,17824,PA,Elysburg,"Sunbury, PA",Northumberland County,259341.3888060815,7.888006598322578,99.59111169404827,88.66373320981936,52.0173173393412,,66.88365824131138,71.43116409690404,33.666666666666664,23.828737523520413,,257.8132789616582,Balanced
27,77464,45142,OH,,"Wilmington, OH",Highland County,206405.94467376525,4.311901114439013,76.47321382996043,100.0,92.00653265502454,,37.95252798844442,71.28645489468589,23.166666666666668,29.67621236403808,,135.8703253320617,Balanced
28,76646,43342,OH,Prospect,"Marion, OH",Marion County,256838.72050239675,6.135561973057345,88.26235306488296,97.92728114867994,100.0,,19.840944687846413,71.20611578028186,27.0,31.874184941010743,,59.53110376416123,Balanced
29,77933,46050,IN,Kirklin,"Frankfort, IN",Clinton County,256453.59811415776,5.977812362323091,87.24257347351202,98.853635942566,100.0,,19.90174545049916,71.19959097331544,26.333333333333332,35.8062459356185,,59.78737527916965,Balanced
30,76622,43314,OH,Caledonia,"Marion, OH",Marion County,225895.88625249465,6.118860802315009,88.15438758087471,97.92728114867994,100.0,,19.840944687846413,71.18452268348021,27.0,31.874184941010743,,59.53110376416123,Balanced
31,77077,44230,OH,Doylestown,"Wooster, OH",Wayne County,274366.6975131913,5.569490340578763,84.60295704248547,92.13756368689208,86.58968375698515,,42.54077511900112,71.17419592107277,31.166666666666668,28.884126613014388,,155.20950780410354,Balanced
32,65187,17801,PA,Sunbury,"Sunbury, PA",Northumberland County,174519.136169323,7.680252900743326,98.24807839059325,88.66373320981936,52.0173173393412,,66.88365824131138,71.16255743621304,33.666666666666664,23.828737523520413,,257.8132789616582,Balanced
33,65234,17872,PA,Shamokin,"Sunbury, PA",Northumberland County,54116.254021074245,7.666065491438544,98.1563632326534,88.66373320981936,52.0173173393412,,66.88365824131138,71.14421440462507,33.666666666666664,23.828737523520413,,257.8132789616582,Balanced
34,77224,44606,OH,Apple Creek,"Wooster, OH",Wayne County,312956.5272558765,5.371609672806901,83.32374839289623,92.13756368689208,86.58968375698515,,42.54077511900112,70.91835419115492,31.166666666666668,28.884126613014388,,155.20950780410354,Balanced
35,77938,46057,IN,Frankfort,"Frankfort, IN",Clinton County,235350.7077235373,5.6813198945006125,85.32588432116974,98.853635942566,100.0,,19.90174545049916,70.81625314284699,26.333333333333332,35.8062459356185,,59.78737527916965,Balanced
36,77461,45135,OH,Leesburg,"Washington Court House, OH",Highland County,252044.31409676213,4.867652623927649,80.0658949441144,85.14358499305233,100.0,,37.95252798844442,70.63240158512224,36.2,37.04672739352265,,135.8703253320617,Balanced
37,78250,46764,IN,Larwill,"Fort Wayne, IN",Whitley County,314205.2870523955,5.623064205454505,84.94928774832272,92.83232978230662,98.12144512503946,31.35795959009002,45.330893817017305,70.51838321255522,30.666666666666668,30.570373365650845,0.9953697503807503,166.9696883445628,Balanced
38,78228,46723,IN,Churubusco,"Fort Wayne, IN",Whitley County,288116.8967582829,5.580087815839706,84.67146490720137,92.83232978230662,98.12144512503946,31.35795959009002,45.330893817017305,70.46281864433095,30.666666666666668,30.570373365650845,0.9953697503807503,166.9696883445628,Balanced
39,77235,44618,OH,Dalton,"Wooster, OH",Wayne County,291409.03242988954,4.955242679240291,80.63212487266462,92.13756368689208,86.58968375698515,,42.54077511900112,70.3800294871086,31.166666666666668,28.884126613014388,,155.20950780410354,Balanced
40,87078,66067,KS,Ottawa,"Ottawa, KS",Franklin County,226616.8926841015,7.642662440469857,98.00507313664241,86.81102362204724,99.52262473361584,,17.163776552659275,70.30049960899296,35.0,30.77526267001745,,48.24700297326982,Balanced
41,76656,43356,OH,Waldo,"Marion, OH",Marion County,293433.66043057345,5.431971743963318,83.71396176947242,97.92728114867994,100.0,,19.840944687846413,70.29643752119975,27.0,31.874184941010743,,59.53110376416123,Balanced
42,78502,47244,IN,Hartsville,"Columbus, IN",Bartholomew County,263037.7556133976,7.3701560850631775,96.24344330776917,89.3584993052339,100.0,,15.428791088050694,70.20614674021076,33.166666666666664,31.708138072882107,,40.93414480943011,Balanced
43,77284,44677,OH,Smithville,"Wooster, OH",Wayne County,250737.14176070143,4.8200907257961205,79.75842887294226,92.13756368689208,86.58968375698515,,42.54077511900112,70.20529028716413,31.166666666666668,28.884126613014388,,155.20950780410354,Balanced
44,78271,46787,IN,South Whitley,"Fort Wayne, IN",Whitley County,235121.0951513246,5.3658406786592865,83.28645446572207,92.83232978230662,98.12144512503946,31.35795959009002,45.330893817017305,70.18581655603509,30.666666666666668,30.570373365650845,0.9953697503807503,166.9696883445628,Balanced
45,77347,44838,OH,Hayesville,"Ashland, OH",Ashland County,180737.8500417868,7.60625881410528,97.76974022491163,94.2218619731357,88.77673286226002,,19.424606102505976,70.03858823256267,29.666666666666668,29.203930703120047,,57.776261960103135,Balanced
46,87913,68313,NE,Beaver Crossing,"Lincoln, NE",Seward County,273194.1475637104,2.6618667811919146,65.80649122903208,93.52709587772117,81.39407572968189,,59.191980023955345,69.9839285720781,30.166666666666668,28.124392095069688,,225.39332329470403,Balanced
47,65539,18619,PA,Hillsgrove,"Williamsport, PA",Sullivan County,151576.50188595068,9.868957672945337,100.0,83.80037054191754,89.26847880701163,,26.54921621977444,69.92361311374073,37.166666666666664,29.275836891255075,,87.80606008985056,Balanced
48,79188,48415,MI,Birch Run,"Saginaw, MI",Saginaw County,227535.33963136523,8.503967509725296,100.0,88.20055581287633,66.24754293323345,,45.00506844809853,69.89063343884166,34.0,25.90957070512428,,165.5963542402213,Balanced
49,79190,48417,MI,Burt,"Saginaw, MI",Saginaw County,197470.7345241912,9.593496974838859,100.0,88.20055581287633,66.24754293323345,,45.00506844809853,69.89063343884166,34.0,25.90957070512428,,165.5963542402213,Balanced
50,79299,48637,MI,Merrill,"Saginaw, MI",Saginaw County,190404.11970980265,8.053569370040687,100.0,88.20055581287633,66.24754293323345,,45.00506844809853,69.89063343884166,34.0,25.90957070512428,,165.5963542402213,Balanced
51,79278,48616,MI,Chesaning,"Saginaw, MI",Saginaw County,205006.53008559687,8.253731372644427,100.0,88.20055581287633,66.24754293323345,,45.00506844809853,69.89063343884166,34.0,25.90957070512428,,165.5963542402213,Balanced
52,79332,48722,MI,Bridgeport,"Saginaw, MI",Saginaw County,169771.12992295905,9.158612627489365,100.0,88.20055581287633,66.24754293323345,,45.00506844809853,69.89063343884166,34.0,25.90957070512428,,165.5963542402213,Balanced
53,79300,48638,MI,Saginaw,"Saginaw, MI",Saginaw County,192344.4994760102,7.873339063739712,99.49629274423461,88.20055581287633,66.24754293323345,,45.00506844809853,69.78989198768859,34.0,25.90957070512428,,165.5963542402213,Balanced
54,77072,44217,OH,Creston,"Wooster, OH",Wayne County,244170.92253783144,4.443956960705342,77.32689490287592,92.13756368689208,86.58968375698515,,42.54077511900112,69.71898349315086,31.166666666666668,28.884126613014388,,155.20950780410354,Balanced
55,77932,46049,IN,Kempton,"Frankfort, IN",Tipton County,207275.4196816032,5.228950168579808,82.40151948691837,98.853635942566,100.0,,17.32189945496165,69.7154109768892,26.333333333333332,35.8062459356185,,48.91348138509491,Balanced
56,83110,57053,SD,Parker,"Sioux Falls, SD",Turner County,334314.2880690546,6.559777450088583,91.0047134663226,42.345993515516426,75.99446826451538,,89.20270818888699,69.70957668704827,67.0,27.33482749491487,,351.8867164328458,Balanced
57,76617,43302,OH,Marion,"Marion, OH",Marion County,162184.09468341316,4.9554420551688905,80.63341374749639,97.92728114867994,100.0,,19.840944687846413,69.68032791680454,27.0,31.874184941010743,,59.53110376416123,Balanced
58,79285,48623,MI,Freeland,"Saginaw, MI",Saginaw County,281079.7638768253,7.760247558238353,98.76520752170444,88.20055581287633,66.24754293323345,,45.00506844809853,69.64367494318255,34.0,25.90957070512428,,165.5963542402213,Balanced
59,79266,48604,MI,Saginaw,"Saginaw, MI",Saginaw County,132727.04295024285,7.740519289873717,98.6376732263252,88.20055581287633,66.24754293323345,,45.00506844809853,69.6181680841067,34.0,25.90957070512428,,165.5963542402213,Balanced
60,76484,43044,OH,,"Urbana, OH",Champaign County,269610.460045504,5.450583330476285,83.83427722382199,100.0,94.81405571910192,,19.407238131208235,69.61111421482644,24.0,30.08674606298083,,57.70305701788037,Balanced
61,77283,44676,OH,Shreve,"Wooster, OH",Wayne County,242242.9195749125,4.344334918339305,76.68288364235548,92.13756368689208,86.58968375698515,,42.54077511900112,69.59018124104678,31.166666666666668,28.884126613014388,,155.20950780410354,Balanced
62,90165,73754,OK,Lahoma,"Enid, OK",Garfield County,146230.21126538122,5.021156114018488,81.05822529390242,69.90504863362668,78.58510429268473,,68.21219570926245,69.55211478589526,47.166666666666664,27.71364660591947,,263.412983550921,Balanced
63,67998,24127,VA,New Castle,"Roanoke, VA",Craig County,212154.77253345383,6.387195809044269,89.8890515349675,78.2422417786012,100.0,34.52937323412631,45.058600653723005,69.5438534402836,41.166666666666664,33.11355642455492,0.9941970819961169,165.82198922962888,Balanced
64,77392,44906,OH,Mansfield,"Mansfield, OH",Richland County,163227.7060594445,7.565570712474064,97.50671012637758,95.84298286243632,85.27419602676565,,18.62634266829414,69.45004633677475,28.5,28.691767714627815,,54.41163015721497,Balanced
65,84708,60922,IL,,"Kankakee, IL",Iroquois County,211496.5516774224,9.94060524846143,100.0,86.3478462251042,76.61164012677037,,33.92313140388381,69.37652355115168,35.333333333333336,27.425074250404368,,118.88666390674845,Balanced
66,77921,46035,IN,Colfax,"Frankfort, IN",Clinton County,205497.922342876,4.567615424393368,78.12629071109612,98.853635942566,100.0,,19.90174545049916,69.37633442083226,26.333333333333332,35.8062459356185,,59.78737527916965,Balanced
67,77939,46058,IN,Mulberry,"Frankfort, IN",Clinton County,246270.98129395043,4.540880915990705,77.95346425575673,98.853635942566,100.0,,19.90174545049916,69.34176912976439,26.333333333333332,35.8062459356185,,59.78737527916965,Balanced
68,77456,45123,OH,Greenfield,"Chillicothe, OH",Highland County,162935.3042831564,4.903714550069426,80.29901891908801,87.50578971746178,90.80310360791697,,37.95252798844442,69.31208804658225,34.5,29.5002393918315,,135.8703253320617,Balanced
69,87777,67867,KS,Montezuma,,Gray County,252329.4170639797,7.415400668534508,96.53592899207217,,,,100.0,69.30718579841444,,,,410.85853680647705,Balanced
70,79288,48626,MI,Hemlock,"Saginaw, MI",Saginaw County,237118.67964811003,7.49312898686539,97.0384072697457,88.20055581287633,66.24754293323345,,45.00506844809853,69.2983148927908,34.0,25.90957070512428,,165.5963542402213,Balanced
71,78229,46725,IN,Columbia City,"Fort Wayne, IN",Whitley County,274682.1436453275,4.661618005530039,78.73397470684846,92.83232978230662,98.12144512503946,31.35795959009002,45.330893817017305,69.27532060426037,30.666666666666668,30.570373365650845,0.9953697503807503,166.9696883445628,Balanced
72,65196,17823,PA,Rebuck,"Sunbury, PA",Northumberland County,258792.81250962047,6.135083395475159,88.25925927816026,88.66373320981936,52.0173173393412,,66.88365824131138,69.16479361372645,33.666666666666664,23.828737523520413,,257.8132789616582,Balanced
73,76457,43009,OH,Cable,"Urbana, OH",Champaign County,320983.2427696583,5.082534852662045,81.45501096406316,100.0,94.81405571910192,,19.407238131208235,69.13526096287467,24.0,30.08674606298083,,57.70305701788037,Balanced
74,79311,48655,MI,Saint Charles,"Saginaw, MI",Saginaw County,192029.3567219936,7.2975234529254225,95.77390632712705,88.20055581287633,66.24754293323345,,45.00506844809853,69.04541470426707,34.0,25.90957070512428,,165.5963542402213,Balanced
75,77259,44645,OH,Marshallville,"Wooster, OH",Wayne County,283203.39240692504,3.879763720532737,73.67964183366425,92.13756368689208,86.58968375698515,,42.54077511900112,68.98953287930853,31.166666666666668,28.884126613014388,,155.20950780410354,Balanced
76,87752,67835,KS,Cimarron,"Garden City, KS",Gray County,227088.36340940112,7.631646003058163,97.93385687189368,,46.669969688287225,,100.0,68.92076531203618,,23.0468146824194,,410.85853680647705,Balanced
77,77296,44691,OH,Wooster,"Wooster, OH",Wayne County,255050.80381768305,3.7978284142321863,73.14996728937147,92.13756368689208,86.58968375698515,,42.54077511900112,68.88359797044997,31.166666666666668,28.884126613014388,,155.20950780410354,Balanced
78,65239,17881,PA,Trevorton,"Sunbury, PA",Northumberland County,120604.63400521775,5.880680829962132,86.61466222910867,88.66373320981936,52.0173173393412,,66.88365824131138,68.83587420391612,33.666666666666664,23.828737523520413,,257.8132789616582,Balanced
79,65182,17774,PA,Unityville,"Williamsport, PA",Lycoming County,290246.5995718344,9.396665537046314,100.0,83.80037054191754,89.26847880701163,,20.941427905506025,68.80205545088705,37.166666666666664,29.275836891255075,,64.16957356497093,Balanced
80,77567,45304,OH,Arcanum,"Greenville, OH",Darke County,230868.0461558466,8.370691887042373,100.0,90.05326540064844,82.74281545710247,,20.601408664393443,68.67949790442887,32.666666666666664,28.3216133098457,,62.73641315299382,Balanced
81,77641,45388,OH,Yorkshire,"Greenville, OH",Darke County,333321.72646606714,8.43944664652133,100.0,90.05326540064844,82.74281545710247,,20.601408664393443,68.67949790442887,32.666666666666664,28.3216133098457,,62.73641315299382,Balanced
82,77607,45346,OH,New Madison,"Greenville, OH",Darke County,201106.94084384016,8.926743721427885,100.0,90.05326540064844,82.74281545710247,,20.601408664393443,68.67949790442887,32.666666666666664,28.3216133098457,,62.73641315299382,Balanced
83,77617,45358,OH,Pitsburg,"Greenville, OH",Darke County,177573.7409717264,10.421097328816481,100.0,90.05326540064844,82.74281545710247,,20.601408664393443,68.67949790442887,32.666666666666664,28.3216133098457,,62.73641315299382,Balanced
84,77612,45351,OH,Osgood,"Greenville, OH",Darke County,268193.92815049045,13.816138527189267,100.0,90.05326540064844,82.74281545710247,,20.601408664393443,68.67949790442887,32.666666666666664,28.3216133098457,,62.73641315299382,Balanced
85,77566,45303,OH,Ansonia,"Greenville, OH",Darke County,172831.41725472538,8.574379418413907,100.0,90.05326540064844,82.74281545710247,,20.601408664393443,68.67949790442887,32.666666666666664,28.3216133098457,,62.73641315299382,Balanced
86,77610,45349,OH,Springfield,"Springfield, OH",Clark County,179417.45038353873,8.17385510003118,100.0,89.59008800370542,94.74989790887327,,8.992592306406888,68.66651564379711,33.0,30.077364504023667,,13.805958571248794,Balanced
87,417467,60958,IL,Hopkins Park,"Kankakee, IL",Kankakee County,106932.15590847726,18.58183071963513,100.0,86.3478462251042,76.61164012677037,,30.19869245661645,68.6316357616982,35.333333333333336,27.425074250404368,,103.1883803667239,Balanced
88,64849,17017,PA,Dalmatia,"Sunbury, PA",Northumberland County,211841.98650836188,5.696403788123452,85.42339484308725,88.66373320981936,52.0173173393412,,66.88365824131138,68.59762072671184,33.666666666666664,23.828737523520413,,257.8132789616582,Balanced
89,87088,66080,KS,Richmond,"Ottawa, KS",Franklin County,220600.15057387503,6.320097234366876,89.45528972251299,86.81102362204724,99.52262473361584,,17.163776552659275,68.59054292616707,35.0,30.77526267001745,,48.24700297326982,Balanced
90,75638,40342,KY,Lawrenceburg,"Frankfort, KY",Anderson County,255456.00971913707,7.568076728798786,97.52291038380896,84.26354793886057,94.67601582945326,,16.47177628687434,68.58685008779943,36.833333333333336,30.06656100120014,,45.3302639594555,Balanced
91,79305,48649,MI,Oakley,"Saginaw, MI",Saginaw County,180237.2395191587,6.9265101103642746,93.37547356327356,88.20055581287633,66.24754293323345,,45.00506844809853,68.56572815149637,34.0,25.90957070512428,,165.5963542402213,Balanced
92,90133,73703,OK,Enid,"Enid, OK",Garfield County,188273.21257731025,4.250957532902197,76.07924125286804,69.90504863362668,78.58510429268473,,68.21219570926245,68.55631797768838,47.166666666666664,27.71364660591947,,263.412983550921,Balanced
93,83101,57043,SD,Marion,"Sioux Falls, SD",Turner County,278435.7622090098,5.654326929809363,85.15138706330262,42.345993515516426,75.99446826451538,,89.20270818888699,68.53891140644429,67.0,27.33482749491487,,351.8867164328458,Balanced
94,76494,43060,OH,Woodstock,"Urbana, OH",Champaign County,252429.5772631112,4.508420949156969,77.74362531187886,100.0,94.81405571910192,,19.407238131208235,68.3929838324378,24.0,30.08674606298083,,57.70305701788037,Balanced
95,77391,44905,OH,Mansfield,"Mansfield, OH",Richland County,146716.88696819046,6.658890010135424,91.64543115503095,95.84298286243632,85.27419602676565,,18.62634266829414,68.27779054250541,28.5,28.691767714627815,,54.41163015721497,Balanced
96,87086,66078,KS,Princeton,"Ottawa, KS",Franklin County,341248.53015508177,6.058820360238082,87.7662533902295,86.81102362204724,99.52262473361584,,17.163776552659275,68.25273565971038,35.0,30.77526267001745,,48.24700297326982,Balanced
97,79264,48602,MI,Saginaw,"Saginaw, MI",Saginaw County,79592.6854270473,6.665505694569382,91.68819855038171,88.20055581287633,66.24754293323345,,45.00506844809853,68.228273148918,34.0,25.90957070512428,,165.5963542402213,Balanced
98,77277,44667,OH,Orrville,"Wooster, OH",Wayne County,231581.0563685849,3.279733191084654,69.80071696480067,92.13756368689208,86.58968375698515,,42.54077511900112,68.21374790553581,31.166666666666668,28.884126613014388,,155.20950780410354,Balanced
99,77390,44904,OH,Lexington,"Mansfield, OH",Richland County,261778.56479548247,6.599701904761318,91.26280693408054,95.84298286243632,85.27419602676565,,18.62634266829414,68.20126569831534,28.5,28.691767714627815,,54.41163015721497,Balanced
100,64817,16930,PA,Liberty,"Williamsport, PA",Tioga County,262780.2524742994,8.724651219107429,100.0,83.80037054191754,89.26847880701163,,17.91302154640997,68.19637417906783,37.166666666666664,29.275836891255075,,51.40502503226263,Balanced
101,86780,65332,MO,Green Ridge,"Sedalia, MO",Pettis County,270697.7067340655,9.949987925435568,100.0,67.82075034738304,86.47611161569368,,36.432353459808176,68.14584308457698,48.666666666666664,28.867519379450464,,129.4628821926422,Balanced
102,86785,65337,MO,La Monte,"Sedalia, MO",Pettis County,202827.7575559308,8.972173220872133,100.0,67.82075034738304,86.47611161569368,,36.432353459808176,68.14584308457698,48.666666666666664,28.867519379450464,,129.4628821926422,Balanced
103,86790,65345,MO,Mora,"Sedalia, MO",Pettis County,360957.1755418039,14.880339986375127,100.0,67.82075034738304,86.47611161569368,,36.432353459808176,68.14584308457698,48.666666666666664,28.867519379450464,,129.4628821926422,Balanced
104,86782,65334,MO,Hughesville,"Sedalia, MO",Pettis County,276078.205044919,9.420642189321567,100.0,67.82075034738304,86.47611161569368,,36.432353459808176,68.14584308457698,48.666666666666664,28.867519379450464,,129.4628821926422,Balanced
105,86794,65350,MO,Smithton,"Sedalia, MO",Pettis County,247261.24373172183,12.452371686506833,100.0,67.82075034738304,86.47611161569368,,36.432353459808176,68.14584308457698,48.666666666666664,28.867519379450464,,129.4628821926422,Balanced
106,78496,47232,IN,Elizabethtown,"Columbus, IN",Bartholomew County,286736.20550808206,5.771691106816764,85.9100931666845,89.3584993052339,100.0,,15.428791088050694,68.13947671199382,33.166666666666664,31.708138072882107,,40.93414480943011,Balanced
107,77069,44214,OH,Burbank,"Wooster, OH",Wayne County,297434.8488823064,3.217081028220692,69.39569918538093,92.13756368689208,86.58968375698515,,42.54077511900112,68.13274434965186,31.166666666666668,28.884126613014388,,155.20950780410354,Balanced
108,87152,66401,KS,,"Topeka, KS",Wabaunsee County,283345.02043025626,7.326969705989904,95.96426298016556,97.2325150532654,67.47717143595477,,29.798922340300166,68.09457436193718,27.5,26.089374726685726,,101.5033736514531,Balanced
109,87197,66510,KS,Melvern,"Topeka, KS",Osage County,207395.382489452,7.0822280543707805,94.38211935193156,97.2325150532654,67.47717143595477,,31.325976728067545,68.08355651384386,27.5,26.089374726685726,,107.93981497848823,Balanced
110,84986,61451,IL,Laura,"Peoria, IL",Peoria County,176203.61849524034,8.138714163754447,100.0,100.0,69.76764918621011,28.232351592901068,42.302455773016305,68.0604913104255,25.166666666666668,26.424302804460005,0.9965254815758762,154.20500626190812,Balanced
111,85037,61536,IL,Hanna City,"Peoria, IL",Peoria County,218700.84586645008,10.564349655304158,100.0,100.0,69.76764918621011,28.232351592901068,42.302455773016305,68.0604913104255,25.166666666666668,26.424302804460005,0.9965254815758762,154.20500626190812,Balanced
112,85080,61615,IL,Peoria,"Peoria, IL",Peoria County,242444.5724709381,9.541407909589338,100.0,100.0,69.76764918621011,28.232351592901068,42.302455773016305,68.0604913104255,25.166666666666668,26.424302804460005,0.9965254815758762,154.20500626190812,Balanced
113,85073,61606,IL,Peoria,"Peoria, IL",Peoria County,118713.1442602552,9.006401517069216,100.0,100.0,69.76764918621011,28.232351592901068,42.302455773016305,68.0604913104255,25.166666666666668,26.424302804460005,0.9965254815758762,154.20500626190812,Balanced
114,85079,61614,IL,Peoria,"Peoria, IL",Peoria County,193158.9352101532,9.592322067241925,100.0,100.0,69.76764918621011,28.232351592901068,42.302455773016305,68.0604913104255,25.166666666666668,26.424302804460005,0.9965254815758762,154.20500626190812,Balanced
115,85071,61604,IL,Peoria,"Peoria, IL",Peoria County,104644.80965928224,8.110424568006627,100.0,100.0,69.76764918621011,28.232351592901068,42.302455773016305,68.0604913104255,25.166666666666668,26.424302804460005,0.9965254815758762,154.20500626190812,Balanced
116,85030,61529,IL,Elmwood,"Peoria, IL",Peoria County,177991.4772379461,8.417878769677168,100.0,100.0,69.76764918621011,28.232351592901068,42.302455773016305,68.0604913104255,25.166666666666668,26.424302804460005,0.9965254815758762,154.20500626190812,Balanced
117,85034,61533,IL,Glasford,"Peoria, IL",Peoria County,187215.48835575776,12.667682361636668,100.0,100.0,69.76764918621011,28.232351592901068,42.302455773016305,68.0604913104255,25.166666666666668,26.424302804460005,0.9965254815758762,154.20500626190812,Balanced
118,85047,61547,IL,,"Peoria, IL",Peoria County,266556.1988061171,8.732275379509092,100.0,100.0,69.76764918621011,28.232351592901068,42.302455773016305,68.0604913104255,25.166666666666668,26.424302804460005,0.9965254815758762,154.20500626190812,Balanced
119,85022,61517,IL,Brimfield,"Peoria, IL",Peoria County,280943.7626609857,10.824811600756657,100.0,100.0,69.76764918621011,28.232351592901068,42.302455773016305,68.0604913104255,25.166666666666668,26.424302804460005,0.9965254815758762,154.20500626190812,Balanced
120,85064,61569,IL,Trivoli,"Peoria, IL",Peoria County,256564.44912550724,12.97415842336008,100.0,100.0,69.76764918621011,28.232351592901068,42.302455773016305,68.0604913104255,25.166666666666668,26.424302804460005,0.9965254815758762,154.20500626190812,Balanced
121,85028,61526,IL,Edelstein,"Peoria, IL",Peoria County,272083.3746106532,11.127285942923255,100.0,100.0,69.76764918621011,28.232351592901068,42.302455773016305,68.0604913104255,25.166666666666668,26.424302804460005,0.9965254815758762,154.20500626190812,Balanced
122,85025,61523,IL,Chillicothe,"Peoria, IL",Peoria County,177198.70011479416,10.099052628233004,100.0,100.0,69.76764918621011,28.232351592901068,42.302455773016305,68.0604913104255,25.166666666666668,26.424302804460005,0.9965254815758762,154.20500626190812,Balanced
123,84741,60961,IL,Reddick,"Kankakee, IL",Kankakee County,238956.56508948843,7.498025427539079,97.07006053498132,86.3478462251042,76.61164012677037,,30.19869245661645,68.04564786869447,35.333333333333336,27.425074250404368,,103.1883803667239,Balanced
124,76637,43332,OH,New Bloomington,"Marion, OH",Marion County,197664.7003416315,3.6779417614632486,72.3749545257743,97.92728114867994,100.0,,19.840944687846413,68.02863607246013,27.0,31.874184941010743,,59.53110376416123,Balanced
125,77253,44638,OH,Lakeville,"Ashland, OH",Holmes County,283356.6915408267,7.277627639795154,95.64528893092847,94.2218619731357,88.77673286226002,,11.400460974701987,68.00886894820523,29.666666666666668,29.203930703120047,,23.954978495382964,Balanced
126,85081,61616,IL,Peoria Heights,"Peoria, IL",Peoria County,113547.13149382318,7.910656588097453,99.73753359144419,100.0,69.76764918621011,28.232351592901068,42.302455773016305,68.00799802871433,25.166666666666668,26.424302804460005,0.9965254815758762,154.20500626190812,Balanced
127,77925,46039,IN,Russiaville,"Frankfort, IN",Clinton County,214867.19507612195,3.508328161931299,71.27847963485982,98.853635942566,100.0,,19.90174545049916,68.006772205585,26.333333333333332,35.8062459356185,,59.78737527916965,Balanced
128,77758,45690,OH,Waverly,"Chillicothe, OH",Pike County,168550.4443820476,1.7582846433167143,59.965243069727734,87.50578971746178,90.80310360791697,,51.72278173380417,67.99938362578213,34.5,29.5002393918315,,193.9111069835764,Balanced
129,76504,43072,OH,Saint Paris,"Urbana, OH",Champaign County,235477.5273428773,4.180483882116784,75.62366110616686,100.0,94.81405571910192,,19.407238131208235,67.96899099129541,24.0,30.08674606298083,,57.70305701788037,Balanced
130,87087,66079,KS,Rantoul,"Ottawa, KS",Franklin County,339679.9180312953,5.833056110542466,86.30679004683903,86.81102362204724,99.52262473361584,,17.163776552659275,67.96084299103228,35.0,30.77526267001745,,48.24700297326982,Balanced
131,77377,44875,OH,Shelby,"Mansfield, OH",Richland County,177843.43679035327,6.375863755554878,89.81579495561358,95.84298286243632,85.27419602676565,,18.62634266829414,67.91186330262195,28.5,28.691767714627815,,54.41163015721497,Balanced
132,80805,52040,IA,Dyersville,"Dubuque, IA",Dubuque County,275593.10850081017,7.97407513405268,100.0,95.84298286243632,69.284160106544,,24.06293942985177,67.83801647976641,28.5,26.353603987124025,,77.32655470399243,Balanced
133,87758,67841,KS,Ensign,"Dodge City, KS",Gray County,178203.17923821,9.89337832567088,100.0,,39.020639897488984,,100.0,67.80412797949779,,21.92828151927997,,410.85853680647705,Balanced
134,83719,58530,ND,Center,"Bismarck, ND",Oliver County,234550.7178406893,8.79631069260555,100.0,81.25289485873088,57.63484272741053,,,67.77754751722829,39.0,24.65016745440035,,,Balanced
135,87084,66076,KS,Pomona,"Ottawa, KS",Franklin County,279624.716897023,5.682404251604607,85.33289419738601,86.81102362204724,99.52262473361584,,17.163776552659275,67.76606382114169,35.0,30.77526267001745,,48.24700297326982,Balanced
136,87051,66033,KS,Greeley,"Ottawa, KS",Anderson County,213033.37228976903,5.789006650241449,86.0220302910666,86.81102362204724,99.52262473361584,,16.47177628687434,67.76549098672082,35.0,30.77526267001745,,45.3302639594555,Balanced
137,77337,44822,OH,Butler,"Mansfield, OH",Richland County,248206.4207513882,6.239382097858917,88.93350302178891,95.84298286243632,85.27419602676565,,18.62634266829414,67.73540491585702,28.5,28.691767714627815,,54.41163015721497,Balanced
138,79265,48603,MI,Saginaw,"Saginaw, MI",Saginaw County,217812.3319838344,6.282927643023017,89.21500519505435,88.20055581287633,66.24754293323345,,45.00506844809853,67.73363447785253,34.0,25.90957070512428,,165.5963542402213,Balanced
139,76642,43337,OH,Morral,"Marion, OH",Marion County,202841.35613223925,3.408106013081362,70.63058895845948,97.92728114867994,100.0,,19.840944687846413,67.67976295899717,27.0,31.874184941010743,,59.53110376416123,Balanced
140,77393,44907,OH,Mansfield,"Mansfield, OH",Richland County,167439.49317577953,6.193983227674426,88.64001994395467,95.84298286243632,85.27419602676565,,18.62634266829414,67.67670830029016,28.5,28.691767714627815,,54.41163015721497,Balanced
141,83094,57036,SD,Hurley,"Sioux Falls, SD",Turner County,294239.25600155554,4.965085003878516,80.69575103155651,42.345993515516426,75.99446826451538,,89.20270818888699,67.64778420009506,67.0,27.33482749491487,,351.8867164328458,Balanced
142,80830,52073,IA,,"Dubuque, IA",Dubuque County,372753.6867555794,7.792670330445672,98.97480601921448,95.84298286243632,69.284160106544,,24.06293942985177,67.63297768360931,28.5,26.353603987124025,,77.32655470399243,Balanced
143,87912,68310,NE,Beatrice,"Beatrice, NE",Gage County,182118.31576708952,7.5931333939631935,97.68489034460596,,100.0,,40.40369063365486,67.61771619565216,,31.06719140922307,,146.2018267345648,Balanced
144,87099,66095,KS,Williamsburg,"Ottawa, KS",Franklin County,267142.89750572504,5.54396499507497,84.43794727614564,86.81102362204724,99.52262473361584,,17.163776552659275,67.5870744368936,35.0,30.77526267001745,,48.24700297326982,Balanced
145,77448,45113,OH,Clarksville,"Wilmington, OH",Clinton County,378115.55381862,4.240644544516281,76.01257246659941,100.0,92.00653265502454,,19.90174545049916,67.58417011442462,23.166666666666668,29.67621236403808,,59.78737527916965,Balanced
146,75194,39179,MS,Vaughan,"Jackson, MS",Yazoo County,150860.6752214018,10.119859827293514,100.0,58.55720240852244,57.76438516843895,65.36161760526139,56.223922930985815,67.58142562264172,55.333333333333336,24.6691099657428,0.98279648836201,212.88314324661854,Balanced
147,77389,44903,OH,Mansfield,"Mansfield, OH",Richland County,199651.4666677481,6.096115385194764,88.00734878902934,95.84298286243632,85.27419602676565,,18.62634266829414,67.5501740693051,28.5,28.691767714627815,,54.41163015721497,Balanced
148,77326,44805,OH,Ashland,"Ashland, OH",Ashland County,221391.1752284736,5.665176159209002,85.22152240419099,94.2218619731357,88.77673286226002,,19.424606102505976,67.52894466841853,29.666666666666668,29.203930703120047,,57.776261960103135,Balanced
149,77634,45380,OH,Versailles,"Greenville, OH",Darke County,287712.01999055594,7.059586987089138,94.23575513440224,90.05326540064844,82.74281545710247,,20.601408664393443,67.52664893130932,32.666666666666664,28.3216133098457,,62.73641315299382,Balanced
150,77491,45177,OH,Wilmington,"Wilmington, OH",Clinton County,259154.6699947098,4.180982949201362,75.62688734821722,100.0,92.00653265502454,,19.90174545049916,67.5070330907482,23.166666666666668,29.67621236403808,,59.78737527916965,Balanced
151,86767,65301,MO,Sedalia,"Sedalia, MO",Pettis County,180629.6870484039,7.438321746835479,96.68410335367439,67.82075034738304,86.47611161569368,,36.432353459808176,67.48266375531186,48.666666666666664,28.867519379450464,,129.4628821926422,Balanced
152,76810,43727,OH,Chandlersville,"Zanesville, OH",Muskingum County,222374.69821319904,4.525506370911561,77.85407480417365,82.41083835108847,100.0,,27.132862089505966,67.47955504895363,38.166666666666664,32.68581936009434,,90.2660919173912,Balanced
153,77349,44840,OH,Jeromesville,"Ashland, OH",Ashland County,277936.0729592755,5.602807036461205,84.81833435057952,94.2218619731357,88.77673286226002,,19.424606102505976,67.44830705769624,29.666666666666668,29.203930703120047,,57.776261960103135,Balanced
154,77945,46065,IN,Rossville,"Frankfort, IN",Clinton County,283812.71639374405,3.0629340437092236,68.39920893640671,98.853635942566,100.0,,19.90174545049916,67.43091806589437,26.333333333333332,35.8062459356185,,59.78737527916965,Balanced
155,77106,44276,OH,Sterling,"Wooster, OH",Wayne County,280476.72140825255,2.6361613460319067,65.64031726485257,92.13756368689208,86.58968375698515,,42.54077511900112,67.38166796554619,31.166666666666668,28.884126613014388,,155.20950780410354,Balanced
156,85055,61559,IL,Princeville,"Peoria, IL",Peoria County,218273.2739789488,7.417009107244183,96.54632681785738,100.0,69.76764918621011,28.232351592901068,42.302455773016305,67.36975667399697,25.166666666666668,26.424302804460005,0.9965254815758762,154.20500626190812,Balanced
157,80804,52039,IA,Durango,"Dubuque, IA",Dubuque County,383045.1748162252,7.572959729861103,97.55447676806067,95.84298286243632,69.284160106544,,24.06293942985177,67.34891183337855,28.5,26.353603987124025,,77.32655470399243,Balanced
158,77625,45368,OH,South Charleston,"Springfield, OH",Clark County,257158.48860458063,6.925413346856494,93.36838348529119,89.59008800370542,94.74989790887327,,8.992592306406888,67.34019234085535,33.0,30.077364504023667,,13.805958571248794,Balanced
159,77370,44864,OH,Perrysville,"Ashland, OH",Ashland County,236793.909909806,5.5011924785276785,84.16144238181673,94.2218619731357,88.77673286226002,,19.424606102505976,67.31692866394368,29.666666666666668,29.203930703120047,,57.776261960103135,Balanced
160,79271,48609,MI,Saginaw,"Saginaw, MI",Saginaw County,208361.3157641576,5.944892208425766,87.02975962926213,88.20055581287633,66.24754293323345,,45.00506844809853,67.2965853646941,34.0,25.90957070512428,,165.5963542402213,Balanced
161,85050,61552,IL,Mossville,"Peoria, IL",Peoria County,119744.58950826337,7.349658625604295,96.11093654129397,100.0,69.76764918621011,28.232351592901068,42.302455773016305,67.28267861868429,25.166666666666668,26.424302804460005,0.9965254815758762,154.20500626190812,Balanced
162,64823,16938,PA,Morris,"Williamsport, PA",Tioga County,228186.35532073188,7.234006985823721,95.36330121333431,83.80037054191754,89.26847880701163,,17.91302154640997,67.2690344217347,37.166666666666664,29.275836891255075,,51.40502503226263,Balanced
163,95292,87068,NM,Bosque Farms,"Albuquerque, NM",Valencia County,422497.65594590735,8.83987821343738,100.0,78.47383047707271,100.0,37.57870140352734,20.19243426842624,67.24899322980525,41.0,31.283354714289107,0.9930695561858673,61.012610959051585,Balanced
164,87096,66092,KS,Wellsville,"Ottawa, KS",Franklin County,333402.2216265521,5.265601911795454,82.63845636140898,86.81102362204724,99.52262473361584,,17.163776552659275,67.22717625394627,35.0,30.77526267001745,,48.24700297326982,Balanced
165,82599,56068,MN,Minnesota Lake,"Mankato, MN",Faribault County,202666.2506632215,9.181947494125843,100.0,76.15794349235756,70.0690904628509,,39.883141321303135,67.22203505530231,42.666666666666664,26.468381445842077,,144.0077430571138,Balanced
166,76509,43078,OH,,"Urbana, OH",Champaign County,230774.7356652092,3.5964387232085713,71.84807439808345,100.0,94.81405571910192,,19.407238131208235,67.21387364967873,24.0,30.08674606298083,,57.70305701788037,Balanced
167,85029,61528,IL,Edwards,"Peoria, IL",Peoria County,361210.260781073,7.283252742819846,95.68165266734113,100.0,69.76764918621011,28.232351592901068,42.302455773016305,67.19682184389373,25.166666666666668,26.424302804460005,0.9965254815758762,154.20500626190812,Balanced
168,65175,17765,PA,Roaring Branch,"Williamsport, PA",Lycoming County,253011.6171961225,6.707712584143789,91.96104692321057,83.80037054191754,89.26847880701163,,20.941427905506025,67.19426483552915,37.166666666666664,29.275836891255075,,64.16957356497093,Balanced
169,79384,48807,MI,Bannister,"Saginaw, MI",Saginaw County,170271.5549128916,5.847898468615162,86.4027391511183,88.20055581287633,66.24754293323345,,45.00506844809853,67.17118126906533,34.0,25.90957070512428,,165.5963542402213,Balanced
170,78563,47368,IN,Parker City,"Muncie, IN",Randolph County,166831.3254713513,9.816641347951172,100.0,89.82167670217693,85.89990932092816,,10.13044320510503,67.17040584564202,32.833333333333336,28.78326345206875,,18.601930873906834,Balanced
171,69122,26716,WV,Eglon,"Morgantown, WV",Preston County,136725.9676357106,7.065566001825394,94.27440674930104,85.88466882816118,52.56766214963085,,53.114861089988175,67.16831976341626,35.666666666666664,23.909212406720137,,199.7786367653775,Balanced
172,80835,52078,IA,Worthington,"Dubuque, IA",Dubuque County,302246.5324925891,7.412978626387397,96.52027158956217,95.84298286243632,69.284160106544,,24.06293942985177,67.14207079767885,28.5,26.353603987124025,,77.32655470399243,Balanced
173,77113,44287,OH,,"Wooster, OH",Wayne County,246802.77627411243,2.4226919491524197,64.26033456120783,92.13756368689208,86.58968375698515,,42.54077511900112,67.10567142481725,31.166666666666668,28.884126613014388,,155.20950780410354,Balanced
174,77927,46041,IN,Frankfort,"Frankfort, IN",Clinton County,204744.26377394152,2.8000953762979917,66.70007631984106,98.853635942566,100.0,,19.90174545049916,67.09109154258125,26.333333333333332,35.8062459356185,,59.78737527916965,Balanced
175,76645,43341,OH,New Bloomington,"Marion, OH",Marion County,198160.93730063413,2.9317643242678963,67.55125627098013,97.92728114867994,100.0,,19.840944687846413,67.0638964215013,27.0,31.874184941010743,,59.53110376416123,Balanced
176,83080,57021,SD,Davis,"Sioux Falls, SD",Turner County,358114.351392923,4.512610761567499,77.77071054630855,42.345993515516426,75.99446826451538,,89.20270818888699,67.06277610304548,67.0,27.33482749491487,,351.8867164328458,Balanced
177,77621,45362,OH,,"Greenville, OH",Darke County,247719.3924977967,6.695299878110495,91.88080441593894,90.05326540064844,82.74281545710247,,20.601408664393443,67.05565878761666,32.666666666666664,28.3216133098457,,62.73641315299382,Balanced
178,77345,44836,OH,Green Springs,"Tiffin, OH",Seneca County,176074.83409972803,7.194546273660244,95.10820563028994,97.00092635479388,67.88773228360083,,25.281407118922406,67.05565427752141,27.666666666666668,26.14940951877054,,82.46232187274236,Balanced
179,77590,45328,OH,Gettysburg,"Greenville, OH",Darke County,137450.53692151222,6.691001164901926,91.85301518730724,90.05326540064844,82.74281545710247,,20.601408664393443,67.05010094189032,32.666666666666664,28.3216133098457,,62.73641315299382,Balanced
180,65204,17834,PA,Kulpmont,"Sunbury, PA",Northumberland County,87849.63206307909,4.47416664661391,77.52218680253824,88.66373320981936,52.0173173393412,,66.88365824131138,67.01737911860204,33.666666666666664,23.828737523520413,,257.8132789616582,Balanced
181,85074,61607,IL,Bartonville,"Peoria, IL",Peoria County,155075.47438261367,7.116408304564313,94.60307914646339,100.0,69.76764918621011,28.232351592901068,42.302455773016305,66.98110713971818,25.166666666666668,26.424302804460005,0.9965254815758762,154.20500626190812,Balanced
182,84719,60935,IL,Essex,"Kankakee, IL",Kankakee County,271936.89900267567,6.646232707982852,91.56360744493158,86.3478462251042,76.61164012677037,,30.19869245661645,66.94435725068452,35.333333333333336,27.425074250404368,,103.1883803667239,Balanced
183,66113,19964,DE,Marydel,"Dover, DE",Kent County,366824.4602371329,6.590741803013901,91.20488394551599,76.15794349235756,100.0,,17.319240564237678,66.93641360042224,42.666666666666664,30.870580184066927,,48.90227432248016,Balanced
184,77609,45348,OH,North Star,"Greenville, OH",Darke County,263043.87502833566,6.5746602638373215,91.10092409817452,90.05326540064844,82.74281545710247,,20.601408664393443,66.89968272406378,32.666666666666664,28.3216133098457,,62.73641315299382,Balanced
185,77592,45331,OH,Greenville,"Greenville, OH",Darke County,190819.25712147888,6.546012570141803,90.91572976879041,90.05326540064844,82.74281545710247,,20.601408664393443,66.86264385818696,32.666666666666664,28.3216133098457,,62.73641315299382,Balanced
186,76514,43084,OH,Woodstock,"Urbana, OH",Champaign County,243489.0705288085,3.316384831821743,70.03765317681395,100.0,94.81405571910192,,19.407238131208235,66.85178940542482,24.0,30.08674606298083,,57.70305701788037,Balanced
187,79228,48463,MI,Otisville,"Flint, MI",Genesee County,230559.60534084783,8.36318517944488,100.0,90.74803149606299,68.36944686673179,20.46506785227146,54.56907869249058,66.83032498151137,32.166666666666664,26.2198488580507,0.9993975282715953,205.9080754744553,Balanced
188,79769,49457,MI,Twin Lake,"Muskegon, MI",Muskegon County,265152.6838167818,3.533838307760351,71.44339114220539,96.53774895785085,89.92665220177297,,26.081062867125986,66.79777103379105,28.0,29.372079148978386,,85.83282219438695,Balanced
189,79773,49461,MI,Whitehall,"Muskegon, MI",Muskegon County,315024.9512922952,3.530745433110193,71.42339711222192,96.53774895785085,89.92665220177297,,26.081062867125986,66.79377222779435,28.0,29.372079148978386,,85.83282219438695,Balanced
190,77361,44853,OH,New Riegel,"Tiffin, OH",Seneca County,236812.57151469807,6.982836289416082,93.73959673029488,97.00092635479388,67.88773228360083,,25.281407118922406,66.78193249752239,27.666666666666668,26.14940951877054,,82.46232187274236,Balanced
191,79732,49415,MI,Fruitport,"Muskegon, MI",Muskegon County,318659.5118090338,3.505634212224356,71.26106447346237,96.53774895785085,89.92665220177297,,26.081062867125986,66.76130570004244,28.0,29.372079148978386,,85.83282219438695,Balanced
192,78552,47354,IN,,"New Castle, IN",Randolph County,196125.1100462236,7.092293229319696,94.44718613687452,87.96896711440482,91.25284831430551,,10.13044320510503,66.75988895413798,34.166666666666664,29.566003894448073,,18.601930873906834,Balanced
193,87057,66042,KS,Richmond,"Ottawa, KS",Franklin County,275044.8939712218,4.884565715977101,80.17523040312904,86.81102362204724,99.52262473361584,,17.163776552659275,66.73453106229029,35.0,30.77526267001745,,48.24700297326982,Balanced
194,76190,42031,KY,Clinton,,Hickman County,117657.89292884944,11.554410175644769,100.0,,,,83.41660342404073,66.68332068480815,,,,327.49863691888635,Balanced
195,77352,44843,OH,Lucas,"Mansfield, OH",Richland County,248319.9913208366,5.418308642972203,83.62563602666567,95.84298286243632,85.27419602676565,,18.62634266829414,66.67383151683237,28.5,28.691767714627815,,54.41163015721497,Balanced
196,65216,17847,PA,Milton,"Sunbury, PA",Northumberland County,217830.2908297761,4.192373593521457,75.7005226906826,88.66373320981936,52.0173173393412,,66.88365824131138,66.65304629623091,33.666666666666664,23.828737523520413,,257.8132789616582,Balanced
197,76644,43340,OH,Mount Victory,"Columbus, OH",Hardin County,214053.36533463505,8.063138092448291,100.0,98.853635942566,100.0,25.78554502405153,8.623542536666728,66.65254470065686,26.333333333333332,32.47348407681053,0.997430217768835,12.250436247540817,Balanced
198,84724,60941,IL,Herscher,"Kankakee, IL",Kankakee County,247352.9938916721,6.381794141279388,89.85413220603634,86.3478462251042,76.61164012677037,,30.19869245661645,66.60246220290547,35.333333333333336,27.425074250404368,,103.1883803667239,Balanced
199,80894,52224,IA,Dysart,"Cedar Rapids, IA",Tama County,238931.65432653585,9.648419610851043,100.0,82.64242704955997,80.96031652921984,41.28808631977306,27.951474930605237,66.56846096583163,38.0,28.060965093776414,0.9916979664451544,93.71649523209987,Balanced
200,80895,52225,IA,Elberon,"Cedar Rapids, IA",Tama County,224978.6954089734,14.261364355485071,100.0,82.64242704955997,80.96031652921984,41.28808631977306,27.951474930605237,66.56846096583163,38.0,28.060965093776414,0.9916979664451544,93.71649523209987,Balanced
201,80811,52046,IA,Farley,"Dubuque, IA",Dubuque County,298093.36603251286,6.897081226690266,93.18522919545613,95.84298286243632,69.284160106544,,24.06293942985177,66.47506231885764,28.5,26.353603987124025,,77.32655470399243,Balanced
202,93519,80734,CO,Holyoke,,Phillips County,257210.93557882405,6.68847664752654,91.83669532898558,,,,90.4482799942009,66.4569950646373,,,,357.1367258023441,Balanced
203,87165,66416,KS,Circleville,"Topeka, KS",Jackson County,239217.9821047893,8.107040452335823,100.0,97.2325150532654,67.47717143595477,,17.564801056601144,66.45489750916427,27.5,26.089374726685726,,49.93729685605614,Balanced
204,87196,66509,KS,Mayetta,"Topeka, KS",Jackson County,295599.25235613127,7.98017058151632,100.0,97.2325150532654,67.47717143595477,,17.564801056601144,66.45489750916427,27.5,26.089374726685726,,49.93729685605614,Balanced
205,76338,42368,KY,,"Owensboro, KY",Ohio County,180785.8761808549,7.871187494158153,99.48238382402572,81.4844835572024,67.59434059823289,,33.63309400503625,66.43886039689946,38.833333333333336,26.106507939305608,,117.66417391864947,Balanced
206,79344,48734,MI,Frankenmuth,"Saginaw, MI",Saginaw County,311116.56201642886,5.279414264524153,82.7277469489165,88.20055581287633,66.24754293323345,,45.00506844809853,66.43618282862496,34.0,25.90957070512428,,165.5963542402213,Balanced
207,86781,65333,MO,Houstonia,"Sedalia, MO",Pettis County,244112.322479406,6.625930437081172,91.43236248383373,67.82075034738304,86.47611161569368,,36.432353459808176,66.43231558134373,48.666666666666664,28.867519379450464,,129.4628821926422,Balanced
208,64650,16617,PA,Bellwood,"Altoona, PA",Blair County,162254.73914034755,12.264206133396502,100.0,66.31542380731818,86.47247323904452,,29.221939086352116,66.40196722654296,49.75,28.866987353109153,,99.07142434403646,Balanced
209,64709,16686,PA,Tyrone,"Altoona, PA",Blair County,182090.9013565807,9.53956250444663,100.0,66.31542380731818,86.47247323904452,,29.221939086352116,66.40196722654296,49.75,28.866987353109153,,99.07142434403646,Balanced
210,64697,16673,PA,Roaring Spring,"Altoona, PA",Blair County,191344.03646420283,8.278066183114229,100.0,66.31542380731818,86.47247323904452,,29.221939086352116,66.40196722654296,49.75,28.866987353109153,,99.07142434403646,Balanced
211,86579,64748,MO,Golden City,"Joplin, MO",Barton County,142976.67951301843,11.121238393462022,100.0,74.30523390458544,68.45798296548053,,39.231936750159925,66.39903072404518,44.0,26.232795163843996,,141.2629554138993,Balanced
212,74553,37916,TN,Knoxville,"Knoxville, TN",Knox County,469773.6911978373,11.682267988302277,100.0,66.89439555349696,100.0,59.112312156618046,5.886286961035119,66.37859893423003,49.333333333333336,32.53614792514818,0.9851072443049699,0.7130705513450136,Balanced
213,76995,44093,OH,Williamsfield,"Ashtabula, OH",Ashtabula County,170384.78143058295,7.58573759647055,97.63707987261935,87.04261232051874,64.35420942947407,,32.77127191976064,66.36103470847456,34.833333333333336,25.632715559542063,,114.03164626891096,Balanced
214,75755,40601,KY,Frankfort,"Frankfort, KY",Franklin County,242124.053507891,5.715481434904526,85.54672316540874,84.26354793886057,94.67601582945326,,17.163776552659275,66.33001269727637,36.833333333333336,30.06656100120014,,48.24700297326982,Balanced
215,79754,49441,MI,Roosevelt Park,"Muskegon, MI",Muskegon County,244390.8890470448,3.1665880378446953,69.0692849340046,96.53774895785085,89.92665220177297,,26.081062867125986,66.3229497921509,28.0,29.372079148978386,,85.83282219438695,Balanced
216,63831,15010,PA,Beaver Falls,"Pittsburgh, PA",Beaver County,186103.408713052,8.167759096831492,100.0,82.87401574803148,81.84528616602078,42.59762097760563,24.185890279194783,66.30056263417055,37.833333333333336,28.19037092594802,0.9912137502361746,77.84478505272443,Balanced
217,63844,15027,PA,Conway,"Pittsburgh, PA",Beaver County,192310.00262695007,8.034036179583898,100.0,82.87401574803148,81.84528616602078,42.59762097760563,24.185890279194783,66.30056263417055,37.833333333333336,28.19037092594802,0.9912137502361746,77.84478505272443,Balanced
218,63855,15043,PA,Georgetown,"Pittsburgh, PA",Beaver County,253348.5063602345,9.42026943581943,100.0,82.87401574803148,81.84528616602078,42.59762097760563,24.185890279194783,66.30056263417055,37.833333333333336,28.19037092594802,0.9912137502361746,77.84478505272443,Balanced
219,63861,15050,PA,Hookstown,"Pittsburgh, PA",Beaver County,263241.2826537148,9.237058387112741,100.0,82.87401574803148,81.84528616602078,42.59762097760563,24.185890279194783,66.30056263417055,37.833333333333336,28.19037092594802,0.9912137502361746,77.84478505272443,Balanced
220,69976,28466,NC,Wallace,"Wilmington, NC",Duplin County,210727.0899080294,4.566779330445736,78.12088574343696,58.55720240852244,94.65817573383538,68.83644183082126,31.317339120373088,66.29800896739783,55.333333333333336,30.063952310095438,0.9815116302612275,107.90340798763272,Balanced
221,65160,17744,PA,Linden,"Williamsport, PA",Lycoming County,251742.1161703072,5.996157722929806,87.36116789828424,83.80037054191754,89.26847880701163,,20.941427905506025,66.27428903054388,37.166666666666664,29.275836891255075,,64.16957356497093,Balanced
222,84697,60910,IL,Kankakee,"Kankakee, IL",Kankakee County,141350.27399932433,6.123200454437573,88.18244146099296,86.3478462251042,76.61164012677037,,30.19869245661645,66.2681240538968,35.333333333333336,27.425074250404368,,103.1883803667239,Balanced
223,77152,44408,OH,Columbiana,"Salem, OH",Columbiana County,241810.4756385394,5.4285585286225855,83.6918968824072,80.09495136637331,78.34547004483657,,38.97460049399542,66.2213837575225,39.833333333333336,27.678605777432175,,140.17829875242745,Balanced
224,64713,16693,PA,Williamsburg,"Altoona, PA",Blair County,175015.02823912373,7.807899447773858,99.07325534643367,66.31542380731818,86.47247323904452,,29.221939086352116,66.2166182958297,49.75,28.866987353109153,,99.07142434403646,Balanced
225,79752,49437,MI,Montague,"Muskegon, MI",Muskegon County,261918.91818728155,3.0784916813584235,68.49978199830366,96.53774895785085,89.92665220177297,,26.081062867125986,66.2090492050107,28.0,29.372079148978386,,85.83282219438695,Balanced
226,77595,45334,OH,Jackson Center,"Sidney, OH",Shelby County,213402.75283836207,10.143771283174923,100.0,78.70541917554422,64.58292431722332,,37.51612986715935,66.16089467198537,40.833333333333336,25.666159690446054,,134.0309338045691,Balanced
227,77594,45333,OH,Houston,"Sidney, OH",Shelby County,281005.8044558409,11.157104087638462,100.0,78.70541917554422,64.58292431722332,,37.51612986715935,66.16089467198537,40.833333333333336,25.666159690446054,,134.0309338045691,Balanced
228,77622,45363,OH,Russia,"Sidney, OH",Shelby County,340133.7528853643,11.39324157207029,100.0,78.70541917554422,64.58292431722332,,37.51612986715935,66.16089467198537,40.833333333333336,25.666159690446054,,134.0309338045691,Balanced
229,77623,45365,OH,Sidney,"Sidney, OH",Shelby County,205632.0246771458,9.26966675755614,100.0,78.70541917554422,64.58292431722332,,37.51612986715935,66.16089467198537,40.833333333333336,25.666159690446054,,134.0309338045691,Balanced
230,77569,45306,OH,Botkins,"Sidney, OH",Shelby County,266703.03044935054,12.79481278478599,100.0,78.70541917554422,64.58292431722332,,37.51612986715935,66.16089467198537,40.833333333333336,25.666159690446054,,134.0309338045691,Balanced
231,77854,45845,OH,Fort Loramie,"Sidney, OH",Shelby County,324706.6032723549,11.219286569493441,100.0,78.70541917554422,64.58292431722332,,37.51612986715935,66.16089467198537,40.833333333333336,25.666159690446054,,134.0309338045691,Balanced
232,77601,45340,OH,Maplewood,"Sidney, OH",Shelby County,284123.542798043,10.178743815871542,100.0,78.70541917554422,64.58292431722332,,37.51612986715935,66.16089467198537,40.833333333333336,25.666159690446054,,134.0309338045691,Balanced
233,77565,45302,OH,Anna,"Sidney, OH",Shelby County,311457.6556359744,10.335312277398462,100.0,78.70541917554422,64.58292431722332,,37.51612986715935,66.16089467198537,40.833333333333336,25.666159690446054,,134.0309338045691,Balanced
234,63843,15026,PA,Clinton,"Pittsburgh, PA",Beaver County,321287.27894549497,7.817107228112727,99.13277946460866,82.87401574803148,81.84528616602078,42.59762097760563,24.185890279194783,66.12711852709228,37.833333333333336,28.19037092594802,0.9912137502361746,77.84478505272443,Balanced
235,77351,44842,OH,Loudonville,"Ashland, OH",Ashland County,228298.966668068,4.579319664607879,78.20195330859924,94.2218619731357,88.77673286226002,,19.424606102505976,66.12503084930019,29.666666666666668,29.203930703120047,,57.776261960103135,Balanced
236,79758,49445,MI,,"Muskegon, MI",Muskegon County,281941.07285378425,2.9956659323371553,67.96435114621625,96.53774895785085,89.92665220177297,,26.081062867125986,66.10196303459321,28.0,29.372079148978386,,85.83282219438695,Balanced
237,85027,61525,IL,Dunlap,"Peoria, IL",Peoria County,363143.9586414553,6.427290642917778,90.14824642688069,100.0,69.76764918621011,28.232351592901068,42.302455773016305,66.09014059580164,25.166666666666668,26.424302804460005,0.9965254815758762,154.20500626190812,Balanced
238,87184,66440,KS,Hoyt,"Topeka, KS",Jackson County,283857.1254917092,7.658878869630913,98.10990498647318,97.2325150532654,67.47717143595477,,17.564801056601144,66.0768785064589,27.5,26.089374726685726,,49.93729685605614,Balanced
239,77444,45107,OH,Blanchester,"Wilmington, OH",Clinton County,258156.56986376765,3.0536284684479678,68.33905261847207,100.0,92.00653265502454,,19.90174545049916,66.04946614479915,23.166666666666668,29.67621236403808,,59.78737527916965,Balanced
240,79686,49318,MI,Casnovia,"Muskegon, MI",Muskegon County,298759.6440380427,2.9348591431371758,67.57126286945724,96.53774895785085,89.92665220177297,,26.081062867125986,66.02334537924142,28.0,29.372079148978386,,85.83282219438695,Balanced
241,80967,52352,IA,Walker,"Cedar Rapids, IA",Linn County,306913.0239035017,7.211936282865519,95.22062414212493,82.64242704955997,80.96031652921984,41.28808631977306,29.968244427022295,66.01593969354002,38.0,28.060965093776414,0.9916979664451544,102.21705594416537,Balanced
242,78575,47385,IN,Spiceland,"New Castle, IN",Henry County,203110.780021042,7.988077800587579,100.0,87.96896711440482,91.25284831430551,,0.7338328454760233,65.99112965483727,34.166666666666664,29.566003894448073,,-21.004210031911295,Balanced
243,74501,37828,TN,Norris,"Knoxville, TN",Anderson County,365253.3157970404,5.998177350794274,87.3742238752135,66.89439555349696,100.0,59.112312156618046,16.47177628687434,65.97054157444057,49.333333333333336,32.53614792514818,0.9851072443049699,45.3302639594555,Balanced
244,79276,48614,MI,Brant,"Saginaw, MI",Saginaw County,202907.9177636304,4.913916735372216,80.3649714137455,88.20055581287633,66.24754293323345,,45.00506844809853,65.96362772159077,34.0,25.90957070512428,,165.5963542402213,Balanced
245,90154,73738,OK,Garber,"Enid, OK",Garfield County,96251.8061787146,2.2428721503907028,63.097881227420906,69.90504863362668,78.58510429268473,,68.21219570926245,65.96004597259896,47.166666666666664,27.71364660591947,,263.412983550921,Balanced
246,78258,46773,IN,Monroeville,"Fort Wayne, IN",Allen County,248765.49970781765,6.733040094321309,92.12477777401301,92.83232978230662,98.12144512503946,31.35795959009002,15.10412004563958,65.90812646341774,30.666666666666668,30.570373365650845,0.9953697503807503,39.56567612108054,Balanced
247,77478,45159,OH,New Vienna,"Wilmington, OH",Clinton County,246732.0546460568,2.932200025570228,67.55407288202584,100.0,92.00653265502454,,19.90174545049916,65.89247019750991,23.166666666666668,29.67621236403808,,59.78737527916965,Balanced
248,69055,26542,WV,Masontown,"Morgantown, WV",Preston County,164765.2298660977,6.062664068462578,87.79110121827979,85.88466882816118,52.56766214963085,,53.114861089988175,65.87165865721201,35.666666666666664,23.909212406720137,,199.7786367653775,Balanced
249,87231,66552,KS,Whiting,"Topeka, KS",Jackson County,194852.0809879548,7.482191743215368,96.96770295670031,97.2325150532654,67.47717143595477,,17.564801056601144,65.84843810050432,27.5,26.089374726685726,,49.93729685605614,Balanced
250,77353,44844,OH,McCutchenville,"Tiffin, OH",Wyandot County,192570.8614496316,7.255889321572376,95.504760576081,97.00092635479388,67.88773228360083,,18.758619777240465,65.83040779834323,27.666666666666668,26.14940951877054,,54.96917012269559,Balanced
251,63824,15001,PA,Aliquippa,"Pittsburgh, PA",Beaver County,191833.8674881019,7.584442297905568,97.62870635565692,82.87401574803148,81.84528616602078,42.59762097760563,24.185890279194783,65.82630390530193,37.833333333333336,28.19037092594802,0.9912137502361746,77.84478505272443,Balanced
252,65168,17754,PA,Montoursville,"Williamsport, PA",Lycoming County,277668.67581405136,5.645862511472585,85.09666844287311,83.80037054191754,89.26847880701163,,20.941427905506025,65.82138913946167,37.166666666666664,29.275836891255075,,64.16957356497093,Balanced
253,79757,49444,MI,Norton Shores,"Muskegon, MI",Muskegon County,179809.44405942355,2.776815541254587,66.54958275882848,96.53774895785085,89.92665220177297,,26.081062867125986,65.81900935711566,28.0,29.372079148978386,,85.83282219438695,Balanced
254,77571,45308,OH,Bradford,"Greenville, OH",Darke County,202794.8790196552,5.732897248239824,85.65930848922537,90.05326540064844,82.74281545710247,,20.601408664393443,65.81135960227395,32.666666666666664,28.3216133098457,,62.73641315299382,Balanced
255,74106,37019,TN,Belfast,"Lewisburg, TN",Marshall County,316370.9418966592,7.496115942339208,97.05771658035735,67.82075034738304,100.0,,14.158277788780646,65.80734894330422,48.666666666666664,32.822091984371355,,35.57900856053363,Balanced
256,87207,66523,KS,Osage City,"Topeka, KS",Osage County,185568.9716870938,5.32039404257733,82.99266260305362,97.2325150532654,67.47717143595477,,31.325976728067545,65.80566516406827,27.5,26.089374726685726,,107.93981497848823,Balanced
257,76816,43734,OH,Duncan Falls,"Zanesville, OH",Muskingum County,210896.51829552185,3.209831525790294,69.34883444453179,82.41083835108847,100.0,,27.132862089505966,65.77850697702524,38.166666666666664,32.68581936009434,,90.2660919173912,Balanced
258,90152,73736,OK,,"Enid, OK",Garfield County,228801.5981904422,2.078286287548962,62.033908370860715,69.90504863362668,78.58510429268473,,68.21219570926245,65.74725140128692,47.166666666666664,27.71364660591947,,263.412983550921,Balanced
259,77585,45323,OH,Enon,"Springfield, OH",Clark County,234941.5813307895,5.685401400198191,85.35226940188772,89.59008800370542,94.74989790887327,,8.992592306406888,65.73696952417465,33.0,30.077364504023667,,13.805958571248794,Balanced
260,76866,43830,OH,Frazeysburg,"Zanesville, OH",Muskingum County,299179.8503433999,3.16953501661119,69.08833581335882,82.41083835108847,100.0,,27.132862089505966,65.72640725079066,38.166666666666664,32.68581936009434,,90.2660919173912,Balanced
261,77330,44813,OH,Bellville,"Mansfield, OH",Richland County,272208.8006805352,4.676493011019154,78.83013486184805,95.84298286243632,85.27419602676565,,18.62634266829414,65.71473128386884,28.5,28.691767714627815,,54.41163015721497,Balanced
262,75106,39040,MS,,"Jackson, MS",Yazoo County,150646.41515553105,6.503503733094443,90.64092944267844,58.55720240852244,57.76438516843895,65.36161760526139,56.223922930985815,65.7096115111774,55.333333333333336,24.6691099657428,0.98279648836201,212.88314324661854,Balanced
263,78517,47280,IN,Taylorsville,"Columbus, IN",Bartholomew County,190602.24612604445,3.8747300460601917,73.64710141424378,89.3584993052339,100.0,,15.428791088050694,65.68687836150568,33.166666666666664,31.708138072882107,,40.93414480943011,Balanced
264,65183,17776,PA,Waterville,"Williamsport, PA",Lycoming County,181830.66961672105,5.529128874123491,84.34203849202245,83.80037054191754,89.26847880701163,,20.941427905506025,65.67046314929154,37.166666666666664,29.275836891255075,,64.16957356497093,Balanced
265,69137,26764,WV,Terra Alta,"Morgantown, WV",Preston County,172799.17874955715,5.902088017950714,86.75304997737496,85.88466882816118,52.56766214963085,,53.114861089988175,65.66404840903104,35.666666666666664,23.909212406720137,,199.7786367653775,Balanced
266,79250,48519,MI,Burton,"Flint, MI",Genesee County,178120.13143531248,7.049102397159318,94.16797702208514,90.74803149606299,68.36944686673179,20.46506785227146,54.56907869249058,65.66392038592839,32.166666666666664,26.2198488580507,0.9993975282715953,205.9080754744553,Balanced
267,79249,48509,MI,Burton,"Flint, MI",Genesee County,176522.80086649617,7.031446686341641,94.05384086999445,90.74803149606299,68.36944686673179,20.46506785227146,54.56907869249058,65.64109315551025,32.166666666666664,26.2198488580507,0.9993975282715953,205.9080754744553,Balanced
268,74823,38454,TN,Duck River,,Hickman County,282271.7347222558,7.142770663509143,94.77349982456967,,,,83.41660342404073,65.63802064972208,,,,327.49863691888635,Balanced
269,79223,48457,MI,Montrose,"Flint, MI",Genesee County,202602.831757186,7.025000923159749,94.01217193836851,90.74803149606299,68.36944686673179,20.46506785227146,54.56907869249058,65.63275936918507,32.166666666666664,26.2198488580507,0.9993975282715953,205.9080754744553,Balanced
270,80810,52045,IA,,"Dubuque, IA",Dubuque County,310551.27134287806,6.216720998033609,88.78700930296257,95.84298286243632,69.284160106544,,24.06293942985177,65.59541834035893,28.5,26.353603987124025,,77.32655470399243,Balanced
271,80923,52305,IA,Martelle,"Cedar Rapids, IA",Jones County,277093.3550219764,6.071248263671561,87.84659414179141,82.64242704955997,80.96031652921984,41.28808631977306,35.11868050954296,65.57122090997746,38.0,28.060965093776414,0.9916979664451544,123.92583064095692,Balanced
272,82480,55909,MN,Adams,"Austin, MN",Mower County,239623.5950078652,8.989972873298191,100.0,75.46317739694302,72.21425601159228,,30.088389649830322,65.55316461167313,43.166666666666664,26.782061058607347,,102.7234607477677,Balanced
273,82529,55970,MN,Rose Creek,"Austin, MN",Mower County,291943.8858961456,9.307967559508581,100.0,75.46317739694302,72.21425601159228,,30.088389649830322,65.55316461167313,43.166666666666664,26.782061058607347,,102.7234607477677,Balanced
274,82514,55953,MN,Lyle,"Austin, MN",Mower County,197256.2755578592,10.367344363962527,100.0,75.46317739694302,72.21425601159228,,30.088389649830322,65.55316461167313,43.166666666666664,26.782061058607347,,102.7234607477677,Balanced
275,82484,55918,MN,Brownsdale,"Austin, MN",Mower County,197210.6925395974,9.213166851527966,100.0,75.46317739694302,72.21425601159228,,30.088389649830322,65.55316461167313,43.166666666666664,26.782061058607347,,102.7234607477677,Balanced
276,79364,48757,MI,Reese,"Saginaw, MI",Tuscola County,213107.07705177632,8.468805240707928,100.0,88.20055581287633,66.24754293323345,,23.212335572945687,65.53208686381109,34.0,25.90957070512428,,73.74131120423057,Balanced
277,79626,49240,MI,Grass Lake,"Jackson, MI",Jackson County,330828.4636798208,6.084850984473239,87.93452955409514,87.73737841593329,84.3666240696784,,17.564801056601144,65.5206666192616,34.333333333333336,28.559056828876933,,49.93729685605614,Balanced
278,77694,45503,OH,Springfield,"Springfield, OH",Clark County,188375.7089799953,5.51037521489336,84.22080460207879,89.59008800370542,94.74989790887327,,8.992592306406888,65.51067656421287,33.0,30.077364504023667,,13.805958571248794,Balanced
279,80928,52310,IA,Monticello,"Cedar Rapids, IA",Jones County,220032.03696683425,5.993912170472142,87.34665142146366,82.64242704955997,80.96031652921984,41.28808631977306,35.11868050954296,65.47123236591192,38.0,28.060965093776414,0.9916979664451544,123.92583064095692,Balanced
280,87204,66520,KS,Olsburg,"Manhattan, KS",Pottawatomie County,280628.60242488654,8.502627477876613,100.0,80.32654006484483,62.233473085035854,,34.76719164715269,65.46544095940668,39.666666666666664,25.322608138839303,,122.44432647319185,Balanced
281,80792,52001,IA,Dubuque,"Dubuque, IA",Dubuque County,200932.0619736378,6.101634162139842,88.0430251756253,95.84298286243632,69.284160106544,,24.06293942985177,65.44662151489148,28.5,26.353603987124025,,77.32655470399243,Balanced
282,65150,17728,PA,Cogan Station,"Williamsport, PA",Lycoming County,273144.8927432688,5.343716474135148,83.14343153118664,83.80037054191754,89.26847880701163,,20.941427905506025,65.43074175712437,37.166666666666664,29.275836891255075,,64.16957356497093,Balanced
283,65158,17740,PA,Jersey Shore,"Williamsport, PA",Lycoming County,210775.8233341025,5.294553744386782,82.82561681062975,83.80037054191754,89.26847880701163,,20.941427905506025,65.367178813013,37.166666666666664,29.275836891255075,,64.16957356497093,Balanced
284,87194,66507,KS,Maple Hill,"Topeka, KS",Wabaunsee County,288296.4892502585,5.207980465339557,82.26595987886624,97.2325150532654,67.47717143595477,,29.798922340300166,65.35491374167731,27.5,26.089374726685726,,101.5033736514531,Balanced
285,78221,46705,IN,Ashley,"Auburn, IN",De Kalb County,188556.7712871124,6.985616266012262,93.75756801646212,94.68503937007874,68.56226703738137,,19.76551415644098,65.35407771607264,29.333333333333332,26.248044237422786,,59.21316866404472,Balanced
286,83126,57070,SD,Viborg,"Sioux Falls, SD",Turner County,247714.2047372721,3.1892745635201836,69.2159430194052,42.345993515516426,75.99446826451538,,89.20270818888699,65.3518225976648,67.0,27.33482749491487,,351.8867164328458,Balanced
287,67963,24070,VA,Catawba,"Roanoke, VA",Craig County,338123.8831199079,3.1370525308499895,68.87835129484188,78.2422417786012,100.0,34.52937323412631,45.058600653723005,65.34171339225848,41.166666666666664,33.11355642455492,0.9941970819961169,165.82198922962888,Balanced
288,95274,87042,NM,Los Lunas,"Albuquerque, NM",Valencia County,397519.2884377231,6.474029697741217,90.45039318976052,78.47383047707271,100.0,37.57870140352734,20.19243426842624,65.33907186775735,41.0,31.283354714289107,0.9930695561858673,61.012610959051585,Balanced
289,76839,43767,OH,Norwich,"Zanesville, OH",Muskingum County,270566.37359806645,2.8647370312398523,67.11795526201608,82.41083835108847,100.0,,27.132862089505966,65.33233114052211,38.166666666666664,32.68581936009434,,90.2660919173912,Balanced
290,80817,52053,IA,,"Dubuque, IA",Dubuque County,323428.2154306423,6.0088254327988,87.44305888954361,95.84298286243632,69.284160106544,,24.06293942985177,65.32662825767514,28.5,26.353603987124025,,77.32655470399243,Balanced
291,85215,61876,IL,Sidell,"Danville, IL",Vermilion County,98825.17972416356,9.120768179214108,100.0,100.0,31.96436398046114,,44.5365454393653,65.30018188396528,25.0,20.89646842750398,,163.62155826685301,Balanced
292,85170,61817,IL,Danville,"Danville, IL",Vermilion County,160119.76862948926,8.51184487526259,100.0,100.0,31.96436398046114,,44.5365454393653,65.30018188396528,25.0,20.89646842750398,,163.62155826685301,Balanced
293,85220,61883,IL,Westville,"Danville, IL",Vermilion County,99357.552149374,8.239928017061352,100.0,100.0,31.96436398046114,,44.5365454393653,65.30018188396528,25.0,20.89646842750398,,163.62155826685301,Balanced
294,85188,61844,IL,Fithian,"Danville, IL",Vermilion County,170183.01816360137,8.187674171021861,100.0,100.0,31.96436398046114,,44.5365454393653,65.30018188396528,25.0,20.89646842750398,,163.62155826685301,Balanced
295,85190,61846,IL,Georgetown,"Danville, IL",Vermilion County,100347.11733857592,10.576522754290115,100.0,100.0,31.96436398046114,,44.5365454393653,65.30018188396528,25.0,20.89646842750398,,163.62155826685301,Balanced
296,85185,61841,IL,Fairmount,"Danville, IL",Vermilion County,154183.58176333827,8.44836334781545,100.0,100.0,31.96436398046114,,44.5365454393653,65.30018188396528,25.0,20.89646842750398,,163.62155826685301,Balanced
297,85181,61833,IL,Danville,"Danville, IL",Vermilion County,73890.90345218846,11.034200100491981,100.0,100.0,31.96436398046114,,44.5365454393653,65.30018188396528,25.0,20.89646842750398,,163.62155826685301,Balanced
298,65180,17772,PA,Turbotville,"Sunbury, PA",Northumberland County,251462.40121867607,3.1171549469494946,68.749722451418,88.66373320981936,52.0173173393412,,66.88365824131138,65.26288624837798,33.666666666666664,23.828737523520413,,257.8132789616582,Balanced
299,77373,44867,OH,Republic,"Tiffin, OH",Seneca County,214316.67617641544,5.8060362117215245,86.1321186720556,97.00092635479388,67.88773228360083,,25.281407118922406,65.26043688587454,27.666666666666668,26.14940951877054,,82.46232187274236,Balanced
300,65140,17701,PA,Williamsport,"Williamsport, PA",Lycoming County,192277.98667751308,5.205817454832727,82.25197699827136,83.80037054191754,89.26847880701163,,20.941427905506025,65.25245085054132,37.166666666666664,29.275836891255075,,64.16957356497093,Balanced
301,78583,47396,IN,Yorktown,"Muncie, IN",Delaware County,244401.53056237564,5.928182657601398,86.92173997182937,89.82167670217693,85.89990932092816,,13.460147714940529,65.22069474197501,32.833333333333336,28.78326345206875,,32.63643277875006,Balanced
302,78690,47598,IN,Winslow,"Jasper, IN",Pike County,165716.54711141213,13.437000145813819,100.0,60.178323297823056,64.16306735023399,,51.72278173380417,65.21283447637225,54.166666666666664,25.604765561261345,,193.9111069835764,Balanced
303,78683,47585,IN,Stendal,"Jasper, IN",Pike County,219326.88141788985,7.994848778303219,100.0,60.178323297823056,64.16306735023399,,51.72278173380417,65.21283447637225,54.166666666666664,25.604765561261345,,193.9111069835764,Balanced
304,74174,37098,TN,Lyles,,Hickman County,254231.25081641308,6.813792291905664,92.64680405776471,,,,83.41660342404073,65.2126814963611,,,,327.49863691888635,Balanced
305,65155,17737,PA,Hughesville,"Williamsport, PA",Lycoming County,244192.6984890616,5.166576368642301,81.99830119739957,83.80037054191754,89.26847880701163,,20.941427905506025,65.20171569036695,37.166666666666664,29.275836891255075,,64.16957356497093,Balanced
306,65225,17860,PA,Paxinos,"Sunbury, PA",Northumberland County,267851.29943436914,3.054833863512549,68.34684495013411,88.66373320981936,52.0173173393412,,66.88365824131138,65.18231074812121,33.666666666666664,23.828737523520413,,257.8132789616582,Balanced
307,77626,45369,OH,,"Springfield, OH",Clark County,294589.3136735905,5.255874626930125,82.57557388240353,89.59008800370542,94.74989790887327,,8.992592306406888,65.18163042027783,33.0,30.077364504023667,,13.805958571248794,Balanced
308,76529,43113,OH,Circleville,"Columbus, OH",Pickaway County,276692.0326113889,5.7691746051746815,85.89382512643829,98.853635942566,100.0,25.78554502405153,15.279038774372683,65.16240897348571,26.333333333333332,32.47348407681053,0.997430217768835,40.30294791932752,Balanced
309,63850,15034,PA,Dravosburg,"Pittsburgh, PA",Allegheny County,114726.259546021,8.400769858328983,100.0,82.87401574803148,81.84528616602078,42.59762097760563,18.481860003443842,65.15975657902035,37.833333333333336,28.19037092594802,0.9912137502361746,53.80264451627635,Balanced
310,63828,15006,PA,Bairdford,"Pittsburgh, PA",Allegheny County,183381.5798687531,9.498959841041271,100.0,82.87401574803148,81.84528616602078,42.59762097760563,18.481860003443842,65.15975657902035,37.833333333333336,28.19037092594802,0.9912137502361746,53.80264451627635,Balanced
311,63859,15047,PA,Greenock,"Pittsburgh, PA",Allegheny County,151430.91476398168,12.229366135129034,100.0,82.87401574803148,81.84528616602078,42.59762097760563,18.481860003443842,65.15975657902035,37.833333333333336,28.19037092594802,0.9912137502361746,53.80264451627635,Balanced
312,78218,46702,IN,Andrews,"Huntington, IN",Huntington County,188930.3861474557,5.286199604209755,82.77161108842016,81.71607225567392,89.40980808527637,,21.860916533425577,65.1516815925592,38.666666666666664,29.296502948149605,,68.04516218309014,Balanced
313,80819,52056,IA,Luxemburg,"Dubuque, IA",Dubuque County,226727.0576117883,5.870089252303299,86.54619248971203,95.84298286243632,69.284160106544,,24.06293942985177,65.14725497770883,28.5,26.353603987124025,,77.32655470399243,Balanced
314,76873,43844,OH,Warsaw,"Coshocton, OH",Coshocton County,208118.230658429,6.959777344364832,93.59053112276435,93.52709587772117,63.202713034992584,,25.413693885241113,65.14680678414385,30.166666666666668,25.464336506776892,,83.01990254345993,Balanced
315,77605,45344,OH,New Carlisle,"Springfield, OH",Clark County,207239.41699787896,5.2212061039862885,82.35145762629018,89.59008800370542,94.74989790887327,,8.992592306406888,65.13680716905515,33.0,30.077364504023667,,13.805958571248794,Balanced
316,84700,60913,IL,Bonfield,"Kankakee, IL",Kankakee County,296582.9454933128,5.248053549735878,82.52501417028694,86.3478462251042,76.61164012677037,,30.19869245661645,65.1366385957556,35.333333333333336,27.425074250404368,,103.1883803667239,Balanced
317,79673,49303,MI,Bailey,"Muskegon, MI",Muskegon County,274881.0509127747,2.2440168475277003,63.10528117454709,96.53774895785085,89.92665220177297,,26.081062867125986,65.13014904025938,28.0,29.372079148978386,,85.83282219438695,Balanced
318,77366,44859,OH,Nova,"Ashland, OH",Ashland County,291221.8855834561,3.789063563685424,73.09330651114578,94.2218619731357,88.77673286226002,,19.424606102505976,65.1033014898095,29.666666666666668,29.203930703120047,,57.776261960103135,Balanced
319,67957,24064,VA,Blue Ridge,"Roanoke, VA",Botetourt County,298456.21144419926,3.9801658155697655,74.3286957804415,78.2422417786012,100.0,34.52937323412631,38.3590242737605,65.09186701338591,41.166666666666664,33.11355642455492,0.9941970819961169,137.5836824403962,Balanced
320,78247,46760,IN,Kimmell,"Kendallville, IN",Noble County,236418.6945530756,5.773008274606535,85.91860805825327,87.04261232051874,88.68273094815231,,13.763556126995665,65.081501490784,34.833333333333336,29.19018515139151,,33.91528077392657,Balanced
321,78240,46745,IN,Hoagland,"Fort Wayne, IN",Allen County,304458.617474076,6.080110022204225,87.90388138613518,92.83232978230662,98.12144512503946,31.35795959009002,15.10412004563958,65.06394718584218,30.666666666666668,30.570373365650845,0.9953697503807503,39.56567612108054,Balanced
322,78483,47201,IN,Columbus,"Columbus, IN",Bartholomew County,263703.8782087176,3.383085129154198,70.46884030711118,89.3584993052339,100.0,,15.428791088050694,65.05122614007915,33.166666666666664,31.708138072882107,,40.93414480943011,Balanced
323,65169,17756,PA,Muncy,"Williamsport, PA",Lycoming County,265188.46052778,5.048543305383361,81.23527104817637,83.80037054191754,89.26847880701163,,20.941427905506025,65.04910966052232,37.166666666666664,29.275836891255075,,64.16957356497093,Balanced
324,77379,44880,OH,Sullivan,"Ashland, OH",Ashland County,280278.7484418912,3.7447364348074634,72.80675175412667,94.2218619731357,88.77673286226002,,19.424606102505976,65.04599053840568,29.666666666666668,29.203930703120047,,57.776261960103135,Balanced
325,77730,45653,OH,Minford,"Portsmouth, OH",Scioto County,192459.3629562149,9.190946666995387,100.0,74.07364520611394,60.03042889993849,,41.0638537399047,65.03358556919143,44.166666666666664,25.000465147454992,,148.9843740581495,Balanced
326,77761,45694,OH,Wheelersburg,"Portsmouth, OH",Scioto County,190026.75542324127,8.268655345525097,100.0,74.07364520611394,60.03042889993849,,41.0638537399047,65.03358556919143,44.166666666666664,25.000465147454992,,148.9843740581495,Balanced
327,77712,45629,OH,Franklin Furnace,"Portsmouth, OH",Scioto County,167850.29942892664,8.920708646602389,100.0,74.07364520611394,60.03042889993849,,41.0638537399047,65.03358556919143,44.166666666666664,25.000465147454992,,148.9843740581495,Balanced
328,67967,24077,VA,Troutville,"Roanoke, VA",Botetourt County,260511.1621006305,3.934951036185402,74.0364027660252,78.2422417786012,100.0,34.52937323412631,38.3590242737605,65.03340841050264,41.166666666666664,33.11355642455492,0.9941970819961169,137.5836824403962,Balanced
329,87159,66409,KS,Berryton,"Topeka, KS",Shawnee County,363946.9720227022,4.355737494031551,76.75659611572321,97.2325150532654,67.47717143595477,,33.65086684382859,65.0234298897544,27.5,26.089374726685726,,117.73908535272682,Balanced
330,90151,73735,OK,Drummond,"Enid, OK",Garfield County,160429.38096225934,1.4785026566317951,58.15657958887049,69.90504863362668,78.58510429268473,,68.21219570926245,64.97178564488887,47.166666666666664,27.71364660591947,,263.412983550921,Balanced
331,84740,60960,IL,Rankin,"Danville, IL",Vermilion County,95029.5756092131,7.686932935671607,98.29126178266502,100.0,31.96436398046114,,44.5365454393653,64.95843424049829,25.0,20.89646842750398,,163.62155826685301,Balanced
332,65184,17777,PA,Watsontown,"Sunbury, PA",Northumberland County,229215.07540807745,2.877475882779703,67.20030615186855,88.66373320981936,52.0173173393412,,66.88365824131138,64.9530029884681,33.666666666666664,23.828737523520413,,257.8132789616582,Balanced
333,80976,52401,IA,Cedar Rapids,"Cedar Rapids, IA",Linn County,118156.91118009744,6.387026496647989,89.88795700721882,82.64242704955997,80.96031652921984,41.28808631977306,29.968244427022295,64.9494062665588,38.0,28.060965093776414,0.9916979664451544,102.21705594416537,Balanced
334,64251,15692,PA,Westmoreland City,"Pittsburgh, PA",Westmoreland County,173895.70469224337,12.183274120346558,100.0,82.87401574803148,81.84528616602078,42.59762097760563,17.35142186397199,64.93366895112598,37.833333333333336,28.19037092594802,0.9912137502361746,49.03791654270944,Balanced
335,64234,15675,PA,Penn,"Pittsburgh, PA",Westmoreland County,129476.80888657107,15.043182622170209,100.0,82.87401574803148,81.84528616602078,42.59762097760563,17.35142186397199,64.93366895112598,37.833333333333336,28.19037092594802,0.9912137502361746,49.03791654270944,Balanced
336,64237,15678,PA,Rillton,"Pittsburgh, PA",Westmoreland County,177839.13702884316,26.599483839536852,100.0,82.87401574803148,81.84528616602078,42.59762097760563,17.35142186397199,64.93366895112598,37.833333333333336,28.19037092594802,0.9912137502361746,49.03791654270944,Balanced
337,74425,37694,TN,Watauga,"Johnson City, TN",Carter County,233995.1207513051,6.32237096442025,89.46998835469296,74.30523390458544,100.0,,10.87325268707903,64.92969498927148,44.0,34.38620814854661,,21.73282764234553,Balanced
338,87990,68419,NE,Panama,"Lincoln, NE",Lancaster County,262769.74135328946,5.475520346235524,83.99548370555338,93.52709587772117,81.39407572968189,,15.729455938554093,64.9292222503021,30.166666666666668,28.124392095069688,,42.201428859604825,Balanced
339,70400,29320,SC,Spartanburg,"Spartanburg, SC",Spartanburg County,120410.41965402836,6.100788146397177,88.03755606806722,62.262621584066686,100.0,57.374314332003095,16.93868867926183,64.92263613267977,52.666666666666664,31.068293907115454,0.9857498899293652,47.29827128292843,Balanced
340,77486,45169,OH,Sabina,"Wilmington, OH",Clinton County,203153.0095815209,2.173059282848437,62.64657274429178,100.0,92.00653265502454,,19.90174545049916,64.91097016996311,23.166666666666668,29.67621236403808,,59.78737527916965,Balanced
341,77698,45601,OH,Chillicothe,"Chillicothe, OH",Ross County,194214.2074744237,3.3188079166984257,70.05331732009708,87.50578971746178,90.80310360791697,,26.19160593684689,64.91076331646454,34.5,29.5002393918315,,86.29875450699384,Balanced
342,79765,49453,MI,Saugatuck,"Holland, MI",Allegan County,606449.6860690258,6.718091768627725,92.02814363718993,89.82167670217693,75.48816844872697,,17.176562487765754,64.90291025517192,32.833333333333336,27.260793148123863,,48.30089491175175,Balanced
343,77269,44657,OH,Minerva,"Salem, OH",Columbiana County,181532.26331774032,4.405124201898326,77.0758587530959,80.09495136637331,78.34547004483657,,38.97460049399542,64.89817613166025,39.833333333333336,27.678605777432175,,140.17829875242745,Balanced
344,82492,55926,MN,Dexter,"Austin, MN",Mower County,282279.4063892364,7.44118006806042,96.70258110228632,75.46317739694302,72.21425601159228,,30.088389649830322,64.89368083213039,43.166666666666664,26.782061058607347,,102.7234607477677,Balanced
345,88055,68532,NE,Lincoln,"Lincoln, NE",Lancaster County,559248.9992610156,5.412114171808116,83.58559158381051,93.52709587772117,81.39407572968189,,15.729455938554093,64.84724382595353,30.166666666666668,28.124392095069688,,42.201428859604825,Balanced
346,88033,68503,NE,Lincoln,"Lincoln, NE",Lancaster County,193561.62269972576,5.410509532010908,83.57521831626913,93.52709587772117,81.39407572968189,,15.729455938554093,64.84516917244525,30.166666666666668,28.124392095069688,,42.201428859604825,Balanced
347,399594,49037,MI,Battle Creek,"Battle Creek, MI",Calhoun County,125113.4090674999,6.891134142439098,93.14678399664216,93.52709587772117,70.18479014320687,,17.212284227309308,64.8141908489759,30.166666666666668,26.485299781563263,,48.45145987035016,Balanced
348,87221,66540,KS,Soldier,"Topeka, KS",Jackson County,282928.60688783583,6.675206346105565,91.75090885700978,97.2325150532654,67.47717143595477,,17.564801056601144,64.80507928056622,27.5,26.089374726685726,,49.93729685605614,Balanced
349,77593,45332,OH,Hollansburg,"Greenville, OH",Darke County,130270.27103666836,4.952236048276082,80.61268836894324,90.05326540064844,82.74281545710247,,20.601408664393443,64.80203557821753,32.666666666666664,28.3216133098457,,62.73641315299382,Balanced
350,80836,52079,IA,Zwingle,"Dubuque, IA",Jackson County,369797.1334528625,6.6075528778319095,91.31355990946048,95.84298286243632,69.284160106544,,17.564801056601144,64.80110078700838,28.5,26.353603987124025,,49.93729685605614,Balanced
351,80888,52218,IA,Coggon,"Cedar Rapids, IA",Linn County,231773.8905059325,6.267140827528986,89.11295060247173,82.64242704955997,80.96031652921984,41.28808631977306,29.968244427022295,64.79440498560938,38.0,28.060965093776414,0.9916979664451544,102.21705594416537,Balanced
352,87220,66539,KS,Silver Lake,"Topeka, KS",Shawnee County,268624.3105976198,4.174995945974818,75.58818409135665,97.2325150532654,67.47717143595477,,33.65086684382859,64.78974748488108,27.5,26.089374726685726,,117.73908535272682,Balanced
353,79638,49254,MI,Michigan Center,"Jackson, MI",Jackson County,198245.17168418,5.5048443643980285,84.18505016546364,87.73737841593329,84.3666240696784,,17.564801056601144,64.7707707415353,34.333333333333336,28.559056828876933,,49.93729685605614,Balanced
354,78276,46793,IN,Waterloo,"Auburn, IN",De Kalb County,240941.5802708545,6.509495216699143,90.67966166314902,94.68503937007874,68.56226703738137,,19.76551415644098,64.73849644541002,29.333333333333332,26.248044237422786,,59.21316866404472,Balanced
355,88045,68520,NE,Lincoln,"Lincoln, NE",Lancaster County,577853.2843847944,5.32593351353098,83.02847276701681,93.52709587772117,81.39407572968189,,15.729455938554093,64.7358200625948,30.166666666666668,28.124392095069688,,42.201428859604825,Balanced
356,79652,49269,MI,Parma,"Jackson, MI",Jackson County,248776.2779617456,5.477577901240941,84.00878486422427,87.73737841593329,84.3666240696784,,17.564801056601144,64.73551768128742,34.333333333333336,28.559056828876933,,49.93729685605614,Balanced
357,78528,47320,IN,Albany,"Muncie, IN",Delaware County,184893.98943924264,5.551522207560032,84.48680122275157,89.82167670217693,85.89990932092816,,13.460147714940529,64.73370699215944,32.833333333333336,28.78326345206875,,32.63643277875006,Balanced
358,79605,49129,MI,Union Pier,"Niles, MI",Berrien County,758063.0966992354,7.908868787352446,99.7259762715579,79.40018527095876,72.93015349858084,,21.596798638042507,64.730622735828,40.333333333333336,26.886744096534166,,66.93192132495766,Balanced
359,76988,44085,OH,,"Ashtabula, OH",Ashtabula County,241082.2745319643,6.320886810085858,89.46039397095018,87.04261232051874,64.35420942947407,,32.77127191976064,64.72569752814073,34.833333333333336,25.632715559542063,,114.03164626891096,Balanced
360,76951,44032,OH,Dorset,"Ashtabula, OH",Ashtabula County,182741.7428991507,6.315510221488478,89.42563676744722,87.04261232051874,64.35420942947407,,32.77127191976064,64.71874608744014,34.833333333333336,25.632715559542063,,114.03164626891096,Balanced
361,79763,49451,MI,Ravenna,"Muskegon, MI",Muskegon County,288292.67125938385,1.9244890334353357,61.039678970078384,96.53774895785085,89.92665220177297,,26.081062867125986,64.71702859936565,28.0,29.372079148978386,,85.83282219438695,Balanced
362,87226,66546,KS,Wakarusa,"Topeka, KS",Shawnee County,312486.3566935861,4.118028412999,75.21991486248766,97.2325150532654,67.47717143595477,,33.65086684382859,64.71609363910729,27.5,26.089374726685726,,117.73908535272682,Balanced
363,84855,61250,IL,Erie,"Sterling, IL",Whiteside County,170253.56216453036,10.428303894688007,100.0,88.66373320981936,58.827092970869025,,26.0886173147512,64.71588869908793,33.666666666666664,24.824505791554227,,85.86466373145815,Balanced
364,84840,61230,IL,Albany,"Sterling, IL",Whiteside County,164236.2390123928,9.44686826874476,100.0,88.66373320981936,58.827092970869025,,26.0886173147512,64.71588869908793,33.666666666666664,24.824505791554227,,85.86466373145815,Balanced
365,84870,61270,IL,Morrison,"Sterling, IL",Whiteside County,161109.15089683238,8.58509379321756,100.0,88.66373320981936,58.827092970869025,,26.0886173147512,64.71588869908793,33.666666666666664,24.824505791554227,,85.86466373145815,Balanced
366,84876,61277,IL,Prophetstown,"Sterling, IL",Whiteside County,158231.70061676265,8.28659080303525,100.0,88.66373320981936,58.827092970869025,,26.0886173147512,64.71588869908793,33.666666666666664,24.824505791554227,,85.86466373145815,Balanced
367,76649,43345,OH,Ridgeway,"Bellefontaine, OH",Hardin County,231734.1969153825,7.965886959366028,100.0,81.25289485873088,83.6830189315296,,8.623542536666728,64.71189126538545,39.0,28.459095781514097,,12.250436247540817,Balanced
368,76982,44076,OH,Orwell,"Ashtabula, OH",Ashtabula County,222916.7526796112,6.305207891773216,89.35903688464371,87.04261232051874,64.35420942947407,,32.77127191976064,64.70542611087944,34.833333333333336,25.632715559542063,,114.03164626891096,Balanced
369,78520,47283,IN,Westport,"Greensburg, IN",Decatur County,231821.042093182,5.875652284305329,86.58215496515274,,100.0,,36.79067162998733,64.67456531902802,,31.221922232271115,,130.97317147719127,Balanced
370,87976,68402,NE,Malcolm,"Lincoln, NE",Lancaster County,499726.0462698668,5.261840977255386,82.61414362763682,93.52709587772117,81.39407572968189,,15.729455938554093,64.65295423471879,30.166666666666668,28.124392095069688,,42.201428859604825,Balanced
371,79755,49442,MI,Muskegon,"Muskegon, MI",Muskegon County,172575.1427760067,1.8717667323865483,60.69885323764446,96.53774895785085,89.92665220177297,,26.081062867125986,64.64886345287886,28.0,29.372079148978386,,85.83282219438695,Balanced
372,76629,43321,OH,Cardington,"Columbus, OH",Morrow County,184469.84658065,4.6795879198465755,78.85014204186369,98.853635942566,100.0,25.78554502405153,19.644436426949316,64.62675188708612,26.333333333333332,32.47348407681053,0.997430217768835,58.70283340151155,Balanced
373,79753,49440,MI,Muskegon,"Muskegon, MI",Muskegon County,350530.97072205506,1.8503341357068672,60.56030123372958,96.53774895785085,89.92665220177297,,26.081062867125986,64.62115305209588,28.0,29.372079148978386,,85.83282219438695,Balanced
374,87935,68336,NE,Davey,"Lincoln, NE",Lancaster County,459233.69447797816,5.224811115981055,82.37476239161924,93.52709587772117,81.39407572968189,,15.729455938554093,64.60507798751527,30.166666666666668,28.124392095069688,,42.201428859604825,Balanced
375,67971,24083,VA,Daleville,"Roanoke, VA",Botetourt County,452734.89456784,3.6004577220676746,71.8740554004782,78.2422417786012,100.0,34.52937323412631,38.3590242737605,64.60093893739324,41.166666666666664,33.11355642455492,0.9941970819961169,137.5836824403962,Balanced
376,78867,47965,IN,New Market,"Crawfordsville, IN",Montgomery County,169915.19673727718,6.133234897510716,88.24730957831595,89.82167670217693,91.45915092342408,,3.4542426472353247,64.59647597023046,32.833333333333336,29.5961707608602,,-9.537848247564453,Balanced
377,87229,66549,KS,Westmoreland,"Manhattan, KS",Pottawatomie County,281694.2236599451,7.277855644701058,95.64676287909664,80.32654006484483,62.233473085035854,,34.76719164715269,64.594793535226,39.666666666666664,25.322608138839303,,122.44432647319185,Balanced
378,85578,62601,IL,Alexander,"Jacksonville, IL",Morgan County,150587.55008516845,9.544417716272408,100.0,95.14821676702176,61.13759477412126,,16.644500696357944,64.5860624475002,29.0,25.162361912431635,,46.058286835584624,Balanced
379,85639,62695,IL,Woodson,"Jacksonville, IL",Morgan County,117933.4004903173,12.50466513565838,100.0,95.14821676702176,61.13759477412126,,16.644500696357944,64.5860624475002,29.0,25.162361912431635,,46.058286835584624,Balanced
380,79208,48438,MI,Goodrich,"Flint, MI",Genesee County,359194.542088038,6.206513534360296,88.72102268603682,90.74803149606299,68.36944686673179,20.46506785227146,54.56907869249058,64.57452951871872,32.166666666666664,26.2198488580507,0.9993975282715953,205.9080754744553,Balanced
381,79742,49425,MI,Holton,"Muskegon, MI",Muskegon County,239888.2835598397,1.81155750362102,60.30962791771195,96.53774895785085,89.92665220177297,,26.081062867125986,64.57101838889236,28.0,29.372079148978386,,85.83282219438695,Balanced
382,87766,67853,KS,Ingalls,"Garden City, KS",Gray County,271028.07710373,4.223488801949011,75.90166838218688,,46.669969688287225,,100.0,64.51432761409482,,23.0468146824194,,410.85853680647705,Balanced
383,79691,49323,MI,Dorr,"Holland, MI",Allegan County,367009.88211036654,6.417178242923449,90.0828743534664,89.82167670217693,75.48816844872697,,17.176562487765754,64.51385639842721,32.833333333333336,27.260793148123863,,48.30089491175175,Balanced
384,63924,15142,PA,Presto,"Pittsburgh, PA",Allegheny County,659066.276827769,7.449232682151691,96.75463759528964,82.87401574803148,81.84528616602078,42.59762097760563,18.481860003443842,64.51068409807829,37.833333333333336,28.19037092594802,0.9912137502361746,53.80264451627635,Balanced
385,74537,37880,TN,Ten Mile,"Knoxville, TN",Meigs County,348682.3094947135,-0.24623392534820326,47.00694087592928,66.89439555349696,100.0,59.112312156618046,49.48251051157067,64.49923181952299,49.333333333333336,32.53614792514818,0.9851072443049699,184.46850009671036,Balanced
386,77695,45504,OH,Springfield,"Springfield, OH",Clark County,204783.3001857724,4.726052555481989,79.15051480932048,89.59008800370542,94.74989790887327,,8.992592306406888,64.49661860566121,33.0,30.077364504023667,,13.805958571248794,Balanced
387,64207,15636,PA,Harrison City,"Pittsburgh, PA",Westmoreland County,409995.68566892686,7.608587535334835,97.78479435007137,82.87401574803148,81.84528616602078,42.59762097760563,17.35142186397199,64.49062782114025,37.833333333333336,28.19037092594802,0.9912137502361746,49.03791654270944,Balanced
388,63847,15031,PA,Cuddy,"Pittsburgh, PA",Allegheny County,134377.41200248222,7.405192573340377,96.46993829265116,82.87401574803148,81.84528616602078,42.59762097760563,18.481860003443842,64.45374423755058,37.833333333333336,28.19037092594802,0.9912137502361746,53.80264451627635,Balanced
389,76962,44048,OH,Kingsville,"Ashtabula, OH",Ashtabula County,212136.0861222336,6.108137199810624,88.08506436081068,87.04261232051874,64.35420942947407,,32.77127191976064,64.45063160611284,34.833333333333336,25.632715559542063,,114.03164626891096,Balanced
390,88044,68517,NE,Lincoln,"Lincoln, NE",Lancaster County,566591.7824045055,5.0970199779023835,81.54865072031863,93.52709587772117,81.39407572968189,,15.729455938554093,64.43985565325515,30.166666666666668,28.124392095069688,,42.201428859604825,Balanced
391,87345,66856,KS,,"Topeka, KS",Coffey County,208187.2751108316,4.172378138459646,75.57126115464902,97.2325150532654,67.47717143595477,,31.8871189594159,64.43361332065702,27.5,26.089374726685726,,110.30499533953342,Balanced
392,80884,52214,IA,Central City,"Cedar Rapids, IA",Linn County,276702.22223246493,5.984871125168594,87.28820516956925,82.64242704955997,80.96031652921984,41.28808631977306,29.968244427022295,64.42945589902888,38.0,28.060965093776414,0.9916979664451544,102.21705594416537,Balanced
393,77250,44634,OH,Homeworth,"Salem, OH",Columbiana County,230755.76304595327,4.03407374908638,74.67718608832463,80.09495136637331,78.34547004483657,,38.97460049399542,64.418441598706,39.833333333333336,27.678605777432175,,140.17829875242745,Balanced
394,80794,52003,IA,Dubuque,"Dubuque, IA",Dubuque County,324799.1696378526,5.305915520825413,82.89906553535181,95.84298286243632,69.284160106544,,24.06293942985177,64.41782958683677,28.5,26.353603987124025,,77.32655470399243,Balanced
395,76874,43845,OH,West Lafayette,"Coshocton, OH",Coshocton County,165882.73936391887,6.387033729416866,89.88800376378484,93.52709587772117,63.202713034992584,,25.413693885241113,64.40630131234794,30.166666666666668,25.464336506776892,,83.01990254345993,Balanced
396,80825,52068,IA,Peosta,"Dubuque, IA",Dubuque County,417912.8311970394,5.293086658551005,82.81613276697885,95.84298286243632,69.284160106544,,24.06293942985177,64.40124303316219,28.5,26.353603987124025,,77.32655470399243,Balanced
397,66090,19934,DE,Camden,"Dover, DE",Kent County,373311.1394727536,4.607486475092641,78.38403894641907,76.15794349235756,100.0,,17.319240564237678,64.37224460060285,42.666666666666664,30.870580184066927,,48.90227432248016,Balanced
398,64686,16662,PA,Martinsburg,"Altoona, PA",Blair County,234899.5588467922,6.362649276560522,89.73036935027407,66.31542380731818,86.47247323904452,,29.221939086352116,64.34804109659777,49.75,28.866987353109153,,99.07142434403646,Balanced
399,80793,52002,IA,Dubuque,"Dubuque, IA",Dubuque County,330352.0641340427,5.237165555101606,82.45462822976191,95.84298286243632,69.284160106544,,24.06293942985177,64.3289421257188,28.5,26.353603987124025,,77.32655470399243,Balanced
400,76630,43322,OH,Green Camp,"Marion, OH",Marion County,146163.12905970242,0.8039057551588404,53.79561698920304,97.92728114867994,100.0,,19.840944687846413,64.31276856514589,27.0,31.874184941010743,,59.53110376416123,Balanced
401,64228,15668,PA,Murrysville,"Pittsburgh, PA",Westmoreland County,349767.5065295824,7.464408500533692,96.8527423690275,82.87401574803148,81.84528616602078,42.59762097760563,17.35142186397199,64.30421742493148,37.833333333333336,28.19037092594802,0.9912137502361746,49.03791654270944,Balanced
402,87199,66514,KS,Milford,"Manhattan, KS",Geary County,320432.2361437345,8.975367739663561,100.0,80.32654006484483,62.233473085035854,,28.921901550881422,64.29638294015243,39.666666666666664,25.322608138839303,,97.80678438855406,Balanced
403,87185,66441,KS,Junction City,"Manhattan, KS",Geary County,201523.3068053883,10.36578627463063,100.0,80.32654006484483,62.233473085035854,,28.921901550881422,64.29638294015243,39.666666666666664,25.322608138839303,,97.80678438855406,Balanced
404,87245,66615,KS,Topeka,"Topeka, KS",Shawnee County,308902.1114657714,3.780395626783179,73.03727223561852,97.2325150532654,67.47717143595477,,33.65086684382859,64.27956511373345,27.5,26.089374726685726,,117.73908535272682,Balanced
405,78536,47334,IN,,"Muncie, IN",Delaware County,220402.929380644,5.199116913380579,82.20866104083584,89.82167670217693,85.89990932092816,,13.460147714940529,64.2780789557763,32.833333333333336,28.78326345206875,,32.63643277875006,Balanced
406,74405,37657,TN,Flag Pond,"Johnson City, TN",Unicoi County,249621.85720122032,4.180143611916284,75.62146141385443,74.30523390458544,100.0,,21.408227449479757,64.26698455358392,44.0,34.38620814854661,,66.13710523924642,Balanced
407,84803,61071,IL,Rock Falls,"Sterling, IL",Whiteside County,117154.56342512784,7.602751833608509,97.7470691886961,88.66373320981936,58.827092970869025,,26.0886173147512,64.26530253682715,33.666666666666664,24.824505791554227,,85.86466373145815,Balanced
408,76620,43310,OH,Belle Center,"Bellefontaine, OH",Logan County,273558.8024161094,6.784607073380874,92.45813487447639,81.25289485873088,83.6830189315296,,13.846989064917498,64.24820754593088,39.0,28.459095781514097,,34.266945530583435,Balanced
409,87955,68358,NE,Firth,"Lincoln, NE",Lancaster County,455153.47193339,4.937388508229132,80.51670576555381,93.52709587772117,81.39407572968189,,15.729455938554093,64.23346666230219,30.166666666666668,28.124392095069688,,42.201428859604825,Balanced
410,78504,47246,IN,Hope,"Columbus, IN",Bartholomew County,250588.4002453668,2.740721753807951,66.31625281498879,89.3584993052339,100.0,,15.428791088050694,64.22070864165468,33.166666666666664,31.708138072882107,,40.93414480943011,Balanced
411,76370,42453,KY,Saint Charles,"Madisonville, KY",Hopkins County,109204.2456828082,8.835672408962832,100.0,47.67253358036127,59.52487041602649,,63.88676567815045,64.21683393490764,63.166666666666664,24.926539202878473,,245.18155916128154,Balanced
412,90147,73730,OK,Covington,"Enid, OK",Garfield County,89909.9103059827,0.8755753518899965,54.258928383304294,69.90504863362668,78.58510429268473,,68.21219570926245,64.19225540377563,47.166666666666664,27.71364660591947,,263.412983550921,Balanced
413,77696,45505,OH,Springfield,"Springfield, OH",Clark County,123243.82440384118,4.488256951651935,77.61327422549343,89.59008800370542,94.74989790887327,,8.992592306406888,64.1891704888958,33.0,30.077364504023667,,13.805958571248794,Balanced
414,68999,26374,WV,Independence,"Morgantown, WV",Preston County,192796.58900321543,4.7589543712917,79.36321010616221,85.88466882816118,52.56766214963085,,53.114861089988175,64.1860804347885,35.666666666666664,23.909212406720137,,199.7786367653775,Balanced
415,70361,29206,SC,Columbia,"Columbia, SC",Richland County,380089.16225201054,6.074097825601021,87.8650152655361,71.75775822139877,97.13387933647242,45.45370748670096,18.62634266829414,64.16734059568049,45.833333333333336,30.425965278209905,0.9901576778568141,54.41163015721497,Balanced
416,80799,52033,IA,Cascade,"Dubuque, IA",Dubuque County,276267.3520754715,5.09720309149534,81.54983446653601,95.84298286243632,69.284160106544,,24.06293942985177,64.14798337307361,28.5,26.353603987124025,,77.32655470399243,Balanced
417,76950,44030,OH,Conneaut,"Ashtabula, OH",Ashtabula County,147357.49443208508,5.865176292432013,86.51443243536613,87.04261232051874,64.35420942947407,,32.77127191976064,64.13650522102392,34.833333333333336,25.632715559542063,,114.03164626891096,Balanced
418,76986,44082,OH,Pierpont,"Ashtabula, OH",Ashtabula County,184129.03028300268,5.864828474072176,86.5121839476316,87.04261232051874,64.35420942947407,,32.77127191976064,64.13605552347701,34.833333333333336,25.632715559542063,,114.03164626891096,Balanced
419,85019,61491,IL,Wyoming,"Peoria, IL",Stark County,130029.07841164296,12.782093495515051,100.0,100.0,69.76764918621011,28.232351592901068,22.47693653134891,64.09538746209202,25.166666666666668,26.424302804460005,0.9965254815758762,70.64164899107529,Balanced
420,85012,61483,IL,Toulon,"Peoria, IL",Stark County,136554.78464368774,9.239916227804065,100.0,100.0,69.76764918621011,28.232351592901068,22.47693653134891,64.09538746209202,25.166666666666668,26.424302804460005,0.9965254815758762,70.64164899107529,Balanced
421,77619,45360,OH,Port Jefferson,"Sidney, OH",Shelby County,127917.16955734034,6.323397589349532,89.47662501861879,78.70541917554422,64.58292431722332,,37.51612986715935,64.05621967570914,40.833333333333336,25.666159690446054,,134.0309338045691,Balanced
422,76961,44047,OH,Jefferson,"Ashtabula, OH",Ashtabula County,217812.9976561458,5.80232949694085,86.108156444404,87.04261232051874,64.35420942947407,,32.77127191976064,64.0552500228315,34.833333333333336,25.632715559542063,,114.03164626891096,Balanced
423,87993,68422,NE,Pickrell,"Beatrice, NE",Gage County,327211.62315893435,4.8364394379938425,79.86411587252871,,100.0,,40.40369063365486,64.05356130123671,,31.06719140922307,,146.2018267345648,Balanced
424,78523,47304,IN,Muncie,"Muncie, IN",Delaware County,204995.05464044088,5.022269081726032,81.06542012467712,89.82167670217693,85.89990932092816,,13.460147714940529,64.04943077254455,32.833333333333336,28.78326345206875,,32.63643277875006,Balanced
425,69010,26411,WV,New Milton,"Clarksburg, WV",Doddridge County,161264.26577072436,2.743408354902654,66.33362047094546,84.72672533580361,82.18055090569078,,36.98013157342327,64.04420565717263,36.5,28.239395447050942,,131.77173361061455,Balanced
426,78485,47203,IN,Columbus,"Columbus, IN",Bartholomew County,281936.1368815302,2.6015408079506934,65.41651120908375,89.3584993052339,100.0,,15.428791088050694,64.04076032047367,33.166666666666664,31.708138072882107,,40.93414480943011,Balanced
427,79406,48832,MI,Elwell,"Alma, MI",Gratiot County,190142.924073214,7.916687657487807,99.77652171604112,89.82167670217693,58.65871184085667,,21.83865017160496,64.01911208613593,32.833333333333336,24.799884042575346,,67.95131082286814,Balanced
428,79193,48420,MI,Vienna,"Flint, MI",Genesee County,208787.4527609054,5.774212391039449,85.92639212414228,90.74803149606299,68.36944686673179,20.46506785227146,54.56907869249058,64.01560340633982,32.166666666666664,26.2198488580507,0.9993975282715953,205.9080754744553,Balanced
429,84735,60954,IL,Momence,"Kankakee, IL",Kankakee County,169043.6665354448,4.380725752663086,76.91813385935204,86.3478462251042,76.61164012677037,,30.19869245661645,64.01526253356862,35.333333333333336,27.425074250404368,,103.1883803667239,Balanced
430,93516,80731,CO,,"Sterling, CO",Phillips County,266354.453666814,8.06809949503919,100.0,,29.515123086301198,,90.4482799942009,63.99268061610043,,20.538325003235528,,357.1367258023441,Balanced
431,77378,44878,OH,Shiloh,"Mansfield, OH",Richland County,211064.96797374543,3.3304235751803946,70.12840727692875,95.84298286243632,85.27419602676565,,18.62634266829414,63.97438576688497,28.5,28.691767714627815,,54.41163015721497,Balanced
432,76957,44041,OH,Geneva,"Ashtabula, OH",Ashtabula County,199291.33400477504,5.738647609002371,85.69648196002743,87.04261232051874,64.35420942947407,,32.77127191976064,63.97291512595618,34.833333333333336,25.632715559542063,,114.03164626891096,Balanced
433,87906,68301,NE,Adams,"Beatrice, NE",Gage County,384169.704203276,4.769701294308705,79.4326840827493,,100.0,,40.40369063365486,63.967274943280835,,31.06719140922307,,146.2018267345648,Balanced
434,64918,17088,PA,Schaefferstown,"Lebanon, PA",Lebanon County,288071.65420753224,8.837321824783254,100.0,100.0,52.05210412841915,,17.772434700969974,63.964907765877825,21.666666666666668,23.83382426684133,,50.81246003308769,Balanced
435,82539,55982,MN,Waltham,"Austin, MN",Mower County,282024.75952079106,6.722526946030091,92.05681504485928,75.46317739694302,72.21425601159228,,30.088389649830322,63.964527620644986,43.166666666666664,26.782061058607347,,102.7234607477677,Balanced
436,76556,43153,OH,South Solon,"Columbus, OH",Madison County,285994.7409399452,4.6813878727136435,78.86177791970023,98.853635942566,100.0,25.78554502405153,16.292524886788726,63.9586967546213,26.333333333333332,32.47348407681053,0.997430217768835,44.574730215089794,Balanced
437,77711,45628,OH,Frankfort,"Chillicothe, OH",Ross County,223361.0247116809,2.574845777379844,65.24393995999816,87.50578971746178,90.80310360791697,,26.19160593684689,63.94888784444476,34.5,29.5002393918315,,86.29875450699384,Balanced
438,65141,17702,PA,Williamsport,"Williamsport, PA",Lycoming County,204155.27228597287,4.193358884599834,75.70689215003412,83.80037054191754,89.26847880701163,,20.941427905506025,63.94343388089387,37.166666666666664,29.275836891255075,,64.16957356497093,Balanced
439,79196,48423,MI,Davison,"Flint, MI",Genesee County,246962.72958386503,5.716504529980064,85.55333701043321,90.74803149606299,68.36944686673179,20.46506785227146,54.56907869249058,63.940992383598,32.166666666666664,26.2198488580507,0.9993975282715953,205.9080754744553,Balanced
440,87246,66616,KS,Topeka,"Topeka, KS",Shawnee County,101685.0565989454,3.5038361258132102,71.2494406614157,97.2325150532654,67.47717143595477,,33.65086684382859,63.92199879889289,27.5,26.089374726685726,,117.73908535272682,Balanced
441,64452,16115,PA,Darlington,"Pittsburgh, PA",Beaver County,204051.8729684853,6.099859387781083,88.03155206541014,82.87401574803148,81.84528616602078,42.59762097760563,24.185890279194783,63.90687304725257,37.833333333333336,28.19037092594802,0.9912137502361746,77.84478505272443,Balanced
442,84796,61062,IL,Pearl City,"Freeport, IL",Stephenson County,210360.68692504909,10.6143820254017,100.0,84.4951366373321,44.36558217626063,,40.63424236462026,63.8989922356426,36.666666666666664,22.70985263170134,,147.1735882520932,Balanced
443,84777,61039,IL,German Valley,"Freeport, IL",Stephenson County,204896.64446400912,11.000325376579537,100.0,84.4951366373321,44.36558217626063,,40.63424236462026,63.8989922356426,36.666666666666664,22.70985263170134,,147.1735882520932,Balanced
444,84794,61060,IL,Orangeville,"Freeport, IL",Stephenson County,198832.9036949101,8.293977970093454,100.0,84.4951366373321,44.36558217626063,,40.63424236462026,63.8989922356426,36.666666666666664,22.70985263170134,,147.1735882520932,Balanced
445,84802,61070,IL,Rock City,"Freeport, IL",Stephenson County,212912.42176161497,13.580519563119939,100.0,84.4951366373321,44.36558217626063,,40.63424236462026,63.8989922356426,36.666666666666664,22.70985263170134,,147.1735882520932,Balanced
446,84817,61089,IL,,"Freeport, IL",Stephenson County,183462.6219047302,14.585971706940146,100.0,84.4951366373321,44.36558217626063,,40.63424236462026,63.8989922356426,36.666666666666664,22.70985263170134,,147.1735882520932,Balanced
447,84784,61048,IL,,"Freeport, IL",Stephenson County,200675.60872871065,8.436419443730534,100.0,84.4951366373321,44.36558217626063,,40.63424236462026,63.8989922356426,36.666666666666664,22.70985263170134,,147.1735882520932,Balanced
448,78227,46721,IN,Butler,"Auburn, IN",De Kalb County,195679.63481385703,5.859178961415436,86.47566241403337,94.68503937007874,68.56226703738137,,19.76551415644098,63.8976965955869,29.333333333333332,26.248044237422786,,59.21316866404472,Balanced
449,70403,29323,SC,Chesnee,"Spartanburg, SC",Spartanburg County,280669.2227860328,5.289266565408037,82.79143759970584,62.262621584066686,100.0,57.374314332003095,16.93868867926183,63.8734124390075,52.666666666666664,31.068293907115454,0.9857498899293652,47.29827128292843,Balanced
450,84703,60917,IL,Buckingham,"Kankakee, IL",Kankakee County,244400.3456222012,4.253656924747665,76.0966915952195,86.3478462251042,76.61164012677037,,30.19869245661645,63.85097408074211,35.333333333333336,27.425074250404368,,103.1883803667239,Balanced
451,77877,45871,OH,New Knoxville,"Sidney, OH",Shelby County,254284.2422023736,6.155688898021002,88.39246449412488,78.70541917554422,64.58292431722332,,37.51612986715935,63.83938757081036,40.833333333333336,25.666159690446054,,134.0309338045691,Balanced
452,90138,73718,OK,Ames,"Enid, OK",Major County,161806.37052173613,4.845049809813968,79.91977801594327,69.90504863362668,78.58510429268473,,40.775002869556936,63.83698676236232,47.166666666666664,27.71364660591947,,147.7668852154799,Balanced
453,79726,49408,MI,Fennville,"Holland, MI",Allegan County,346021.1166129334,5.884601007976122,86.64000439961927,89.82167670217693,75.48816844872697,,17.176562487765754,63.82528240765779,32.833333333333336,27.260793148123863,,48.30089491175175,Balanced
454,79442,48871,MI,Perrinton,"Alma, MI",Gratiot County,273944.867337374,7.766171166237119,98.80350095720839,89.82167670217693,58.65871184085667,,21.83865017160496,63.82450793436939,32.833333333333336,24.799884042575346,,67.95131082286814,Balanced
455,77827,45810,OH,Ada,"Findlay, OH",Hardin County,216061.40253952745,8.575389574346296,100.0,85.88466882816118,74.568900872532,,8.623542536666728,63.81542244747199,35.666666666666664,27.126372055309982,,12.250436247540817,Balanced
456,90181,73773,OK,Waukomis,"Enid, OK",Garfield County,141202.9050052958,0.580134603266811,52.34903811794689,69.90504863362668,78.58510429268473,,68.21219570926245,63.810277350704155,47.166666666666664,27.71364660591947,,263.412983550921,Balanced
457,68029,24175,VA,Troutville,"Roanoke, VA",Botetourt County,324498.4019823705,2.980045930031476,67.86337492513807,78.2422417786012,100.0,34.52937323412631,38.3590242737605,63.798802842325216,41.166666666666664,33.11355642455492,0.9941970819961169,137.5836824403962,Balanced
458,78272,46788,IN,Spencerville,"Fort Wayne, IN",Allen County,440850.2286228815,5.100365532233743,81.57027820968652,92.83232978230662,98.12144512503946,31.35795959009002,15.10412004563958,63.797226550552445,30.666666666666668,30.570373365650845,0.9953697503807503,39.56567612108054,Balanced
459,79224,48458,MI,Mount Morris,"Flint, MI",Genesee County,108624.88035206456,5.604255757604068,84.82769967483105,90.74803149606299,68.36944686673179,20.46506785227146,54.56907869249058,63.79586491647757,32.166666666666664,26.2198488580507,0.9993975282715953,205.9080754744553,Balanced
460,73732,36075,AL,Shorter,,Macon County,211707.2279906564,8.527161087254111,100.0,,,,68.9185652451205,63.7837130490241,,,,266.39028816375975,Balanced
461,76861,43812,OH,Coshocton,"Coshocton, OH",Coshocton County,156784.82567422648,5.894498504740232,86.70398722124855,93.52709587772117,63.202713034992584,,25.413693885241113,63.76949800384068,30.166666666666668,25.464336506776892,,83.01990254345993,Balanced
462,88046,68521,NE,Lincoln,"Lincoln, NE",Lancaster County,277626.3866660159,4.574604393319551,78.17147122116187,93.52709587772117,81.39407572968189,,15.729455938554093,63.7644197534238,30.166666666666668,28.124392095069688,,42.201428859604825,Balanced
463,78269,46785,IN,Saint Joe,"Auburn, IN",De Kalb County,291335.4018845978,5.7538700127636275,85.7948878870854,94.68503937007874,68.56226703738137,,19.76551415644098,63.7615416901973,29.333333333333332,26.248044237422786,,59.21316866404472,Balanced
464,69018,26425,WV,Rowlesburg,"Morgantown, WV",Preston County,88573.77040048917,4.424662911195966,77.20216763519532,85.88466882816118,52.56766214963085,,53.114861089988175,63.75387194059511,35.666666666666664,23.909212406720137,,199.7786367653775,Balanced
465,84723,60940,IL,Grant Park,"Kankakee, IL",Kankakee County,281348.09786271816,4.173349304828767,75.57753930416993,86.3478462251042,76.61164012677037,,30.19869245661645,63.7471436225322,35.333333333333336,27.425074250404368,,103.1883803667239,Balanced
466,79203,48433,MI,Flushing,"Flint, MI",Genesee County,230035.77078306928,5.556624957797741,84.51978818562306,90.74803149606299,68.36944686673179,20.46506785227146,54.56907869249058,63.73428261863597,32.166666666666664,26.2198488580507,0.9993975282715953,205.9080754744553,Balanced
467,87986,68415,NE,Odell,"Beatrice, NE",Gage County,242308.5505650208,4.587966923740089,78.25785391173403,,100.0,,40.40369063365486,63.73230890907778,,31.06719140922307,,146.2018267345648,Balanced
468,77693,45502,OH,Springfield,"Springfield, OH",Clark County,299554.0144612198,4.130018010485383,75.29742216515837,89.59008800370542,94.74989790887327,,8.992592306406888,63.72600007682878,33.0,30.077364504023667,,13.805958571248794,Balanced
469,77751,45682,OH,South Webster,"Portsmouth, OH",Scioto County,135032.92273832267,6.939347959475723,93.45846442746661,74.07364520611394,60.03042889993849,,41.0638537399047,63.72527845468475,44.166666666666664,25.000465147454992,,148.9843740581495,Balanced
470,84744,60964,IL,,"Kankakee, IL",Kankakee County,207778.4770691219,4.141020613682069,75.36854899798988,86.3478462251042,76.61164012677037,,30.19869245661645,63.705345561296184,35.333333333333336,27.425074250404368,,103.1883803667239,Balanced
471,74424,37692,TN,Unicoi,"Johnson City, TN",Unicoi County,296715.29413786327,3.7391008712330613,72.77032039501078,74.30523390458544,100.0,,21.408227449479757,63.696756349815196,44.0,34.38620814854661,,66.13710523924642,Balanced
472,77733,45657,OH,Otway,"Portsmouth, OH",Scioto County,147340.7271883254,6.90901595811873,93.26238181397983,74.07364520611394,60.03042889993849,,41.0638537399047,63.686061931987396,44.166666666666664,25.000465147454992,,148.9843740581495,Balanced
473,64664,16635,PA,Duncansville,"Altoona, PA",Blair County,224338.12678579648,5.849564156450807,86.41350706650319,66.31542380731818,86.47247323904452,,29.221939086352116,63.6846686398436,49.75,28.866987353109153,,99.07142434403646,Balanced
474,88032,68502,NE,Lincoln,"Lincoln, NE",Lancaster County,229472.621640836,4.509652605296828,77.7515874094661,93.52709587772117,81.39407572968189,,15.729455938554093,63.68044299108465,30.166666666666668,28.124392095069688,,42.201428859604825,Balanced
475,78534,47330,IN,Centerville,"Richmond, IN",Wayne County,204795.06830992232,8.749060864404187,100.0,75.2315886984715,50.619070038608626,,42.54077511900112,63.67828677121625,43.333333333333336,23.624276999668904,,155.20950780410354,Balanced
476,78547,47346,IN,Hagerstown,"Richmond, IN",Wayne County,203637.9868938924,7.955175042100205,100.0,75.2315886984715,50.619070038608626,,42.54077511900112,63.67828677121625,43.333333333333336,23.624276999668904,,155.20950780410354,Balanced
477,78555,47357,IN,Milton,"Richmond, IN",Wayne County,204866.2169809889,7.960573538547984,100.0,75.2315886984715,50.619070038608626,,42.54077511900112,63.67828677121625,43.333333333333336,23.624276999668904,,155.20950780410354,Balanced
478,88052,68528,NE,Lincoln,"Lincoln, NE",Lancaster County,277868.19291176955,4.495434144378426,77.65967151694629,93.52709587772117,81.39407572968189,,15.729455938554093,63.66205981258069,30.166666666666668,28.124392095069688,,42.201428859604825,Balanced
479,63863,15052,PA,Industry,"Pittsburgh, PA",Beaver County,186320.25185584565,5.90058295924047,86.74332045633604,82.87401574803148,81.84528616602078,42.59762097760563,24.185890279194783,63.64922672543775,37.833333333333336,28.19037092594802,0.9912137502361746,77.84478505272443,Balanced
480,79658,49277,MI,Rives Junction,"Jackson, MI",Jackson County,247302.19553335724,4.63224825901419,78.54411263390139,87.73737841593329,84.3666240696784,,17.564801056601144,63.64258323522284,34.333333333333336,28.559056828876933,,49.93729685605614,Balanced
481,100202,99347,WA,Pomeroy,,Garfield County,243167.4113899569,10.484377173457506,100.0,,,,68.21219570926245,63.64243914185249,,,,263.412983550921,Balanced
482,77163,44423,OH,Hanoverton,"Salem, OH",Columbiana County,197706.93374357905,3.431642829936421,70.78274379017604,80.09495136637331,78.34547004483657,,38.97460049399542,63.63955313907627,39.833333333333336,27.678605777432175,,140.17829875242745,Balanced
483,78237,46741,IN,Grabill,"Fort Wayne, IN",Allen County,362585.04383709055,4.978089321459481,80.77981803880328,92.83232978230662,98.12144512503946,31.35795959009002,15.10412004563958,63.6391345163758,30.666666666666668,30.570373365650845,0.9953697503807503,39.56567612108054,Balanced
484,76940,44010,OH,Austinburg,"Ashtabula, OH",Ashtabula County,263121.6149165188,5.468499449708525,83.95009679804829,87.04261232051874,64.35420942947407,,32.77127191976064,63.62363809356035,34.833333333333336,25.632715559542063,,114.03164626891096,Balanced
485,79643,49259,MI,Munith,"Jackson, MI",Jackson County,256577.109873749,4.6153886637771935,78.43512300748368,87.73737841593329,84.3666240696784,,17.564801056601144,63.6207853099393,34.333333333333336,28.559056828876933,,49.93729685605614,Balanced
486,77725,45647,OH,South Bloomingville,"Chillicothe, OH",Vinton County,189828.7902151305,2.0478380386823156,61.837074270017844,87.50578971746178,90.80310360791697,,27.895503290614894,63.608294177202296,34.5,29.5002393918315,,93.48057817527358,Balanced
487,78540,47338,IN,Eaton,"Muncie, IN",Delaware County,161927.7811555603,4.671508365080787,78.79791138963472,89.82167670217693,85.89990932092816,,13.460147714940529,63.59592902553608,32.833333333333336,28.78326345206875,,32.63643277875006,Balanced
488,76977,44068,OH,North Kingsville,"Ashtabula, OH",Ashtabula County,186018.76213540047,5.447009195025847,83.81117206132943,87.04261232051874,64.35420942947407,,32.77127191976064,63.59585314621658,34.833333333333336,25.632715559542063,,114.03164626891096,Balanced
489,85202,61858,IL,Oakwood,"Danville, IL",Vermilion County,160186.37475755336,6.63104405950398,91.46541973044425,100.0,31.96436398046114,,44.5365454393653,63.59326583005414,25.0,20.89646842750398,,163.62155826685301,Balanced
490,78245,46755,IN,Kendallville,"Kendallville, IN",Noble County,215820.99064688428,4.601830364802302,78.34747476211594,87.04261232051874,88.68273094815231,,13.763556126995665,63.56727483155654,34.833333333333336,29.19018515139151,,33.91528077392657,Balanced
491,76639,43334,OH,Marengo,"Columbus, OH",Morrow County,335006.0543399961,3.8566350245422556,73.53012531798898,98.853635942566,100.0,25.78554502405153,19.644436426949316,63.56274854231117,26.333333333333332,32.47348407681053,0.997430217768835,58.70283340151155,Balanced
492,65179,17771,PA,Trout Run,"Williamsport, PA",Lycoming County,255446.1348413317,3.898451037393555,73.8004468503197,83.80037054191754,89.26847880701163,,20.941427905506025,63.562144820950984,37.166666666666664,29.275836891255075,,64.16957356497093,Balanced
493,85186,61842,IL,Farmer City,"Bloomington, IL",Dewitt County,169581.9109640045,12.641430201730069,100.0,100.0,68.88994666525419,27.30188148359329,21.574254013492077,63.55321643246791,18.333333333333332,26.29595961572192,0.9968695341033929,66.83689710426107,Balanced
494,64218,15655,PA,Rector,"Pittsburgh, PA",Westmoreland County,207928.1542782151,6.872843758575028,93.02854497154345,82.87401574803148,81.84528616602078,42.59762097760563,17.35142186397199,63.539377945434666,37.833333333333336,28.19037092594802,0.9912137502361746,49.03791654270944,Balanced
495,64675,16648,PA,Hollidaysburg,"Altoona, PA",Blair County,238053.49325640147,5.732557631873291,85.6571130236526,66.31542380731818,86.47247323904452,,29.221939086352116,63.53338983127349,49.75,28.866987353109153,,99.07142434403646,Balanced
496,87244,66614,KS,Topeka,"Topeka, KS",Shawnee County,232829.30883804345,3.1979011060049127,69.2717096988225,97.2325150532654,67.47717143595477,,33.65086684382859,63.52645260637426,27.5,26.089374726685726,,117.73908535272682,Balanced
497,88185,68816,NE,Archer,"Grand Island, NE",Merrick County,317646.6631872247,10.238478964296826,100.0,,78.34297015701482,,39.28488145744232,63.525570322891426,,27.678240228095273,,141.48611413354283,Balanced
498,88068,68628,NE,Clarks,"Grand Island, NE",Merrick County,295698.7838112657,8.280200495509222,100.0,,78.34297015701482,,39.28488145744232,63.525570322891426,,27.678240228095273,,141.48611413354283,Balanced
499,88227,68864,NE,Palmer,"Grand Island, NE",Merrick County,299391.3808078076,9.818010311127066,100.0,,78.34297015701482,,39.28488145744232,63.525570322891426,,27.678240228095273,,141.48611413354283,Balanced
500,88195,68827,NE,Chapman,"Grand Island, NE",Merrick County,309249.6678048529,10.713269803487833,100.0,,78.34297015701482,,39.28488145744232,63.525570322891426,,27.678240228095273,,141.48611413354283,Balanced
501,76364,42442,KY,Nortonville,"Madisonville, KY",Hopkins County,122865.54333638684,7.3751829531476245,96.2759397269817,47.67253358036127,59.52487041602649,,63.88676567815045,63.472021880303984,63.166666666666664,24.926539202878473,,245.18155916128154,Balanced
502,74753,38316,TN,Bradford,"Jackson, TN",Gibson County,171570.06372807373,10.604762260848753,100.0,49.98842056507641,82.41139002965289,,34.56119754598617,63.3922016281431,61.5,28.273150197148432,,121.57607387099596,Balanced
503,82500,55936,MN,Grand Meadow,"Austin, MN",Mower County,262032.24912037028,6.276592860675392,89.17405370411997,75.46317739694302,72.21425601159228,,30.088389649830322,63.38797535249712,43.166666666666664,26.782061058607347,,102.7234607477677,Balanced
504,82491,55925,MN,Winona,"Winona, MN",Winona County,330996.20576946833,7.823086657601314,99.17143376069295,83.80037054191754,62.32461025686228,,21.59044613659253,63.377372139213065,37.166666666666664,25.3359347899147,,66.90514591787966,Balanced
505,93822,81624,CO,Collbran,"Grand Junction, CO",Mesa County,410324.3754495972,7.06845595152014,94.2930889616062,67.82075034738304,85.42628010041685,,19.221189288475397,63.3522617395763,48.666666666666664,28.71400640541728,,56.918872466363844,Balanced
506,69059,26547,WV,Arthurdale,"Morgantown, WV",Preston County,186023.9245727694,4.10976062413878,75.16646736232477,85.88466882816118,52.56766214963085,,53.114861089988175,63.346731886021,35.666666666666664,23.909212406720137,,199.7786367653775,Balanced
507,69053,26537,WV,Kingwood,"Morgantown, WV",Preston County,173730.08644911216,4.07231932865341,74.92442639098576,85.88466882816118,52.56766214963085,,53.114861089988175,63.2983236917532,35.666666666666664,23.909212406720137,,199.7786367653775,Balanced
508,70360,29205,SC,Columbia,"Columbia, SC",Richland County,300374.5587351583,5.38504075627448,83.41057424778414,71.75775822139877,97.13387933647242,45.45370748670096,18.62634266829414,63.27645239213009,45.833333333333336,30.425965278209905,0.9901576778568141,54.41163015721497,Balanced
509,93837,81643,CO,Mesa,"Grand Junction, CO",Mesa County,519250.6731259752,6.8967132750888505,93.1828505554583,67.82075034738304,85.42628010041685,,19.221189288475397,63.130214058346716,48.666666666666664,28.71400640541728,,56.918872466363844,Balanced
510,66104,19953,DE,Hartly,"Dover, DE",Kent County,361347.2738394404,3.6288772522494206,72.05777475636629,76.15794349235756,100.0,,17.319240564237678,63.10699176259231,42.666666666666664,30.870580184066927,,48.90227432248016,Balanced
511,84223,59854,MT,Ovando,,Powell County,544484.9219552266,5.897300241922906,86.72209917972489,,,,78.43747909081335,63.03191565410765,,,,306.5119308214786,Balanced
512,75648,40358,KY,Olympia,"Mount Sterling, KY",Bath County,196041.8942528415,9.898594343095853,100.0,59.25196850393699,77.32192804811699,,28.462304969752335,63.00724030436127,54.833333333333336,27.528937022324502,,95.86961276438663,Balanced
513,74428,37705,TN,Andersonville,"Knoxville, TN",Anderson County,404856.4654004529,3.699269267859372,72.51282716873274,66.89439555349696,100.0,59.112312156618046,16.47177628687434,62.998262233144416,49.333333333333336,32.53614792514818,0.9851072443049699,45.3302639594555,Balanced
514,59489,4427,ME,Corinth,"Bangor, ME",Penobscot County,256859.50730058787,7.907926774265215,99.71988658476441,68.9786938397406,82.22208545078443,,14.009357438376972,62.986004662733286,47.833333333333336,28.245468889741183,,34.95131834500951,Balanced
515,90164,73753,OK,,"Enid, OK",Garfield County,178801.15206999073,-0.06805066607534903,48.158814725155544,69.90504863362668,78.58510429268473,,68.21219570926245,62.972232672145886,47.166666666666664,27.71364660591947,,263.412983550921,Balanced
516,83074,57014,SD,Centerville,"Sioux Falls, SD",Turner County,278987.0256092088,1.3379259914719541,57.247815291540526,42.345993515516426,75.99446826451538,,89.20270818888699,62.95819705209187,67.0,27.33482749491487,,351.8867164328458,Balanced
517,93031,79701,TX,Midland,"Midland, TX",Midland County,212114.7096079198,5.590504318627145,84.73880286706476,72.22093561834181,100.0,,7.754742832507954,62.94289626358291,45.5,33.22583030941546,,8.588498358780251,Balanced
518,82512,55951,MN,Le Roy,"Austin, MN",Mower County,202812.36786818635,5.932167435221165,86.94749974945339,75.46317739694302,72.21425601159228,,30.088389649830322,62.9426645615638,43.166666666666664,26.782061058607347,,102.7234607477677,Balanced
519,69027,26440,WV,Grafton,"Clarksburg, WV",Taylor County,174653.336174638,4.361744048056133,76.79542575961406,84.72672533580361,82.18055090569078,,20.366061503440722,62.81375270090983,36.5,28.239395447050942,,61.7444391898587,Balanced
520,75631,40328,KY,Gravel Switch,"Danville, KY",Marion County,248881.2708919441,8.98599656549296,100.0,59.715145900880024,84.33976353641187,,19.840944687846413,62.77917082502766,54.5,28.555129112585455,,59.53110376416123,Balanced
521,66092,19938,DE,Clayton,"Dover, DE",Kent County,413996.3939446125,3.3621225457562436,70.33332672560603,76.15794349235756,100.0,,17.319240564237678,62.76210215644026,42.666666666666664,30.870580184066927,,48.90227432248016,Balanced
522,66105,19954,DE,Houston,"Dover, DE",Kent County,335362.3762648809,3.302666013225252,69.9489672449926,76.15794349235756,100.0,,17.319240564237678,62.68523026031757,42.666666666666664,30.870580184066927,,48.90227432248016,Balanced
523,82596,56062,MN,Madelia,"Mankato, MN",Watonwan County,202634.4502945997,6.827141375132915,92.73309981833933,76.15794349235756,70.0690904628509,,24.33868453967391,62.65976366264434,42.666666666666664,26.468381445842077,,78.48880356349895,Balanced
524,82526,55967,MN,Racine,"Austin, MN",Mower County,347172.7602533967,5.682624942626653,85.33432086461666,75.46317739694302,72.21425601159228,,30.088389649830322,62.62002878459646,43.166666666666664,26.782061058607347,,102.7234607477677,Balanced
525,82186,55334,MN,Gaylord,"Mankato, MN",Sibley County,244201.7223144103,8.733247058251276,100.0,76.15794349235756,70.0690904628509,,16.767220161022315,62.59885082324615,42.666666666666664,26.468381445842077,,46.57554191197533,Balanced
526,99906,98603,WA,Cougar,"Longview, WA",Cowlitz County,549267.4523020156,6.155803241305638,88.39320367153101,67.58916164891151,88.7228699229901,,18.270200684294156,62.59508718554536,48.833333333333336,29.196054525012254,,52.91051336499566,Balanced
527,75105,39039,MS,Benton,"Jackson, MS",Yazoo County,174363.91568056148,4.05284890296503,74.79855893140918,58.55720240852244,57.76438516843895,65.36161760526139,56.223922930985815,62.541137408923554,55.333333333333336,24.6691099657428,0.98279648836201,212.88314324661854,Balanced
528,70402,29322,SC,Campobello,"Spartanburg, SC",Spartanburg County,367144.7665675853,4.243066855299488,76.02823160571978,62.262621584066686,100.0,57.374314332003095,16.93868867926183,62.52077124021029,52.666666666666664,31.068293907115454,0.9857498899293652,47.29827128292843,Balanced
529,90477,74630,OK,Billings,"Enid, OK",Noble County,63997.07367921186,11.656962056193622,100.0,69.90504863362668,78.58510429268473,,13.763556126995665,62.45074181066141,47.166666666666664,27.71364660591947,,33.91528077392657,Balanced
530,82606,56078,MN,Pemberton,"Mankato, MN",Waseca County,234880.8070242176,11.060813966550201,100.0,76.15794349235756,70.0690904628509,,15.853602324717897,62.416127255985266,42.666666666666664,26.468381445842077,,42.72469832329107,Balanced
531,75229,39272,MS,Byram,"Jackson, MS",Hinds County,217022.2407621744,5.188557541332339,82.14039949608548,58.55720240852244,57.76438516843895,65.36161760526139,47.9196175762247,62.34864445090659,55.333333333333336,24.6691099657428,0.98279648836201,177.8810014723166,Balanced
532,89918,73092,OK,Verden,"Oklahoma City, OK",Grady County,131305.12225356448,14.613213251091404,100.0,59.25196850393699,87.87651021607712,42.96400065271766,21.548699650468176,62.32823580463999,54.833333333333336,29.072294479881773,0.9910782769394055,66.72918701903382,Balanced
533,70433,29374,SC,Pauline,"Spartanburg, SC",Spartanburg County,315889.6973595777,4.087926706107255,75.0253209981304,62.262621584066686,100.0,57.374314332003095,16.93868867926183,62.320189118692404,52.666666666666664,31.068293907115454,0.9857498899293652,47.29827128292843,Balanced
534,82590,56054,MN,Lafayette,"Mankato, MN",Nicollet County,240885.02008173976,10.272475791601808,100.0,76.15794349235756,70.0690904628509,,15.355932976345327,62.31659338631076,42.666666666666664,26.468381445842077,,40.62705230182414,Balanced
535,82604,56074,MN,Nicollet,"Mankato, MN",Nicollet County,312272.06326693826,8.187051118488881,100.0,76.15794349235756,70.0690904628509,,15.355932976345327,62.31659338631076,42.666666666666664,26.468381445842077,,40.62705230182414,Balanced
536,82561,56021,MN,Courtland,"Mankato, MN",Nicollet County,329690.73097697867,9.498615054275017,100.0,76.15794349235756,70.0690904628509,,15.355932976345327,62.31659338631076,42.666666666666664,26.468381445842077,,40.62705230182414,Balanced
537,82482,55912,MN,Austin,"Austin, MN",Mower County,183763.03745854748,5.446260159177061,83.80632988474186,75.46317739694302,72.21425601159228,,30.088389649830322,62.3144305886215,43.166666666666664,26.782061058607347,,102.7234607477677,Balanced
538,82591,56055,MN,Lake Crystal,"Mankato, MN",Blue Earth County,277426.4115322712,8.131166548832274,100.0,76.15794349235756,70.0690904628509,,15.266330342380346,62.29867285951776,42.666666666666664,26.468381445842077,,40.24938265175582,Balanced
539,82577,56037,MN,Good Thunder,"Mankato, MN",Blue Earth County,322209.9571303828,8.123053384912247,100.0,76.15794349235756,70.0690904628509,,15.266330342380346,62.29867285951776,42.666666666666664,26.468381445842077,,40.24938265175582,Balanced
540,66123,19979,DE,Viola,"Dover, DE",Kent County,337871.09253841056,2.9597756799340242,67.73233696399731,76.15794349235756,100.0,,17.319240564237678,62.24190420411851,42.666666666666664,30.870580184066927,,48.90227432248016,Balanced
541,74509,37846,TN,Philadelphia,"Knoxville, TN",Loudon County,271740.6367304069,2.107146872573219,62.22047894600047,66.89439555349696,100.0,59.112312156618046,22.406528956908613,62.12674312260482,49.333333333333336,32.53614792514818,0.9851072443049699,70.34488534893259,Balanced
542,76227,42085,KY,Water Valley,"Mayfield, KY",Hickman County,95997.57212130744,7.39125546827592,96.37984123794928,,30.71069361083307,,83.41660342404073,62.10142765456462,,20.713148852792855,,327.49863691888635,Balanced
543,66081,19901,DE,Dover,"Dover, DE",Kent County,324705.04468035226,2.8445831151160847,66.98766934718209,76.15794349235756,100.0,,17.319240564237678,62.092970680755464,42.666666666666664,30.870580184066927,,48.90227432248016,Balanced
544,84015,59337,MT,Jordan,,Garfield County,242978.70840906235,6.716847458300864,92.02009973603063,,,,68.21219570926245,62.046459089058615,,,,263.412983550921,Balanced
545,86103,63552,MO,Macon,,Macon County,175399.69987272695,6.600714417415304,91.26935236855569,,,,68.9185652451205,62.03758352273524,,,,266.39028816375975,Balanced
546,66103,19952,DE,,"Dover, DE",Kent County,335657.66647593555,2.7894899100219184,66.63151679684147,76.15794349235756,100.0,,17.319240564237678,62.021740170687345,42.666666666666664,30.870580184066927,,48.90227432248016,Balanced
547,68993,26354,WV,Grafton,"Clarksburg, WV",Taylor County,158503.00667271705,3.7348121134989505,72.7425955240002,84.72672533580361,82.18055090569078,,20.366061503440722,62.00318665378707,36.5,28.239395447050942,,61.7444391898587,Balanced
548,69044,26519,WV,Albright,"Morgantown, WV",Preston County,158158.050516253,3.0469906606293136,68.29614220548659,85.88466882816118,52.56766214963085,,53.114861089988175,61.97266685465336,35.666666666666664,23.909212406720137,,199.7786367653775,Balanced
549,95249,87013,NM,Cuba,"Albuquerque, NM",Sandoval County,214777.899283105,5.480674568980502,84.02880341480808,78.47383047707271,100.0,37.57870140352734,9.734923648659153,61.96325178881346,41.0,31.283354714289107,0.9930695561858673,16.934840009853964,Balanced
550,88871,71033,LA,Bethany,"Shreveport-Bossier City, LA",Caddo Parish,236888.53243753067,7.718068423616107,98.49253857203641,,,,61.26648610551445,61.951804935510175,,,,234.13724020001777,Balanced
551,90131,73701,OK,Enid,"Enid, OK",Garfield County,76353.14765628536,-0.857685584307933,43.05418359168181,69.90504863362668,78.58510429268473,,68.21219570926245,61.95130644545114,47.166666666666664,27.71364660591947,,263.412983550921,Balanced
552,89854,73017,OK,Cement,"Oklahoma City, OK",Caddo County,103218.60702091752,3.7334748122417523,72.73395047870812,59.25196850393699,87.87651021607712,42.96400065271766,46.5685127923751,61.878988528763,54.833333333333336,29.072294479881773,0.9910782769394055,172.1861770197057,Balanced
553,93812,81527,CO,Whitewater,"Grand Junction, CO",Mesa County,544057.1535225558,5.922132794543536,86.88263035470716,67.82075034738304,85.42628010041685,,19.221189288475397,61.87017001819649,48.666666666666664,28.71400640541728,,56.918872466363844,Balanced
554,69991,28510,NC,Minnesott Beach,"New Bern, NC",Pamlico County,334980.5074985603,5.489139339318134,84.08352431076325,65.7364520611394,81.07703016850256,,28.374575574345627,61.85431642295018,50.166666666666664,28.07803169695588,,95.49983870085961,Balanced
555,74111,37025,TN,Bon Aqua,"Nashville-Davidson--Murfreesboro--Franklin, TN",Hickman County,326393.7593026175,4.204704381183037,75.78023563288434,,,,83.41660342404073,61.83936781138502,,,,327.49863691888635,Balanced
556,74437,37716,TN,Clinton,"Knoxville, TN",Anderson County,320884.135670298,2.744460051822233,66.34041921390211,66.89439555349696,100.0,59.112312156618046,16.47177628687434,61.76378064217829,49.333333333333336,32.53614792514818,0.9851072443049699,45.3302639594555,Balanced
557,86052,63441,MO,Frankford,"Hannibal, MO",Pike County,266539.7295665149,8.070218505593607,100.0,,56.80059512508544,,51.72278173380417,61.70467537177792,,24.52817851746202,,193.9111069835764,Balanced
558,74474,37772,TN,Lenoir City,"Knoxville, TN",Loudon County,491501.8710514969,1.7761258897194863,60.080578625115045,66.89439555349696,100.0,59.112312156618046,22.406528956908613,61.69876305842773,49.333333333333336,32.53614792514818,0.9851072443049699,70.34488534893259,Balanced
559,93808,81523,CO,Glade Park,"Grand Junction, CO",Mesa County,591818.7532409296,5.787001563745935,86.00906831748367,67.82075034738304,85.42628010041685,,19.221189288475397,61.69545761075179,48.666666666666664,28.71400640541728,,56.918872466363844,Balanced
560,74119,37033,TN,Centerville,,Hickman County,239630.9266744106,4.079932951790753,74.97364500683979,,,,83.41660342404073,61.67804968617611,,,,327.49863691888635,Balanced
561,75187,39170,MS,Terry,"Jackson, MS",Hinds County,260209.9760994505,4.623052988988496,78.48466938921949,58.55720240852244,57.76438516843895,65.36161760526139,47.9196175762247,61.6174984295334,55.333333333333336,24.6691099657428,0.98279648836201,177.8810014723166,Balanced
562,74507,37843,TN,Parrottsville,"Newport, TN",Cocke County,280755.13704234065,5.92366368476991,86.89252686476647,,98.85680080577558,,22.33810639610477,61.61748681332937,,30.677901703178634,,70.05648841848449,Balanced
563,94053,83210,ID,Aberdeen,"Blackfoot, ID",Bingham County,288208.12414178206,10.381577722318806,100.0,56.47290412227881,82.08144344204534,,19.530374295866448,61.61694437203812,56.833333333333336,28.224903329723826,,58.22206845938999,Balanced
564,75210,39206,MS,Jackson,"Jackson, MS",Hinds County,102102.10173251956,4.605677025969677,78.37234167960088,58.55720240852244,57.76438516843895,65.36161760526139,47.9196175762247,61.595032887609676,55.333333333333336,24.6691099657428,0.98279648836201,177.8810014723166,Balanced
565,74503,37830,TN,Oak Ridge,"Knoxville, TN",Anderson County,317130.0750590661,2.602065769621967,65.41990484787704,66.89439555349696,100.0,59.112312156618046,16.47177628687434,61.579677768973276,49.333333333333336,32.53614792514818,0.9851072443049699,45.3302639594555,Balanced
566,95259,87024,NM,Jemez Pueblo,"Albuquerque, NM",Sandoval County,340436.00901823695,5.183043212271788,82.10475186304296,78.47383047707271,100.0,37.57870140352734,9.734923648659153,61.57844147846044,41.0,31.283354714289107,0.9930695561858673,16.934840009853964,Balanced
567,84157,59728,MT,Elliston,,Powell County,407647.2016134421,4.758939434315728,79.36311354539619,,,,78.43747909081335,61.56011852724191,,,,306.5119308214786,Balanced
568,68152,24459,VA,Rockbridge Baths,"Staunton, VA",Rockbridge County,400727.18600123655,5.689507096933964,85.37881086668128,88.43214451134784,59.61164225106778,,24.37772535815811,61.560064597451,33.833333333333336,24.939227526924444,,78.6533582378746,Balanced
569,75650,40360,KY,Owingsville,"Mount Sterling, KY",Bath County,176224.37499391404,6.72937185223059,92.1010642548296,59.25196850393699,77.32192804811699,,28.462304969752335,61.42745315532719,54.833333333333336,27.528937022324502,,95.86961276438663,Balanced
570,69985,28501,NC,Kinston,"Kinston, NC",Lenoir County,90194.51653495448,3.3082740595775624,69.9852207177646,70.36822603056969,70.25611452353921,,46.34406802400114,61.39072585917493,46.833333333333336,26.4957292815226,,171.240155977907,Balanced
571,75692,40464,KY,Parksville,"Danville, KY",Boyle County,191460.16173824505,10.2713060006275,100.0,59.715145900880024,84.33976353641187,,12.512923048269334,61.31356649711225,54.5,28.555129112585455,,28.643938444960625,Balanced
572,76322,42343,KY,Fordsville,"Owensboro, KY",Ohio County,146409.99056898605,3.906473986643635,73.85231157359702,81.4844835572024,67.59434059823289,,33.63309400503625,61.31284594681371,38.833333333333336,26.106507939305608,,117.66417391864947,Balanced
573,83758,58622,ND,Belfield,"Dickinson, ND",Stark County,242283.13830693523,11.325162199640035,100.0,68.74710514126909,65.13497315695524,,22.47693653134891,61.27180296591465,48.0,25.746883747559608,,70.64164899107529,Balanced
574,83781,58652,ND,Richardton,"Dickinson, ND",Stark County,240157.2322128364,8.384707818968684,100.0,68.74710514126909,65.13497315695524,,22.47693653134891,61.27180296591465,48.0,25.746883747559608,,70.64164899107529,Balanced
575,83754,58601,ND,Dickinson,"Dickinson, ND",Stark County,316253.89112826245,7.920785509722711,99.80301246969913,68.74710514126909,65.13497315695524,,22.47693653134891,61.232405459854476,48.0,25.746883747559608,,70.64164899107529,Balanced
576,74454,37742,TN,Greenback,"Knoxville, TN",Loudon County,419273.99057514494,1.3761774466398686,57.495093577292955,66.89439555349696,100.0,59.112312156618046,22.406528956908613,61.18166604886331,49.333333333333336,32.53614792514818,0.9851072443049699,70.34488534893259,Balanced
577,70038,28572,NC,Pink Hill,"Kinston, NC",Lenoir County,162234.1467320474,3.14639332430418,68.93873528239949,70.36822603056969,70.25611452353921,,46.34406802400114,61.18142877210191,46.833333333333336,26.4957292815226,,171.240155977907,Balanced
578,83889,59029,MT,Fromberg,"Billings, MT",Carbon County,370379.5326205434,9.730946312856029,100.0,61.33626679018062,74.43116012856234,,19.915275848797293,61.136540553508055,53.333333333333336,27.106230736493934,,59.8444050847057,Balanced
579,83923,59071,MT,Fishtail,"Billings, MT",Carbon County,485766.23632321256,8.745340489881604,100.0,61.33626679018062,74.43116012856234,,19.915275848797293,61.136540553508055,53.333333333333336,27.106230736493934,,59.8444050847057,Balanced
580,69008,26408,WV,Mount Clare,"Clarksburg, WV",Harrison County,197394.85678704263,3.735242172205681,72.74537565822793,84.72672533580361,82.18055090569078,,15.950583292122378,61.12064703836894,36.5,28.239395447050942,,43.133467199853925,Balanced
581,59082,3258,NH,Chichester,"Concord, NH",Merrimack County,540061.8993224147,6.928165652378183,93.38617589052866,100.0,48.88225762495529,,13.10079847833287,61.073846398763365,22.5,23.370309353358184,,31.121797611942632,Balanced
582,100282,99587,AK,Anchorage,"Anchorage, AK",Anchorage Borough,686134.2904224767,23.92212367518034,100.0,96.30616025937934,72.77623623681933,19.310577888761486,16.906296235464914,61.059854124085014,28.166666666666668,26.864237345437232,0.9998244148378213,47.16173910332287,Balanced
583,75658,40374,KY,Sharpsburg,"Mount Sterling, KY",Bath County,173742.7022700506,6.44284041857899,90.24876866459583,59.25196850393699,77.32192804811699,,28.462304969752335,61.05699403728044,54.833333333333336,27.528937022324502,,95.86961276438663,Balanced
584,66111,19962,DE,Magnolia,"Dover, DE",Kent County,412995.4061920286,2.037413958220698,61.76968732393229,76.15794349235756,100.0,,17.319240564237678,61.0493742761055,42.666666666666664,30.870580184066927,,48.90227432248016,Balanced
585,83414,57730,SD,Custer,"Rapid City, SD",Custer County,469955.6840930361,2.4546979144927867,64.46723859161597,67.1259842519685,86.68513563424995,,36.89267049726797,61.03420579502048,49.166666666666664,28.8980841874849,,131.4030904964056,Balanced
586,93811,81526,CO,Palisade,"Grand Junction, CO",Mesa County,552407.6534725433,5.260718132317753,82.60688494505534,67.82075034738304,85.42628010041685,,19.221189288475397,61.015020936266126,48.666666666666664,28.71400640541728,,56.918872466363844,Balanced
587,66084,19904,DE,Dover,"Dover, DE",Kent County,332820.19081635354,1.9880731781525804,61.45072158891979,76.15794349235756,100.0,,17.319240564237678,60.985581129103004,42.666666666666664,30.870580184066927,,48.90227432248016,Balanced
588,90385,74421,OK,,"Tulsa, OK",Okmulgee County,247434.21012596635,1.2746399926798162,56.83870005070189,63.18897637795274,82.66517967613358,39.16604543554387,63.02983020109028,60.977746348284484,52.0,28.31026091714792,0.9924826166154387,241.56962826783334,Balanced
589,86569,64738,MO,Collins,,Saint Clair County,269727.36538645934,6.629265515836824,91.45392225336217,,,,63.351502606874924,60.961084972047416,,,,242.92545788526178,Balanced
590,75629,40322,KY,Frenchburg,"Mount Sterling, KY",Menifee County,143916.89626818497,14.1809597048767,100.0,59.25196850393699,77.32192804811699,,18.173295281148157,60.94943836664043,54.833333333333336,27.528937022324502,,52.502062987184416,Balanced
591,70215,28775,NC,Scaly Mountain,,Macon County,463543.2957304004,5.755323550194988,85.80428434645472,,,,68.9185652451205,60.94456991831505,,,,266.39028816375975,Balanced
592,67978,24090,VA,Fincastle,"Roanoke, VA",Botetourt County,318568.6051697707,0.7717218038759089,53.58756236050859,78.2422417786012,100.0,34.52937323412631,38.3590242737605,60.943640329399315,41.166666666666664,33.11355642455492,0.9941970819961169,137.5836824403962,Balanced
593,89911,73082,OK,Rush Springs,"Oklahoma City, OK",Grady County,159727.2621245832,6.871081587675371,93.01715333696754,59.25196850393699,87.87651021607712,42.96400065271766,21.548699650468176,60.9316664720335,54.833333333333336,29.072294479881773,0.9910782769394055,66.72918701903382,Balanced
594,67921,24018,VA,Roanoke,"Roanoke, VA",Roanoke County,366976.1058724541,4.584081279663456,78.23273498744486,78.2422417786012,100.0,34.52937323412631,13.632858542625156,60.927441708559506,41.166666666666664,33.11355642455492,0.9941970819961169,33.36439840842292,Balanced
595,94159,83431,ID,Lewisville,"Idaho Falls, ID",Jefferson County,381468.74822302297,4.467255749338108,77.47751099023594,61.33626679018062,100.0,,15.807864769128013,60.92432850990892,53.333333333333336,31.866335061146362,,42.531917309494496,Balanced
596,83785,58656,ND,Taylor,"Dickinson, ND",Stark County,255326.39290466745,7.679776812968384,98.24500069934363,68.74710514126909,65.13497315695524,,22.47693653134891,60.92080310578338,48.0,25.746883747559608,,70.64164899107529,Balanced
597,66096,19943,DE,Felton,"Dover, DE",Kent County,381291.76893557375,1.932177110680902,61.08937889792871,76.15794349235756,100.0,,17.319240564237678,60.91331259090479,42.666666666666664,30.870580184066927,,48.90227432248016,Balanced
598,60426,6757,CT,Kent,"Torrington, CT",Litchfield County,543743.2983275965,8.471186817680291,100.0,86.81102362204724,43.06608705842157,,24.608047536378823,60.89703164336953,35.0,22.51983227378851,,79.62415220455182,Balanced
599,60428,6759,CT,Litchfield,"Torrington, CT",Litchfield County,535918.8022404663,9.056058141013915,100.0,86.81102362204724,43.06608705842157,,24.608047536378823,60.89703164336953,35.0,22.51983227378851,,79.62415220455182,Balanced
600,60433,6777,CT,New Preston,"Torrington, CT",Litchfield County,705322.3422157312,9.395984616447592,100.0,86.81102362204724,43.06608705842157,,24.608047536378823,60.89703164336953,35.0,22.51983227378851,,79.62415220455182,Balanced
601,60440,6785,CT,Kent,"Torrington, CT",Litchfield County,811106.097134985,9.62167541629457,100.0,86.81102362204724,43.06608705842157,,24.608047536378823,60.89703164336953,35.0,22.51983227378851,,79.62415220455182,Balanced
602,60126,6069,CT,Sharon,"Torrington, CT",Litchfield County,669836.8727169958,10.990596347953618,100.0,86.81102362204724,43.06608705842157,,24.608047536378823,60.89703164336953,35.0,22.51983227378851,,79.62415220455182,Balanced
603,60434,6778,CT,Litchfield,"Torrington, CT",Litchfield County,418832.7284462362,10.135902211358356,100.0,86.81102362204724,43.06608705842157,,24.608047536378823,60.89703164336953,35.0,22.51983227378851,,79.62415220455182,Balanced
604,60447,6794,CT,Washington,"Torrington, CT",Litchfield County,855697.8578494835,9.733566827574949,100.0,86.81102362204724,43.06608705842157,,24.608047536378823,60.89703164336953,35.0,22.51983227378851,,79.62415220455182,Balanced
605,74130,37047,TN,Cornersville,"Lewisburg, TN",Marshall County,300234.1862925098,3.6779734995732,72.37515969824125,67.82075034738304,100.0,,14.158277788780646,60.87083756688099,48.666666666666664,32.822091984371355,,35.57900856053363,Balanced
606,83813,58746,ND,Kenmare,"Minot, ND",Ward County,235902.6869746678,5.809095431924353,86.15189514132125,87.04261232051874,65.74153470118665,,15.37329969498778,60.86186837160289,34.833333333333336,25.835578995543823,,40.700251964181106,Balanced
607,86953,65723,MO,Pierce City,"Joplin, MO",Lawrence County,207715.679080382,3.3062085029196546,69.97186783204432,74.30523390458544,68.45798296548053,,41.525446619130456,60.85210626424815,44.0,26.232795163843996,,150.92995995732468,Balanced
608,94161,83434,ID,Menan,"Idaho Falls, ID",Jefferson County,408565.7251726464,4.406509207765804,77.08481218702839,61.33626679018062,100.0,,15.807864769128013,60.845788749267406,53.333333333333336,31.866335061146362,,42.531917309494496,Balanced
609,83733,58558,ND,Menoken,"Bismarck, ND",Burleigh County,367134.6152791148,7.428331579929845,96.61952146166631,81.25289485873088,57.63484272741053,,18.705670334835624,60.84258587652867,39.0,24.65016745440035,,54.74599144479907,Balanced
610,86642,64873,MO,Wentworth,"Joplin, MO",Lawrence County,287952.3017278973,3.278992607191647,69.79592942626876,74.30523390458544,68.45798296548053,,41.525446619130456,60.81691858309304,44.0,26.232795163843996,,150.92995995732468,Balanced
611,93033,79703,TX,Midland,"Midland, TX",Midland County,233961.42436375268,3.938035636375201,74.0563433053803,72.22093561834181,100.0,,7.754742832507954,60.806404351246016,45.5,33.22583030941546,,8.588498358780251,Balanced
612,88856,71007,LA,Bethany,"Shreveport-Bossier City, LA",Caddo Parish,203499.76280778195,6.805993329425071,92.59638730722848,,,,61.26648610551445,60.77257468254859,,,,234.13724020001777,Balanced
613,59128,3450,NH,Harrisville,"Keene, NH",Cheshire County,514250.8430746971,10.36797046763375,100.0,99.77999073645206,39.27562170496323,,14.735733533261056,60.758269194935274,25.666666666666668,21.965566564565933,,38.01294938679433,Balanced
614,59172,3609,NH,Walpole,"Keene, NH",Cheshire County,282732.05473675183,8.914391326434446,100.0,99.77999073645206,39.27562170496323,,14.735733533261056,60.758269194935274,25.666666666666668,21.965566564565933,,38.01294938679433,Balanced
615,83452,57790,SD,Wall,"Rapid City, SD",Pennington County,306799.0957873908,5.433424098636183,83.72335058284524,67.1259842519685,86.68513563424995,,16.210858117436672,60.74906571730008,49.166666666666664,28.8980841874849,,44.23050975148763,Balanced
616,86693,65075,MO,Saint Elizabeth,,Miller County,334296.73989086994,8.208255801259327,100.0,,,,53.61841125466482,60.72368225093297,,,,201.9010700697333,Balanced
617,67455,22952,VA,Lyndhurst,"Staunton, VA",Augusta County,325644.0291483682,6.521033660297382,90.75425246082452,88.43214451134784,59.61164225106778,,14.7420538623239,60.70801861711281,33.833333333333336,24.939227526924444,,38.03958918921815,Balanced
618,59063,3235,NH,Franklin,"Concord, NH",Merrimack County,367690.0456121026,6.574272753940434,91.09841902267888,100.0,48.88225762495529,,13.10079847833287,60.61629502519341,22.5,23.370309353358184,,31.121797611942632,Balanced
619,92935,79373,TX,Tahoka,"Lubbock, TX",Lynn County,157013.96541518767,3.862906980691843,73.57067066608558,44.430291801760056,72.67035781589684,62.315903716465144,,60.59744480004152,65.5,26.848755136106277,0.9839226777484832,,Balanced
620,76345,42376,KY,Utica,"Owensboro, KY",Daviess County,237735.512014082,4.679243863712221,78.84791787520827,81.4844835572024,67.59434059823289,,24.91082191910167,60.56751278994904,38.833333333333336,26.106507939305608,,80.90032780467182,Balanced
621,94583,84526,UT,Helper,"Price, UT",Carbon County,274426.44365803426,10.334414248006146,100.0,,82.9148619622595,,19.915275848797293,60.56602756221136,,28.34677103305589,,59.8444050847057,Balanced
622,90299,74108,OK,Tulsa,"Tulsa, OK",Tulsa County,174328.87228824795,7.445244597930895,96.72885644199167,63.18897637795274,82.66517967613358,39.16604543554387,21.044631961713556,60.55873797866709,52.0,28.31026091714792,0.9924826166154387,64.6045723821794,Balanced
623,93035,79705,TX,Midland,"Midland, TX",Midland County,347566.8464428195,3.7377133083186562,72.76135043093122,72.22093561834181,100.0,,7.754742832507954,60.5474057763562,45.5,33.22583030941546,,8.588498358780251,Balanced
624,66122,19977,DE,Smyrna,"Dover, DE",Kent County,387357.7961671792,1.6309018854713808,59.141771391169684,76.15794349235756,100.0,,17.319240564237678,60.52379108955299,42.666666666666664,30.870580184066927,,48.90227432248016,Balanced
625,83921,59069,MT,Reed Point,"Billings, MT",Sweet Grass County,446380.3618672602,7.116503926597925,94.60369729948393,61.33626679018062,74.43116012856234,,22.16829641559686,60.50788412676475,53.333333333333336,27.106230736493934,,69.34074968315225,Balanced
626,62901,13026,NY,Aurora,"Auburn, NY",Cayuga County,326499.4856179395,5.505535880016125,84.18952049988263,89.3584993052339,58.890561908748104,,20.029967125310982,60.49370976783512,33.166666666666664,24.83378661925921,,60.327821836536266,Balanced
627,69117,26705,WV,Rowlesburg,"Morgantown, WV",Preston County,129876.39308463129,1.8680392669449832,60.674756866394134,85.88466882816118,52.56766214963085,,53.114861089988175,60.44838978683487,35.666666666666664,23.909212406720137,,199.7786367653775,Balanced
628,70298,29078,SC,Lugoff,"Columbia, SC",Kershaw County,255212.70889511533,2.8684456927119477,67.14193007414363,71.75775822139877,97.13387933647242,45.45370748670096,20.730955718518164,60.443646167446786,45.833333333333336,30.425965278209905,0.9901576778568141,63.28244610351833,Balanced
629,66099,19946,DE,Frederica,"Dover, DE",Kent County,359559.7700300011,1.5314147447841198,58.498632208736915,76.15794349235756,100.0,,17.319240564237678,60.395163253066436,42.666666666666664,30.870580184066927,,48.90227432248016,Balanced
630,85997,63334,MO,Bowling Green,,Pike County,217100.6530515148,8.608058647178204,100.0,,,,51.72278173380417,60.34455634676083,,,,193.9111069835764,Balanced
631,89909,73079,OK,Pocasset,"Oklahoma City, OK",Grady County,275841.6226295548,6.415650339481462,90.07299715161167,59.25196850393699,87.87651021607712,42.96400065271766,21.548699650468176,60.34283523496232,54.833333333333336,29.072294479881773,0.9910782769394055,66.72918701903382,Balanced
632,75680,40437,KY,Hustonville,"Danville, KY",Casey County,190744.9195401372,4.754410148328073,79.3338337684624,59.715145900880024,84.33976353641187,,28.299709336463447,60.33769050844354,54.5,28.555129112585455,,95.18428206360778,Balanced
633,84215,59843,MT,Helmville,,Powell County,358197.0022326396,3.8093870705419324,73.22468875304726,,,,78.43747909081335,60.332433568772124,,,,306.5119308214786,Balanced
634,93810,81525,CO,Mack,"Grand Junction, CO",Mesa County,469321.2696011995,4.717365090511219,79.0943542936989,67.82075034738304,85.42628010041685,,19.221189288475397,60.31251480599484,48.666666666666664,28.71400640541728,,56.918872466363844,Balanced
635,69527,27828,NC,Farmville,"Greenville, NC",Pitt County,205570.624845645,3.2000444876255827,69.28556568758283,76.62112088930058,89.43712003233254,,16.21397718117982,60.31155675807916,42.333333333333336,29.300496673007565,,44.24365641537785,Balanced
636,68167,24482,VA,Verona,"Staunton, VA",Augusta County,298646.22846452263,6.214017245611116,88.76953077146099,88.43214451134784,59.61164225106778,,14.7420538623239,60.3110742792401,33.833333333333336,24.939227526924444,,38.03958918921815,Balanced
637,93809,81524,CO,Loma,"Grand Junction, CO",Mesa County,622381.6137004722,4.7152007743476165,79.08036297262593,67.82075034738304,85.42628010041685,,19.221189288475397,60.30971654178025,48.666666666666664,28.71400640541728,,56.918872466363844,Balanced
638,67918,24015,VA,Roanoke,"Roanoke, VA",Roanoke City,297153.1196802128,4.048000113144874,74.76721370730101,78.2422417786012,100.0,34.52937323412631,13.99874261317665,60.307514266641036,41.166666666666664,33.11355642455492,0.9941970819961169,34.90657750267547,Balanced
639,70356,29201,SC,Columbia,"Columbia, SC",Richland County,235797.8729621429,3.071519429398386,68.45470955583204,71.75775822139877,97.13387933647242,45.45370748670096,18.62634266829414,60.28527945373967,45.833333333333336,30.425965278209905,0.9901576778568141,54.41163015721497,Balanced
640,93037,79707,TX,Midland,"Midland, TX",Midland County,410533.35396067816,3.5256243326178183,71.39029152328781,72.22093561834181,100.0,,7.754742832507954,60.273193994827515,45.5,33.22583030941546,,8.588498358780251,Balanced
641,68157,24467,VA,Mount Sidney,"Staunton, VA",Augusta County,392367.5451638582,6.154221677973211,88.38297958285428,88.43214451134784,59.61164225106778,,14.7420538623239,60.23376404151877,33.833333333333336,24.939227526924444,,38.03958918921815,Balanced
642,95239,87002,NM,Belen,"Albuquerque, NM",Valencia County,259945.67789763995,2.5179998722668175,64.87645700002477,78.47383047707271,100.0,37.57870140352734,20.19243426842624,60.22428462981022,41.0,31.283354714289107,0.9930695561858673,61.012610959051585,Balanced
643,75775,40744,KY,London,"London, KY",Laurel County,196656.0284690197,8.553879981548514,100.0,43.27234830940249,85.7479249980189,,22.054292113601782,60.21491308420464,66.33333333333333,28.761039347460816,,68.86022848711698,Balanced
644,68137,24431,VA,Crimora,"Staunton, VA",Augusta County,338380.5828346775,6.10994208914563,88.09673215067055,88.43214451134784,59.61164225106778,,14.7420538623239,60.17651455508202,33.833333333333336,24.939227526924444,,38.03958918921815,Balanced
645,70397,29316,SC,Boiling Springs,"Spartanburg, SC",Spartanburg County,279814.2982540275,2.4289704390516103,64.3009221470283,62.262621584066686,100.0,57.374314332003095,16.93868867926183,60.17530934847199,52.666666666666664,31.068293907115454,0.9857498899293652,47.29827128292843,Balanced
646,75772,40741,KY,London,"London, KY",Laurel County,183489.82789882625,7.90586246197673,99.7065417433273,43.27234830940249,85.7479249980189,,22.054292113601782,60.156221432870105,66.33333333333333,28.761039347460816,,68.86022848711698,Balanced
647,70420,29349,SC,Inman,"Spartanburg, SC",Spartanburg County,299772.7254214483,2.4076384477404518,64.16302051113098,62.262621584066686,100.0,57.374314332003095,16.93868867926183,60.14772902129253,52.666666666666664,31.068293907115454,0.9857498899293652,47.29827128292843,Balanced
648,69536,27837,NC,Grimesland,"Greenville, NC",Pitt County,311043.8570090363,3.064626941812085,68.41015275381159,76.62112088930058,89.43712003233254,,16.21397718117982,60.13647417132491,42.333333333333336,29.300496673007565,,44.24365641537785,Balanced
649,68980,26330,WV,Bridgeport,"Clarksburg, WV",Harrison County,299362.06602263567,2.9724594555442336,67.81433181297739,84.72672533580361,82.18055090569078,,15.950583292122378,60.134438269318835,36.5,28.239395447050942,,43.133467199853925,Balanced
650,68212,24558,VA,Halifax,,Halifax County,167006.0382272222,6.490819770117405,90.55893338245691,,,,60.09912192355019,60.131611061201426,,,,229.21687120420185,Balanced
651,86611,64832,MO,Oronogo,"Joplin, MO",Jasper County,277701.4026826528,5.598017674260795,84.78737329904395,74.30523390458544,68.45798296548053,,23.079882401695915,60.126094514161174,44.0,26.232795163843996,,73.18302914685387,Balanced
652,86296,64040,MO,,"Warrensburg, MO",Johnson County,272495.056580233,4.935651820608766,80.50547886880527,74.07364520611394,91.567741825712,,4.46802477135702,60.12297813439765,44.166666666666664,29.612049606294526,,-5.264818280474415,Balanced
653,94169,83444,ID,Roberts,"Idaho Falls, ID",Jefferson County,394726.717506004,3.828303387729969,73.34697415281764,61.33626679018062,100.0,,15.807864769128013,60.09822114242526,53.333333333333336,31.866335061146362,,42.531917309494496,Balanced
654,90270,74061,OK,,"Bartlesville, OK",Washington County,257665.1609590974,8.263544261999114,100.0,71.06299212598424,79.3787176091494,,0.0,60.08834194702673,46.333333333333336,27.82969374174079,,-37.19437346980591,Balanced
655,69988,28504,NC,Kinston,"Kinston, NC",Lenoir County,184312.36853572563,2.2837392522446787,63.3620684811021,70.36822603056969,70.25611452353921,,46.34406802400114,60.066095411842426,46.833333333333336,26.4957292815226,,171.240155977907,Balanced
656,83751,58579,ND,Wilton,"Bismarck, ND",McLean County,237895.32180833435,7.791169583926615,98.9651043745332,81.25289485873088,57.63484272741053,,12.472268049563779,60.06502200204768,39.0,24.65016745440035,,28.472580099170745,Balanced
657,59040,3106,NH,Hooksett,"Concord, NH",Merrimack County,509416.28628180205,6.135137480801868,88.25960891523455,100.0,48.88225762495529,,13.10079847833287,60.04853300370455,22.5,23.370309353358184,,31.121797611942632,Balanced
658,94090,83262,ID,Pingree,"Blackfoot, ID",Bingham County,424481.9445751876,6.7191221078019465,92.03480431202247,56.47290412227881,82.08144344204534,,19.530374295866448,60.023905234442616,56.833333333333336,28.224903329723826,,58.22206845938999,Balanced
659,86759,65281,MO,Salisbury,,Chariton County,173334.36078395523,13.279699352053123,100.0,,,,,60.0,,,,,Balanced
660,86536,64658,MO,Marceline,,Chariton County,134950.2426625339,8.905732814553732,100.0,,,,,60.0,,,,,Balanced
661,100393,99723,AK,Barrow,,North Slope Borough,279879.3505776425,10.511838876236771,100.0,,,,,60.0,,,,,Balanced
662,86798,65360,MO,Windsor,"Sedalia, MO",Henry County,174004.52554773472,7.161812399875927,94.89659600237148,67.82075034738304,86.47611161569368,,0.7338328454760233,59.98545816218485,48.666666666666664,28.867519379450464,,-21.004210031911295,Balanced
663,69029,26444,WV,Rowlesburg,"Morgantown, WV",Preston County,110397.35512737832,1.4978339692563245,58.2815477456675,85.88466882816118,52.56766214963085,,53.114861089988175,59.969747962689546,35.666666666666664,23.909212406720137,,199.7786367653775,Balanced
664,59501,4448,ME,Howland,"Bangor, ME",Penobscot County,184312.5974710544,5.56969275134434,84.60426553616004,68.9786938397406,82.22208545078443,,14.009357438376972,59.96288045301241,47.833333333333336,28.245468889741183,,34.95131834500951,Balanced
665,75764,40701,KY,Corbin,"London, KY",Whitley County,177221.82355170336,4.144097338596502,75.3884386272663,43.27234830940249,85.7479249980189,,45.330893817017305,59.947921150341,66.33333333333333,28.761039347460816,,166.9696883445628,Balanced
666,95244,87008,NM,Cedar Crest,"Albuquerque, NM",Bernalillo County,450860.2883725918,3.3270419144291554,70.10654637595408,78.47383047707271,100.0,37.57870140352734,13.477484389084388,59.927312529127704,41.0,31.283354714289107,0.9930695561858673,32.709505805373574,Balanced
667,69312,27349,NC,,"Burlington, NC",Alamance County,305695.0955460442,2.9302904716531812,67.54172848317653,69.67345993515515,91.57228875260046,,20.698614913105196,59.89721841680746,47.333333333333336,29.612714486572173,,63.14613157655903,Balanced
668,67475,23002,VA,Amelia Court House,"Richmond, VA",Amelia County,323706.3146349751,6.283746106291087,89.22029618837712,98.15886984715146,74.41305492546597,19.34317233370419,18.316970199300226,59.8904726987998,26.833333333333332,27.10358327970458,0.9998123626493056,53.107644024939326,Balanced
669,60419,6750,CT,Litchfield,"Torrington, CT",Litchfield County,423786.0160226847,7.1668346876788664,94.92906281214418,86.81102362204724,43.06608705842157,,24.608047536378823,59.882844205798364,35.0,22.51983227378851,,79.62415220455182,Balanced
670,399729,81507,CO,Grand Junction,"Grand Junction, CO",Mesa County,613224.5424926081,4.375524417554861,76.88450959006502,67.82075034738304,85.42628010041685,,19.221189288475397,59.87054586526806,48.666666666666664,28.71400640541728,,56.918872466363844,Balanced
671,75656,40371,KY,Salt Lick,"Mount Sterling, KY",Bath County,161450.99319608483,5.5239142012321105,84.3083280000247,59.25196850393699,77.32192804811699,,28.462304969752335,59.86890590436621,54.833333333333336,27.528937022324502,,95.86961276438663,Balanced
672,70396,29307,SC,Spartanburg,"Spartanburg, SC",Spartanburg County,257502.46761412543,2.1871453636442424,62.737632859439465,62.262621584066686,100.0,57.374314332003095,16.93868867926183,59.86265149095422,52.666666666666664,31.068293907115454,0.9857498899293652,47.29827128292843,Balanced
673,70390,29301,SC,Spartanburg,"Spartanburg, SC",Spartanburg County,232300.82494720115,2.1438607060035,62.4578172055304,62.262621584066686,100.0,57.374314332003095,16.93868867926183,59.80668836017241,52.666666666666664,31.068293907115454,0.9857498899293652,47.29827128292843,Balanced
674,68033,24179,VA,Vinton,"Roanoke, VA",Roanoke County,276087.15961124655,3.706837020642554,72.56174925357915,78.2422417786012,100.0,34.52937323412631,13.632858542625156,59.79324456178636,41.166666666666664,33.11355642455492,0.9941970819961169,33.36439840842292,Balanced
675,75173,39154,MS,,"Jackson, MS",Hinds County,248644.4166690717,3.201953262201429,69.29790504834521,58.55720240852244,57.76438516843895,65.36161760526139,47.9196175762247,59.78014556135854,55.333333333333336,24.6691099657428,0.98279648836201,177.8810014723166,Balanced
676,69851,28318,NC,Autryville,"Fayetteville, NC",Sampson County,188397.5731633126,2.300004753058363,63.46721755688122,68.05233904585455,92.55905841213871,23.71822845721242,51.06928483118169,59.77322566065372,48.5,29.757006159013994,0.9981946329637812,191.15665730265937,Balanced
677,68989,26347,WV,Bridgeport,"Clarksburg, WV",Taylor County,139767.77899705622,2.0055905922232706,61.56396371534873,84.72672533580361,82.18055090569078,,20.366061503440722,59.76746029205677,36.5,28.239395447050942,,61.7444391898587,Balanced
678,70410,29333,SC,Spartanburg,"Spartanburg, SC",Spartanburg County,144611.88827069837,2.0934927802597962,62.13221144020371,62.262621584066686,100.0,57.374314332003095,16.93868867926183,59.741567207107074,52.666666666666664,31.068293907115454,0.9857498899293652,47.29827128292843,Balanced
679,100326,99645,AK,Palmer,"Anchorage, AK",Matanuska Susitna Borough,421505.503970604,8.03463507313615,100.0,96.30616025937934,72.77623623681933,19.310577888761486,10.164346165579314,59.71146411010789,28.166666666666668,26.864237345437232,0.9998244148378213,18.744829789396388,Balanced
680,70427,29365,SC,Lyman,"Spartanburg, SC",Spartanburg County,303844.0281766211,2.0576553690424895,61.900538852253284,62.262621584066686,100.0,57.374314332003095,16.93868867926183,59.695232689516985,52.666666666666664,31.068293907115454,0.9857498899293652,47.29827128292843,Balanced
681,94582,84525,UT,Elmo,"Price, UT",Emery County,248984.13052513893,10.409267941708645,100.0,,82.9148619622595,,15.456376736001076,59.67424773965212,,28.34677103305589,,41.05041663702392,Balanced
682,89840,73002,OK,,"Oklahoma City, OK",Grady County,166446.58937595785,5.889471374543192,86.67148910759717,59.25196850393699,87.87651021607712,42.96400065271766,21.548699650468176,59.66253362615943,54.833333333333336,29.072294479881773,0.9910782769394055,66.72918701903382,Balanced
683,69078,26585,WV,,"Fairmont, WV",Wetzel County,109985.93175524772,3.2944170196385207,69.89564124773693,83.33719314497452,70.57042788350611,,24.30231991618989,59.621116438481494,37.5,26.541690159972852,,78.33552888820934,Balanced
684,70440,29385,SC,Lyman,"Spartanburg, SC",Spartanburg County,268422.5259551809,1.9993054017645875,61.5233328134542,62.262621584066686,100.0,57.374314332003095,16.93868867926183,59.61979148175717,52.666666666666664,31.068293907115454,0.9857498899293652,47.29827128292843,Balanced
685,95280,87048,NM,Corrales,"Albuquerque, NM",Sandoval County,691623.9387320504,3.640225746935454,72.13113762058974,78.47383047707271,100.0,37.57870140352734,9.734923648659153,59.58371862996979,41.0,31.283354714289107,0.9930695561858673,16.934840009853964,Balanced
686,70391,29302,SC,Spartanburg,"Spartanburg, SC",Spartanburg County,265374.0913022482,1.9130234637392465,60.965559269084565,62.262621584066686,100.0,57.374314332003095,16.93868867926183,59.508236772883244,52.666666666666664,31.068293907115454,0.9857498899293652,47.29827128292843,Balanced
687,89855,73018,OK,Chickasha,"Oklahoma City, OK",Grady County,150746.22027713465,5.7699424975562374,85.89878920194653,59.25196850393699,87.87651021607712,42.96400065271766,21.548699650468176,59.5079936450293,54.833333333333336,29.072294479881773,0.9910782769394055,66.72918701903382,Balanced
688,69004,26385,WV,West Milford,"Clarksburg, WV",Harrison County,162889.02164372816,2.47143326836134,64.57542505401092,84.72672533580361,82.18055090569078,,15.950583292122378,59.486656917525536,36.5,28.239395447050942,,43.133467199853925,Balanced
689,95299,87104,NM,Albuquerque,"Albuquerque, NM",Bernalillo County,344975.63444671914,2.9731239280829236,67.81862732616965,78.47383047707271,100.0,37.57870140352734,13.477484389084388,59.46972871917082,41.0,31.283354714289107,0.9930695561858673,32.709505805373574,Balanced
690,60444,6791,CT,Harwinton,"Torrington, CT",Litchfield County,425907.6936424325,6.824051644400668,92.71312611235734,86.81102362204724,43.06608705842157,,24.608047536378823,59.439656865841,35.0,22.51983227378851,,79.62415220455182,Balanced
691,83433,57761,SD,New Underwood,"Rapid City, SD",Pennington County,401016.8643710623,4.410346345670852,77.10961754094735,67.1259842519685,86.68513563424995,,16.210858117436672,59.4263191089205,49.166666666666664,28.8980841874849,,44.23050975148763,Balanced
692,62943,13081,NY,King Ferry,"Auburn, NY",Cayuga County,315002.0317170768,4.655537347935282,78.69466601703056,89.3584993052339,58.890561908748104,,20.029967125310982,59.394738871264714,33.166666666666664,24.83378661925921,,60.327821836536266,Balanced
693,69528,27829,NC,,"Greenville, NC",Pitt County,181229.302354392,2.471859564321919,64.57818086379365,76.62112088930058,89.43712003233254,,16.21397718117982,59.370079793321324,42.333333333333336,29.300496673007565,,44.24365641537785,Balanced
694,67919,24016,VA,Roanoke,"Roanoke, VA",Roanoke City,161605.02350130447,3.3197156227968927,70.05918522778872,78.2422417786012,100.0,34.52937323412631,13.99874261317665,59.36590857073858,41.166666666666664,33.11355642455492,0.9941970819961169,34.90657750267547,Balanced
695,68234,24593,VA,Spout Spring,"Lynchburg, VA",Appomattox County,301955.631854997,5.355182959528849,83.21755715174966,71.75775822139877,73.27180876805713,,18.522000167397767,59.35382486172066,45.833333333333336,26.936703081140934,,53.97183286491452,Balanced
696,70004,28525,NC,Deep Run,"Kinston, NC",Lenoir County,142894.02539507995,1.7249807568520594,59.749948568702294,70.36822603056969,70.25611452353921,,46.34406802400114,59.343671429362466,46.833333333333336,26.4957292815226,,171.240155977907,Balanced
697,75215,39211,MS,Jackson,"Jackson, MS",Hinds County,202553.03929244567,2.862566550152612,67.10392408751161,58.55720240852244,57.76438516843895,65.36161760526139,47.9196175762247,59.34134936919182,55.333333333333336,24.6691099657428,0.98279648836201,177.8810014723166,Balanced
698,95260,87025,NM,Jemez Springs,"Albuquerque, NM",Sandoval County,340153.2474011181,3.431333088970993,70.78074145550349,78.47383047707271,100.0,37.57870140352734,9.734923648659153,59.313639396952546,41.0,31.283354714289107,0.9930695561858673,16.934840009853964,Balanced
699,94178,83454,ID,Idaho Falls,"Idaho Falls, ID",Bonneville County,344325.50101899134,3.580935685449572,71.74785429968009,61.33626679018062,100.0,,13.44246588526749,59.30531739502564,53.333333333333336,31.866335061146362,,32.5619049425729,Balanced
700,70392,29303,SC,Spartanburg,"Spartanburg, SC",Spartanburg County,201530.43146210324,1.7477373458049825,59.89705958137226,62.262621584066686,100.0,57.374314332003095,16.93868867926183,59.29453683534078,52.666666666666664,31.068293907115454,0.9857498899293652,47.29827128292843,Balanced
701,67959,24066,VA,Buchanan,"Roanoke, VA",Botetourt County,212764.9299169808,-0.5150693757107097,45.269041781024164,78.2422417786012,100.0,34.52937323412631,38.3590242737605,59.27993621350244,41.166666666666664,33.11355642455492,0.9941970819961169,137.5836824403962,Balanced
702,59508,4456,ME,Levant,"Bangor, ME",Penobscot County,317591.8305634023,5.024601821695591,81.08050022916588,68.9786938397406,82.22208545078443,,14.009357438376972,59.25812739161358,47.833333333333336,28.245468889741183,,34.95131834500951,Balanced
703,83381,57638,SD,Lemmon,,Perkins County,117387.3500819414,8.692690865600317,100.0,,,,46.26760759175341,59.25352151835068,,,,170.9178799084071,Balanced
704,70297,29075,SC,Little Mountain,"Columbia, SC",Richland County,324586.2650147395,2.2373470127863766,63.06216372205158,71.75775822139877,97.13387933647242,45.45370748670096,18.62634266829414,59.20677028698358,45.833333333333336,30.425965278209905,0.9901576778568141,54.41163015721497,Balanced
705,84107,59538,MT,Malta,,Phillips County,235723.3061841613,1.08031380243715,55.58246948407201,,,,90.4482799942009,59.20614989565459,,,,357.1367258023441,Balanced
706,83784,58655,ND,South Heart,"Dickinson, ND",Stark County,330585.3552000634,6.3446735840875315,89.61416466210152,68.74710514126909,65.13497315695524,,22.47693653134891,59.19463589833495,48.0,25.746883747559608,,70.64164899107529,Balanced
707,69555,27858,NC,Greenville,"Greenville, NC",Pitt County,259708.3282256433,2.328185836875251,63.649395465310974,76.62112088930058,89.43712003233254,,16.21397718117982,59.18432271362479,42.333333333333336,29.300496673007565,,44.24365641537785,Balanced
708,70296,29074,SC,Liberty Hill,"Columbia, SC",Kershaw County,431056.0980309702,1.8916128378757286,60.82714929651814,71.75775822139877,97.13387933647242,45.45370748670096,20.730955718518164,59.18069001192169,45.833333333333336,30.425965278209905,0.9901576778568141,63.28244610351833,Balanced
709,94436,84071,UT,,"Salt Lake City, UT",Tooele County,611854.6574730325,4.683961636120575,78.87841613125073,74.99999999999999,100.0,27.053600054379572,14.878868895201428,59.162177016166346,43.5,35.336829323051596,0.9969613391516173,38.61625622794757,Balanced
710,94175,83450,ID,,"Idaho Falls, ID",Jefferson County,379117.2232097344,3.1007047314903406,68.6433792793441,61.33626679018062,100.0,,15.807864769128013,59.15750216773055,53.333333333333336,31.866335061146362,,42.531917309494496,Balanced
711,69559,27863,NC,Pikeville,"Goldsboro, NC",Wayne County,239375.8851408695,1.3194879749308224,57.12862188823203,76.62112088930058,69.47727023551546,,42.54077511900112,59.15355762640985,42.333333333333336,26.381841766027552,,155.20950780410354,Balanced
712,63554,14482,NY,Le Roy,"Batavia, NY",Genesee County,220294.50668442223,5.789322778747982,86.02407391829149,100.0,5.163896366842736,,54.56907869249058,59.15140979552496,23.0,16.977535313973238,,205.9080754744553,Balanced
713,95952,89701,NV,Carson City,"Carson City, NV",Carson City,463769.1010568617,2.333178333376228,63.681669687846245,70.36822603056969,100.0,,11.289953409729552,59.0679698256291,46.833333333333336,31.604261298999397,,23.48919583313049,Balanced
714,69580,27884,NC,Stokes,"Greenville, NC",Pitt County,227507.6844440387,2.2358930631103644,63.05276459770778,76.62112088930058,89.43712003233254,,16.21397718117982,59.06499654010415,42.333333333333336,29.300496673007565,,44.24365641537785,Balanced
715,95265,87031,NM,Los Lunas,"Albuquerque, NM",Valencia County,314566.2512214619,1.614809672790346,59.037742544469296,78.47383047707271,100.0,37.57870140352734,20.19243426842624,59.05654173869912,41.0,31.283354714289107,0.9930695561858673,61.012610959051585,Balanced
716,83706,58501,ND,Bismarck,"Bismarck, ND",Burleigh County,289180.4739317427,6.012115531241913,87.4643278817793,81.25289485873088,57.63484272741053,,18.705670334835624,59.01154716055127,39.0,24.65016745440035,,54.74599144479907,Balanced
717,95954,89703,NV,Carson City,"Carson City, NV",Carson City,610795.3883227443,2.285975516231175,63.376524912174936,70.36822603056969,100.0,,11.289953409729552,59.00694087049484,46.833333333333336,31.604261298999397,,23.48919583313049,Balanced
718,70411,29334,SC,Duncan,"Spartanburg, SC",Spartanburg County,307427.4251582281,1.5231288837008794,58.44506787985969,62.262621584066686,100.0,57.374314332003095,16.93868867926183,59.00413849503827,52.666666666666664,31.068293907115454,0.9857498899293652,47.29827128292843,Balanced
719,95316,87122,NM,Albuquerque,"Albuquerque, NM",Bernalillo County,733812.1580052009,2.60518870212961,65.44009318825836,78.47383047707271,100.0,37.57870140352734,13.477484389084388,58.99402189158856,41.0,31.283354714289107,0.9930695561858673,32.709505805373574,Balanced
720,83821,58759,ND,Max,"Minot, ND",Ward County,168121.1705027501,4.354863516499365,76.75094624789473,87.04261232051874,65.74153470118665,,15.37329969498778,58.98167859291759,34.833333333333336,25.835578995543823,,40.700251964181106,Balanced
721,95297,87102,NM,Albuquerque,"Albuquerque, NM",Bernalillo County,242936.035231813,2.593210685873598,65.36266075298239,78.47383047707271,100.0,37.57870140352734,13.477484389084388,58.978535404533375,41.0,31.283354714289107,0.9930695561858673,32.709505805373574,Balanced
722,60114,6057,CT,New Hartford,"Torrington, CT",Litchfield County,448453.91015665577,6.412611848636953,90.05335468823333,86.81102362204724,43.06608705842157,,24.608047536378823,58.907702581016196,35.0,22.51983227378851,,79.62415220455182,Balanced
723,93036,79706,TX,Midland,"Midland, TX",Midland County,376670.3791755288,2.441907280786392,64.38455295357369,72.22093561834181,100.0,,7.754742832507954,58.87204628088469,45.5,33.22583030941546,,8.588498358780251,Balanced
724,73738,36083,AL,Tuskegee,,Macon County,113785.52452843438,4.107088743444679,75.1491948670727,,,,68.9185652451205,58.81355202243864,,,,266.39028816375975,Balanced
725,60420,6751,CT,Bethlehem,"Torrington, CT",Litchfield County,500053.65250330354,6.3185770114500395,89.44546217176527,86.81102362204724,43.06608705842157,,24.608047536378823,58.78612407772259,35.0,22.51983227378851,,79.62415220455182,Balanced
726,69957,28447,NC,Harrells,"Wilmington, NC",Bladen County,163654.8472108676,-2.6501836743559113,31.466497502987316,58.55720240852244,94.65817573383538,68.83644183082126,40.331096200020646,58.76988273523741,55.333333333333336,30.063952310095438,0.9815116302612275,145.89584561398462,Balanced
727,94167,83442,ID,Rigby,"Idaho Falls, ID",Jefferson County,472997.15247000166,2.799435528924694,66.69581070624255,61.33626679018062,100.0,,15.807864769128013,58.76798845311024,53.333333333333336,31.866335061146362,,42.531917309494496,Balanced
728,100376,99701,AK,Fairbanks,"Fairbanks, AK",Fairbanks North Star Borough,248810.6891438425,1.0639393775090624,55.47661626336119,92.36915238536359,67.64023838084483,,27.915394746307392,58.6802803551754,31.0,26.113219402057258,,93.5644194506726,Balanced
729,93806,81521,CO,Fruita,"Grand Junction, CO",Mesa County,469940.55654819217,3.438941492748477,70.82992633056641,67.82075034738304,85.42628010041685,,19.221189288475397,58.65962921336834,48.666666666666664,28.71400640541728,,56.918872466363844,Balanced
730,93900,82301,WY,Rawlins,"Rock Springs, WY",Carbon County,189669.54845997752,7.051202028647147,94.18155018610578,71.17878647522,57.96465160151655,,19.915275848797293,58.64805282232793,46.25,24.6983941844897,,59.8444050847057,Balanced
731,95279,87047,NM,Sandia Park,"Albuquerque, NM",Bernalillo County,519611.1263260375,2.326021326633872,63.635402889613346,78.47383047707271,100.0,37.57870140352734,13.477484389084388,58.633083831859565,41.0,31.283354714289107,0.9930695561858673,32.709505805373574,Balanced
732,75144,39095,MS,Lexington,"Jackson, MS",Holmes County,98821.40371414034,8.662133908545469,100.0,58.55720240852244,57.76438516843895,65.36161760526139,11.400460974701987,58.61673323138495,55.333333333333336,24.6691099657428,0.98279648836201,23.954978495382964,Balanced
733,75133,39079,MS,Goodman,"Jackson, MS",Holmes County,79683.64252236996,9.674418523478627,100.0,58.55720240852244,57.76438516843895,65.36161760526139,11.400460974701987,58.61673323138495,55.333333333333336,24.6691099657428,0.98279648836201,23.954978495382964,Balanced
734,75166,39146,MS,Lexington,"Jackson, MS",Holmes County,116587.63135384663,8.391098132324768,100.0,58.55720240852244,57.76438516843895,65.36161760526139,11.400460974701987,58.61673323138495,55.333333333333336,24.6691099657428,0.98279648836201,23.954978495382964,Balanced
735,95302,87107,NM,Albuquerque,"Albuquerque, NM",Bernalillo County,338480.7133386297,2.310589046963357,63.535640210117215,78.47383047707271,100.0,37.57870140352734,13.477484389084388,58.61313129596033,41.0,31.283354714289107,0.9930695561858673,32.709505805373574,Balanced
736,88881,71047,LA,Keithville,"Shreveport-Bossier City, LA",Caddo Parish,213405.2137614944,5.133562711403843,81.7848828965138,,,,61.26648610551445,58.61027380040566,,,,234.13724020001777,Balanced
737,83420,57744,SD,Hermosa,"Rapid City, SD",Custer County,609373.150556068,0.5609108115573257,52.224765035034984,67.1259842519685,86.68513563424995,,36.89267049726797,58.58571108370428,49.166666666666664,28.8980841874849,,131.4030904964056,Balanced
738,99917,98616,WA,Cougar,"Longview, WA",Cowlitz County,286267.44135016925,3.048042534385942,68.30294209161445,67.58916164891151,88.7228699229901,,18.270200684294156,58.57703486956205,48.833333333333336,29.196054525012254,,52.91051336499566,Balanced
739,75116,39056,MS,Clinton,"Jackson, MS",Hinds County,232251.15224073923,2.243512059238278,63.10201794750571,58.55720240852244,57.76438516843895,65.36161760526139,47.9196175762247,58.54096814119064,55.333333333333336,24.6691099657428,0.98279648836201,177.8810014723166,Balanced
740,69165,27007,NC,Ararat,"Mount Airy, NC",Surry County,255718.8724953612,9.319074279318922,100.0,44.430291801760056,71.31109577856638,,26.673972122235178,58.48307194051232,65.5,26.649995282925477,,88.33189862764085,Balanced
741,70054,28590,NC,Winterville,"Greenville, NC",Pitt County,276508.30949777755,1.761103603457892,59.98346636680898,76.62112088930058,89.43712003233254,,16.21397718117982,58.45113689392439,42.333333333333336,29.300496673007565,,44.24365641537785,Balanced
742,59517,4468,ME,Old Town,"Bangor, ME",Penobscot County,245243.4784951101,4.388478484942234,76.96825175263137,68.9786938397406,82.22208545078443,,14.009357438376972,58.435677696306676,47.833333333333336,28.245468889741183,,34.95131834500951,Balanced
743,94266,83670,ID,Horseshoe Bend,"Boise City, ID",Boise County,640169.0830429988,2.443242653891655,64.39318553423918,79.63177396943028,100.0,27.184203232183563,20.91216744044573,58.424266035259755,40.166666666666664,32.96762557134984,0.9969130470539178,64.04624248516723,Balanced
744,83401,57702,SD,Rapid City,"Rapid City, SD",Pennington County,435960.7425286542,3.611713261868875,71.94681735358668,67.1259842519685,86.68513563424995,,16.210858117436672,58.393759071448365,49.166666666666664,28.8980841874849,,44.23050975148763,Balanced
745,84160,59731,MT,Avon,,Powell County,375684.18886263686,2.2939939404764975,63.428360383351524,,,,78.43747909081335,58.37316789483298,,,,306.5119308214786,Balanced
746,69892,28366,NC,Newton Grove,"Raleigh-Cary, NC",Sampson County,154776.59684375586,6.515808267584681,90.72047267005036,,,,51.06928483118169,58.357951500246415,,,,191.15665730265937,Balanced
747,93803,81505,CO,Grand Junction,"Grand Junction, CO",Mesa County,492216.4323092901,3.1998021488018358,69.28399907714554,67.82075034738304,85.42628010041685,,19.221189288475397,58.350443762684165,48.666666666666664,28.71400640541728,,56.918872466363844,Balanced
748,69062,26559,WV,Barrackville,"Fairmont, WV",Marion County,160243.47209374778,2.9834650449051034,67.88547795000419,83.33719314497452,70.57042788350611,,19.840944687846413,58.32680873326625,37.5,26.541690159972852,,59.53110376416123,Balanced
749,95286,87059,NM,Tijeras,"Albuquerque, NM",Bernalillo County,433113.2159332286,2.055576229740972,61.88709816091061,78.47383047707271,100.0,37.57870140352734,13.477484389084388,58.28342288611901,41.0,31.283354714289107,0.9930695561858673,32.709505805373574,Balanced
750,59110,3301,NH,Concord,"Concord, NH",Merrimack County,451923.8145334391,4.757604394972173,79.35448312234857,100.0,48.88225762495529,,13.10079847833287,58.26750784512735,22.5,23.370309353358184,,31.121797611942632,Balanced
751,94219,83604,ID,,"Boise City, ID",Owyhee County,495220.292849967,2.3998033807979793,64.11237036164555,79.63177396943028,100.0,27.184203232183563,20.40702789304141,58.26707509126016,40.166666666666664,32.96762557134984,0.9969130470539178,61.9171100293242,Balanced
752,93959,82639,WY,Kaycee,"Casper, WY",Johnson County,388585.29043957154,7.206064555907976,95.1826660939907,84.72672533580361,56.691727551228254,,4.46802477135702,58.21382875047592,36.5,24.51225921536888,,-5.264818280474415,Balanced
753,94174,83449,ID,Swan Valley,"Idaho Falls, ID",Bonneville County,524279.3498072011,2.7360657735685923,66.28615401725594,61.33626679018062,100.0,,13.44246588526749,58.21297733854081,53.333333333333336,31.866335061146362,,32.5619049425729,Balanced
754,59091,3269,NH,Sanbornton,"Laconia, NH",Belknap County,530616.5865661647,5.693253873249357,85.40303207396087,88.43214451134784,50.69722313466751,,16.428795028868066,58.19223894976886,33.833333333333336,23.635705037436217,,45.149100572260096,Balanced
755,69917,28393,NC,Turkey,,Sampson County,118995.13717870628,6.375663201112827,89.81449846222756,,,,51.06928483118169,58.17675665868185,,,,191.15665730265937,Balanced
756,59124,3446,NH,Swanzey,"Keene, NH",Cheshire County,364384.8142600511,5.9435233190148224,87.02091038090187,99.77999073645206,39.27562170496323,,14.735733533261056,58.16245127111565,25.666666666666668,21.965566564565933,,38.01294938679433,Balanced
757,95314,87120,NM,Albuquerque,"Albuquerque, NM",Bernalillo County,350372.30644564395,1.9589340726981497,61.26235050568909,78.47383047707271,100.0,37.57870140352734,13.477484389084388,58.158473355074705,41.0,31.283354714289107,0.9930695561858673,32.709505805373574,Balanced
758,95317,87123,NM,Albuquerque,"Albuquerque, NM",Bernalillo County,333894.0656304376,1.9566705640369508,61.24771795016747,78.47383047707271,100.0,37.57870140352734,13.477484389084388,58.155546843970384,41.0,31.283354714289107,0.9930695561858673,32.709505805373574,Balanced
759,94087,83255,ID,,"Idaho Falls, ID",Butte County,326923.128181757,2.777960444014014,66.5569840352103,61.33626679018062,100.0,,12.441675826293517,58.06698533033689,53.333333333333336,31.866335061146362,,28.343635739546148,Balanced
760,94465,84105,UT,Salt Lake City,"Salt Lake City, UT",Salt Lake County,692542.3259117006,4.299751833184198,76.39467424424724,74.99999999999999,100.0,27.053600054379572,11.839060973610513,58.057467054447464,43.5,35.336829323051596,0.9969613391516173,25.803650803079737,Balanced
761,69060,26554,WV,Pleasant Valley,"Fairmont, WV",Marion County,179343.90520676575,2.7656810715785354,66.47760346909506,83.33719314497452,70.57042788350611,,19.840944687846413,58.04523383708442,37.5,26.541690159972852,,59.53110376416123,Balanced
762,60120,6063,CT,Barkhamsted,"Torrington, CT",Litchfield County,418195.005277918,5.718876140874513,85.56866839779812,86.81102362204724,43.06608705842157,,24.608047536378823,58.01076532292916,35.0,22.51983227378851,,79.62415220455182,Balanced
763,100334,99654,AK,Wasilla,"Anchorage, AK",Matanuska Susitna Borough,410730.7954432555,6.625758375911498,91.43125018651342,96.30616025937934,72.77623623681933,19.310577888761486,10.164346165579314,57.99771414741058,28.166666666666668,26.864237345437232,0.9998244148378213,18.744829789396388,Balanced
764,59112,3303,NH,Boscawen,"Concord, NH",Merrimack County,412320.6549483832,4.548869720285112,78.00510824740256,100.0,48.88225762495529,,13.10079847833287,57.99763287013815,22.5,23.370309353358184,,31.121797611942632,Balanced
765,71378,31025,GA,Elko,"Warner Robins, GA",Houston County,340802.7192209882,6.75650888487979,92.27649284661636,80.09495136637331,50.389499081288406,,17.10745753275949,57.973680165407515,39.833333333333336,23.590707688882325,,48.009621731262406,Balanced
766,98488,95936,CA,,,Sierra County,304792.83973179245,6.956198903405435,93.56739812711172,,,,46.26757488589096,57.966994602600536,,,,170.9177420551869,Balanced
767,59735,4953,ME,Newport,"Bangor, ME",Penobscot County,254163.62762722743,4.018063039192966,74.57368412013172,68.9786938397406,82.22208545078443,,14.009357438376972,57.95676416980674,47.833333333333336,28.245468889741183,,34.95131834500951,Balanced
768,62836,12921,NY,Chazy,"Plattsburgh, NY",Clinton County,241492.11127567795,5.008134172444018,80.97404435554157,74.07364520611394,64.76047225912646,,19.90174545049916,57.941981454256236,44.166666666666664,25.69212186837499,,59.78737527916965,Balanced
769,59068,3242,NH,Henniker,"Concord, NH",Merrimack County,482508.3324533607,4.497214602250696,77.67118136849511,100.0,48.88225762495529,,13.10079847833287,57.930847494356655,22.5,23.370309353358184,,31.121797611942632,Balanced
770,95300,87105,NM,Albuquerque,"Albuquerque, NM",Bernalillo County,270082.070397876,1.7804633874403553,60.108618578004766,78.47383047707271,100.0,37.57870140352734,13.477484389084388,57.927726969537844,41.0,31.283354714289107,0.9930695561858673,32.709505805373574,Balanced
771,95315,87121,NM,Albuquerque,"Albuquerque, NM",Bernalillo County,281198.11173371325,1.7661706101509425,60.01622226389717,78.47383047707271,100.0,37.57870140352734,13.477484389084388,57.90924770671633,41.0,31.283354714289107,0.9930695561858673,32.709505805373574,Balanced
772,88570,70390,LA,Napoleonville,"Baton Rouge, LA",Assumption Parish,162004.01659663967,8.134596113145767,100.0,42.345993515516426,71.5654368605229,49.340793368392774,26.124639489163197,57.87537264671906,67.0,26.68718663729215,0.9887203810442755,86.01649500474635,Balanced
773,59135,3461,NH,Rindge,"Keene, NH",Cheshire County,455950.37903633126,5.719348859974737,85.57172431209558,99.77999073645206,39.27562170496323,,14.735733533261056,57.87261405735439,25.666666666666668,21.965566564565933,,38.01294938679433,Balanced
774,83321,57476,SD,Tulare,,Spink County,222878.1415670401,11.447574727345298,100.0,,,,39.31900371837075,57.86380074367415,,,,141.62993738710276,Balanced
775,83310,57465,SD,,,Spink County,232588.35326664787,8.583255838936681,100.0,,,,39.31900371837075,57.86380074367415,,,,141.62993738710276,Balanced
776,83314,57469,SD,Redfield,,Spink County,157202.09547062035,11.734672702714857,100.0,,,,39.31900371837075,57.86380074367415,,,,141.62993738710276,Balanced
777,59492,4430,ME,East Millinocket,"Bangor, ME",Penobscot County,164380.91697030372,3.9162281204053446,73.91536761852412,68.9786938397406,82.22208545078443,,14.009357438376972,57.82510086948522,47.833333333333336,28.245468889741183,,34.95131834500951,Balanced
778,84153,59722,MT,Deer Lodge,"Helena, MT",Powell County,276364.6188861715,3.5720702369371042,71.69054320129268,,38.96614651626026,,78.43747909081335,57.81883376167327,,21.92031315397962,,306.5119308214786,Balanced
779,88542,70339,LA,Pierre Part,"Baton Rouge, LA",Assumption Parish,199615.6917478676,7.89428164884577,99.6316770458649,42.345993515516426,71.5654368605229,49.340793368392774,26.124639489163197,57.801708055892036,67.0,26.68718663729215,0.9887203810442755,86.01649500474635,Balanced
780,93801,81503,CO,Grand Junction,"Grand Junction, CO",Mesa County,390058.16713724006,2.773523934687943,66.5283040172591,67.82075034738304,85.42628010041685,,19.221189288475397,57.79930475070688,48.666666666666664,28.71400640541728,,56.918872466363844,Balanced
781,59077,3253,NH,Meredith,"Laconia, NH",Belknap County,664460.0040089778,5.3807595546477485,83.38289822357613,88.43214451134784,50.69722313466751,,16.428795028868066,57.78821217969192,33.833333333333336,23.635705037436217,,45.149100572260096,Balanced
782,83365,57580,SD,Winner,,Tripp County,232723.5594043236,6.226346773378568,88.84923556901938,,,,,57.76984711380388,,,,,Balanced
783,94468,84108,UT,Salt Lake City,"Salt Lake City, UT",Salt Lake County,897899.1103216828,4.0735849365476655,74.93260797124597,74.99999999999999,100.0,27.053600054379572,11.839060973610513,57.765053799847216,43.5,35.336829323051596,0.9969613391516173,25.803650803079737,Balanced
784,62824,12903,NY,Plattsburgh,"Plattsburgh, NY",Clinton County,232082.2507615088,4.868314526896718,80.07017384620603,74.07364520611394,64.76047225912646,,19.90174545049916,57.76120735238912,44.166666666666664,25.69212186837499,,59.78737527916965,Balanced
785,95305,87110,NM,Albuquerque,"Albuquerque, NM",Bernalillo County,313076.13934819447,1.6461167527478306,59.24012859827607,78.47383047707271,100.0,37.57870140352734,13.477484389084388,57.75402897359211,41.0,31.283354714289107,0.9930695561858673,32.709505805373574,Balanced
786,60446,6793,CT,Washington,"Torrington, CT",Litchfield County,1160730.15116698,5.519627323574148,84.28061528285255,86.81102362204724,43.06608705842157,,24.608047536378823,57.75315469994004,35.0,22.51983227378851,,79.62415220455182,Balanced
787,83786,58701,ND,Minot,"Minot, ND",Ward County,278255.2105812776,3.397650005267573,70.56299561654194,87.04261232051874,65.74153470118665,,15.37329969498778,57.74408846664703,34.833333333333336,25.835578995543823,,40.700251964181106,Balanced
788,93864,82054,WY,Carpenter,"Cheyenne, WY",Laramie County,475287.0927060256,5.422401563459048,83.65209489881224,77.08429828624362,65.02823336083935,,12.861116776221035,57.725148664423244,42.0,25.73127558252455,,30.111553821567732,Balanced
789,83788,58703,ND,Minot,"Minot, ND",Ward County,261209.1361460765,3.3549246671038238,70.28679570903657,87.04261232051874,65.74153470118665,,15.37329969498778,57.688848485145954,34.833333333333336,25.835578995543823,,40.700251964181106,Balanced
790,60448,6795,CT,Watertown,"Torrington, CT",Litchfield County,414478.8260410526,5.459701815451849,83.89322408802671,86.81102362204724,43.06608705842157,,24.608047536378823,57.67567646097487,35.0,22.51983227378851,,79.62415220455182,Balanced
791,83913,59061,MT,Nye,"Billings, MT",Stillwater County,484925.703330982,4.897970602034494,80.26188690365767,61.33626679018062,74.43116012856234,,22.218734857934965,57.64960973606712,53.333333333333336,27.106230736493934,,69.5533446485555,Balanced
792,75219,39216,MS,Jackson,"Jackson, MS",Hinds County,215377.4478636894,1.5304076414000576,58.492121742735215,58.55720240852244,57.76438516843895,65.36161760526139,47.9196175762247,57.61898890023654,55.333333333333336,24.6691099657428,0.98279648836201,177.8810014723166,Balanced
793,94132,83344,ID,Murtaugh,"Twin Falls, ID",Twin Falls County,448902.1869243347,5.13702063128488,81.80723677812954,51.60954145437701,89.24038679528371,,15.341361364021175,57.59970527836229,60.333333333333336,29.27172910042943,,40.56563384252367,Balanced
794,100029,98933,WA,Harrah,"Yakima, WA",Yakima County,308583.1421683773,5.8524086286651,86.4318952875508,72.68411301528485,64.83470996833883,,13.972253182642296,57.584594290763356,45.166666666666664,25.702977373625846,,34.79492616478815,Balanced
795,100031,98935,WA,Mabton,"Yakima, WA",Yakima County,270399.88565054187,5.837725870713375,86.33697792557118,72.68411301528485,64.83470996833883,,13.972253182642296,57.56561081836743,45.166666666666664,25.702977373625846,,34.79492616478815,Balanced
796,93804,81506,CO,Grand Junction,"Grand Junction, CO",Mesa County,505143.4269825581,2.5813880417880744,65.28623272822631,67.82075034738304,85.42628010041685,,19.221189288475397,57.55089049290032,48.666666666666664,28.71400640541728,,56.918872466363844,Balanced
797,94484,84124,UT,Holladay,"Salt Lake City, UT",Salt Lake County,791363.5786780184,3.8952864061752828,73.77998894671165,74.99999999999999,100.0,27.053600054379572,11.839060973610513,57.53452999494035,43.5,35.336829323051596,0.9969613391516173,25.803650803079737,Balanced
798,94124,83335,ID,Hazelton,"Twin Falls, ID",Jerome County,384490.3639565508,4.932360790850311,80.48420385603887,51.60954145437701,89.24038679528371,,16.299327742057795,57.526691969551486,60.333333333333336,29.27172910042943,,44.60340383611236,Balanced
799,59143,3470,NH,Winchester,"Keene, NH",Cheshire County,324496.4357958464,5.450410900467658,83.83316254212534,99.77999073645206,39.27562170496323,,14.735733533261056,57.52490170336034,25.666666666666668,21.965566564565933,,38.01294938679433,Balanced
800,93805,81520,CO,Clifton,"Grand Junction, CO",Mesa County,323491.7692817065,2.5524957410770046,65.09945712557499,67.82075034738304,85.42628010041685,,19.221189288475397,57.51353537237006,48.666666666666664,28.71400640541728,,56.918872466363844,Balanced
801,93932,82441,WY,,,Big Horn County,421284.85964538186,8.834228419726891,100.0,,,,37.52132843424491,57.50426568684898,,,,134.052845448515,Balanced
802,93916,82411,WY,Burlington,,Big Horn County,384988.6133723308,9.075854476221574,100.0,,,,37.52132843424491,57.50426568684898,,,,134.052845448515,Balanced
803,93919,82420,WY,Cowley,,Big Horn County,335223.1018151544,11.407003618322374,100.0,,,,37.52132843424491,57.50426568684898,,,,134.052845448515,Balanced
804,93927,82432,WY,Manderson,,Big Horn County,387273.0366556464,9.386701216095908,100.0,,,,37.52132843424491,57.50426568684898,,,,134.052845448515,Balanced
805,99434,97830,OR,Fossil,,Wheeler County,233456.95694851715,3.6346153744955068,72.09486911071755,,,,65.4168140163553,57.50233662541457,,,,251.63061980723631,Balanced
806,92827,79096,TX,Wheeler,,Wheeler County,117909.50223763456,3.632419034023332,72.08067076703354,,,,65.4168140163553,57.499496956677774,,,,251.63061980723631,Balanced
807,71185,30538,GA,Eastanollee,"Toccoa, GA",Stephens County,250731.68628824083,0.9084778301418283,54.471627962533475,,73.86796477615756,,59.04533691726107,57.47698593119043,,27.02387676611753,,224.77523152285048,Balanced
808,59502,4449,ME,Hudson,"Bangor, ME",Penobscot County,251282.34134122988,3.6444103093838915,72.15818891639877,68.9786938397406,82.22208545078443,,14.009357438376972,57.47366512906016,47.833333333333336,28.245468889741183,,34.95131834500951,Balanced
809,71394,31041,GA,Oglethorpe,,Macon County,79384.76281095552,3.053551603370576,68.33855572065502,,,,68.9185652451205,57.451424193155106,,,,266.39028816375975,Balanced
810,100213,99361,WA,Waitsburg,"Walla Walla, WA",Walla Walla County,363867.0827993477,4.806177294247063,79.6684848567661,57.39925891616488,83.7061428141788,,16.269769079713708,57.408731133364704,56.166666666666664,28.462477101225897,,44.47881587290201,Balanced
811,59509,4457,ME,Lincoln,"Bangor, ME",Penobscot County,214462.74784339743,3.5841522733353406,71.76864807954736,68.9786938397406,82.22208545078443,,14.009357438376972,57.39575696168988,47.833333333333336,28.245468889741183,,34.95131834500951,Balanced
812,94097,83278,ID,Stanley,,Custer County,674973.4736262216,21.38506725277906,100.0,,,,36.89267049726797,57.378534099453596,,,,131.4030904964056,Balanced
813,62834,12919,NY,Champlain,"Plattsburgh, NY",Clinton County,189879.4552103764,4.540020511310075,77.94790213024947,74.07364520611394,64.76047225912646,,19.90174545049916,57.33675300919781,44.166666666666664,25.69212186837499,,59.78737527916965,Balanced
814,83425,57751,SD,Keystone,"Rapid City, SD",Pennington County,520566.64851030026,2.7709673266694828,66.51177670750393,67.1259842519685,86.68513563424995,,16.210858117436672,57.306750942231815,49.166666666666664,28.8980841874849,,44.23050975148763,Balanced
815,83087,57029,SD,Freeman,"Sioux Falls, SD",Hutchinson County,241069.56892678875,5.429812412994661,83.70000267542078,42.345993515516426,75.99446826451538,,34.387200328163445,57.28553295672321,67.0,27.33482749491487,,120.84268618516462,Balanced
816,94469,84109,UT,Millcreek,"Salt Lake City, UT",Salt Lake County,774265.7584198788,3.696519300088673,72.49504987599374,74.99999999999999,100.0,27.053600054379572,11.839060973610513,57.277542180796765,43.5,35.336829323051596,0.9969613391516173,25.803650803079737,Balanced
817,94254,83650,ID,Murphy,"Boise City, ID",Owyhee County,407435.9658178322,1.609555063123632,59.00377387935632,79.63177396943028,100.0,27.184203232183563,20.40702789304141,57.245355794802315,40.166666666666664,32.96762557134984,0.9969130470539178,61.9171100293242,Balanced
818,73740,36088,AL,Tuskegee,,Macon County,92836.00085635636,2.8834401965596346,67.23886273176116,,,,68.9185652451205,57.231485595376334,,,,266.39028816375975,Balanced
819,99279,97432,OR,Winston,"Roseburg, OR",Douglas County,217337.3329601999,6.491432184900995,90.56289236590449,39.79851783232976,84.55561704974531,,21.210140559769588,57.225433561549835,68.83333333333333,28.586692572345555,,65.30218105220523,Balanced
820,60450,6798,CT,Woodbury,"Torrington, CT",Litchfield County,511716.6451681379,5.100150653668594,81.56888911734998,86.81102362204724,43.06608705842157,,24.608047536378823,57.21080946683952,35.0,22.51983227378851,,79.62415220455182,Balanced
821,99207,97342,OR,Detroit,"Salem, OR",Marion County,433577.9881463537,6.736225084167229,92.14536728690294,71.06299212598424,82.88224054444188,20.075656620771056,19.840944687846413,57.20144025318931,46.333333333333336,28.342000923954107,0.999541517763682,59.53110376416123,Balanced
822,71436,31090,GA,Toomsboro,,Wilkinson County,139235.33479669047,10.930276894337796,100.0,,,,35.796246755022004,57.159249351004405,,,,126.78173113745561,Balanced
823,59522,4474,ME,Orrington,"Bangor, ME",Penobscot County,327560.2585056591,3.3959130675446514,70.55176710299398,68.9786938397406,82.22208545078443,,14.009357438376972,57.152380766379196,47.833333333333336,28.245468889741183,,34.95131834500951,Balanced
824,62823,12901,NY,Plattsburgh,"Plattsburgh, NY",Clinton County,240600.1616529557,4.394331886113573,77.00609133288044,74.07364520611394,64.76047225912646,,19.90174545049916,57.14839084972401,44.166666666666664,25.69212186837499,,59.78737527916965,Balanced
825,91388,76429,TX,Breckenridge,,Stephens County,422139.5467490698,4.323954676588478,76.5511346351284,,,,59.04533691726107,57.1192943104779,,,,224.77523152285048,Balanced
826,83709,58504,ND,Bismarck,"Bismarck, ND",Burleigh County,342907.2585179883,4.515148148309493,77.78711359924073,81.25289485873088,57.63484272741053,,18.705670334835624,57.076104304043554,39.0,24.65016745440035,,54.74599144479907,Balanced
827,94411,84044,UT,Magna,"Salt Lake City, UT",Salt Lake County,439697.0007302966,3.5160130080622367,71.32815867502148,74.99999999999999,100.0,27.053600054379572,11.839060973610513,57.04416394060232,43.5,35.336829323051596,0.9969613391516173,25.803650803079737,Balanced
828,83872,59008,MT,Belfry,"Billings, MT",Carbon County,395504.2908896644,4.727820984397836,79.16194689912899,61.33626679018062,74.43116012856234,,19.915275848797293,56.968929933333854,53.333333333333336,27.106230736493934,,59.8444050847057,Balanced
829,100234,99516,AK,Anchorage,"Anchorage, AK",Anchorage Borough,657452.5909848859,4.7755763897877666,79.47066390684533,96.30616025937934,72.77623623681933,19.310577888761486,16.906296235464914,56.95398690545408,28.166666666666668,26.864237345437232,0.9998244148378213,47.16173910332287,Balanced
830,100227,99508,AK,Anchorage,"Anchorage, AK",Anchorage Borough,327863.0742241431,4.76882841032092,79.42704128418877,96.30616025937934,72.77623623681933,19.310577888761486,16.906296235464914,56.94526238092278,28.166666666666668,26.864237345437232,0.9998244148378213,47.16173910332287,Balanced
831,100226,99507,AK,Anchorage,"Anchorage, AK",Anchorage Borough,399628.2057619868,4.757469278491059,79.35360965566134,96.30616025937934,72.77623623681933,19.310577888761486,16.906296235464914,56.93057605521729,28.166666666666668,26.864237345437232,0.9998244148378213,47.16173910332287,Balanced
832,100028,98932,WA,Granger,"Yakima, WA",Yakima County,303591.1343573832,5.334707799439274,83.08519454056973,72.68411301528485,64.83470996833883,,13.972253182642296,56.91525414136714,45.166666666666664,25.702977373625846,,34.79492616478815,Balanced
833,94260,83656,ID,Notus,"Boise City, ID",Canyon County,335406.4531038526,2.589114684999737,65.33618196753271,79.63177396943028,100.0,27.184203232183563,12.225405283173508,56.87551289046401,40.166666666666664,32.96762557134984,0.9969130470539178,27.432068559811867,Balanced
834,94284,83712,ID,Boise,"Boise City, ID",Ada County,770018.8584501917,2.5123323886125664,64.83981929208919,79.63177396943028,100.0,27.184203232183563,12.720666155968917,56.87529252993439,40.166666666666664,32.96762557134984,0.9969130470539178,29.519563003270733,Balanced
835,59132,3456,NH,Marlow,"Keene, NH",Cheshire County,342630.9261796753,4.944496766335186,80.56265742599221,99.77999073645206,39.27562170496323,,14.735733533261056,56.87080068013372,25.666666666666668,21.965566564565933,,38.01294938679433,Balanced
836,93915,82410,WY,Basin,,Big Horn County,244873.76991153872,7.4586278944222855,96.815373375781,,,,37.52132843424491,56.86734036200518,,,,134.052845448515,Balanced
837,94275,83702,ID,Boise,"Boise City, ID",Ada County,692326.5015102741,2.4949232135042645,64.72727688139534,79.63177396943028,100.0,27.184203232183563,12.720666155968917,56.85278404779562,40.166666666666664,32.96762557134984,0.9969130470539178,29.519563003270733,Balanced
838,59126,3448,NH,Gilsum,"Keene, NH",Cheshire County,322466.1630126522,4.9173998831396375,80.38748838218943,99.77999073645206,39.27562170496323,,14.735733533261056,56.83576687137316,25.666666666666668,21.965566564565933,,38.01294938679433,Balanced
839,94062,83221,ID,Blackfoot,"Blackfoot, ID",Bingham County,358345.63702787785,4.21236174289195,75.8297369987397,56.47290412227881,82.08144344204534,,19.530374295866448,56.78289177178606,56.833333333333336,28.224903329723826,,58.22206845938999,Balanced
840,83708,58503,ND,Bismarck,"Bismarck, ND",Burleigh County,437754.25940798456,4.27970819990061,76.26510125789002,81.25289485873088,57.63484272741053,,18.705670334835624,56.77170183577341,39.0,24.65016745440035,,54.74599144479907,Balanced
841,83309,57461,SD,,,Spink County,182224.106294726,7.104231301854225,94.52436035413156,,,,39.31900371837075,56.76867281450046,,,,141.62993738710276,Balanced
842,94397,84029,UT,Grantsville,"Salt Lake City, UT",Tooele County,528712.9358174909,2.8307204089400404,66.8980532475055,74.99999999999999,100.0,27.053600054379572,14.878868895201428,56.766104439417305,43.5,35.336829323051596,0.9969613391516173,38.61625622794757,Balanced
843,99417,97760,OR,Terrebonne,"Bend, OR",Jefferson County,570853.1222875275,1.4119675694297533,57.72646046703615,47.440944881889735,94.10617876842498,68.71409446371621,15.807864769128013,56.75910867003902,63.333333333333336,29.983235838371787,0.9815568696735056,42.531917309494496,Balanced
844,83900,59041,MT,Joliet,"Billings, MT",Carbon County,515086.2019322743,4.5415978047988155,77.95809861632593,61.33626679018062,74.43116012856234,,19.915275848797293,56.72816027677324,53.333333333333336,27.106230736493934,,59.8444050847057,Balanced
845,73564,35650,AL,Moulton,"Decatur, AL",Lawrence County,225581.0898169068,3.524443363746598,71.38265709587269,40.72487262621581,79.88872055882892,,41.525446619130456,56.704339380009586,68.16666666666667,27.90426958408474,,150.92995995732468,Balanced
846,62991,13147,NY,Scipio Center,"Auburn, NY",Cayuga County,223547.54412102848,2.5634014133030014,65.16995734370225,89.3584993052339,58.890561908748104,,20.029967125310982,56.68979713659905,33.166666666666664,24.83378661925921,,60.327821836536266,Balanced
847,63362,14020,NY,Batavia,"Batavia, NY",Genesee County,195156.47014406047,3.8627856193571333,73.56988612017295,100.0,5.163896366842736,,54.56907869249058,56.660572235901256,23.0,16.977535313973238,,205.9080754744553,Balanced
848,89150,71653,AR,Lake Village,,Chicot County,171815.61085757604,5.674255117507718,85.28021374638095,,,,47.871597147592446,56.63036217879468,,,,177.6785982875535,Balanced
849,71599,31625,GA,Quitman,"Valdosta, GA",Brooks County,250251.52213707523,6.144370472527052,88.31929601357233,62.03103288559517,42.16063587533148,,40.58717428663937,56.61962781222767,52.833333333333336,22.387431500964148,,146.97519916737744,Balanced
850,81478,53911,WI,Arlington,"Madison, WI",Columbia County,352589.88186775893,8.30969081314029,100.0,90.28485409911995,20.919883800043777,,21.836140347692393,56.60817564937122,32.5,19.281474998106578,,67.94073206779312,Balanced
851,81484,53923,WI,Cambria,"Madison, WI",Columbia County,273936.93734930287,11.3596648392439,100.0,90.28485409911995,20.919883800043777,,21.836140347692393,56.60817564937122,32.5,19.281474998106578,,67.94073206779312,Balanced
852,81514,53955,WI,Poynette,"Madison, WI",Columbia County,390340.7870515416,8.209743643093715,100.0,90.28485409911995,20.919883800043777,,21.836140347692393,56.60817564937122,32.5,19.281474998106578,,67.94073206779312,Balanced
853,81515,53956,WI,Randolph,"Madison, WI",Columbia County,287275.8142729882,8.8731788013168,100.0,90.28485409911995,20.919883800043777,,21.836140347692393,56.60817564937122,32.5,19.281474998106578,,67.94073206779312,Balanced
854,100220,99501,AK,Anchorage,"Anchorage, AK",Anchorage Borough,338888.58447939105,4.505149210971869,77.72247501037293,96.30616025937934,72.77623623681933,19.310577888761486,16.906296235464914,56.604349126159605,28.166666666666668,26.864237345437232,0.9998244148378213,47.16173910332287,Balanced
855,63376,14036,NY,Corfu,"Batavia, NY",Genesee County,262404.47593179205,3.8099551292442184,73.22836099457353,100.0,5.163896366842736,,54.56907869249058,56.59226721078137,23.0,16.977535313973238,,205.9080754744553,Balanced
856,83799,58722,ND,Burlington,"Minot, ND",Ward County,290742.4454642087,2.5009798500272193,64.76643028589322,87.04261232051874,65.74153470118665,,15.37329969498778,56.58477540051728,34.833333333333336,25.835578995543823,,40.700251964181106,Balanced
857,94456,84093,UT,Sandy,"Salt Lake City, UT",Salt Lake County,766056.7585940372,3.148973764404116,68.95541665573805,74.99999999999999,100.0,27.053600054379572,11.839060973610513,56.56961553674563,43.5,35.336829323051596,0.9969613391516173,25.803650803079737,Balanced
858,59115,3307,NH,Loudon,"Concord, NH",Merrimack County,496194.57346832,3.4411690908705252,70.84432674076119,100.0,48.88225762495529,,13.10079847833287,56.56547656880987,22.5,23.370309353358184,,31.121797611942632,Balanced
859,93799,81501,CO,Grand Junction,"Grand Junction, CO",Mesa County,338780.229226639,1.8083102315440545,60.288635778483815,67.82075034738304,85.42628010041685,,19.221189288475397,56.55137110295182,48.666666666666664,28.71400640541728,,56.918872466363844,Balanced
860,94477,84117,UT,Holladay,"Salt Lake City, UT",Salt Lake County,671011.6622084688,3.132204158905162,68.84700877210793,74.99999999999999,100.0,27.053600054379572,11.839060973610513,56.547933960019606,43.5,35.336829323051596,0.9969613391516173,25.803650803079737,Balanced
861,93856,82007,WY,Cheyenne,"Cheyenne, WY",Laramie County,310196.09386595973,4.508487374718292,77.74405472296563,77.08429828624362,65.02823336083935,,12.861116776221035,56.543540629253926,42.0,25.73127558252455,,30.111553821567732,Balanced
862,84070,59462,MT,Moccasin,,Judith Basin County,350010.6743977019,8.76821619633319,100.0,,,,32.5341420725467,56.50682841450934,,,,113.03215839165675,Balanced
863,84059,59447,MT,Geyser,,Judith Basin County,322590.5255838727,9.928577549081115,100.0,,,,32.5341420725467,56.50682841450934,,,,113.03215839165675,Balanced
864,92941,79381,TX,Wilson,"Lubbock, TX",Lynn County,319499.8092126528,0.6759982165173506,52.96875284112718,44.430291801760056,72.67035781589684,62.315903716465144,,56.477061235049845,65.5,26.848755136106277,0.9839226777484832,,Balanced
865,93802,81504,CO,Grand Junction,"Grand Junction, CO",Mesa County,374927.97563199495,1.7466716626225147,59.89017042357789,67.82075034738304,85.42628010041685,,19.221189288475397,56.47167803197064,48.666666666666664,28.71400640541728,,56.918872466363844,Balanced
866,95957,89706,NV,Carson City,"Carson City, NV",Carson City,441661.7325855733,0.3184411054564182,50.657308502771606,70.36822603056969,100.0,,11.289953409729552,56.463097588614175,46.833333333333336,31.604261298999397,,23.48919583313049,Balanced
867,81487,53926,WI,Dalton,"Madison, WI",Green Lake County,273235.0067573146,8.342688620711685,100.0,90.28485409911995,20.919883800043777,,21.01364970885556,56.44367752160385,32.5,19.281474998106578,,64.47398407157482,Balanced
868,59470,4401,ME,Bangor,"Bangor, ME",Penobscot County,295696.0233841955,2.822160762049198,66.84271901772205,68.9786938397406,82.22208545078443,,14.009357438376972,56.41057114932481,47.833333333333336,28.245468889741183,,34.95131834500951,Balanced
869,59087,3263,NH,Pittsfield,"Concord, NH",Merrimack County,404078.96344321663,3.3186583465909787,70.05235041727974,100.0,48.88225762495529,,13.10079847833287,56.40708130411358,22.5,23.370309353358184,,31.121797611942632,Balanced
870,100355,99676,AK,Talkeetna,"Anchorage, AK",Matanuska Susitna Borough,247756.8280616117,5.384709744830851,83.40843440913001,96.30616025937934,72.77623623681933,19.310577888761486,10.164346165579314,56.3931509919339,28.166666666666668,26.864237345437232,0.9998244148378213,18.744829789396388,Balanced
871,59062,3234,NH,Epsom,"Concord, NH",Merrimack County,470330.8807127105,3.302824486532136,69.94999170295092,100.0,48.88225762495529,,13.10079847833287,56.386609561247816,22.5,23.370309353358184,,31.121797611942632,Balanced
872,62898,13021,NY,Auburn,"Auburn, NY",Cayuga County,210486.7737112237,2.288558573647252,63.393223205273685,89.3584993052339,58.890561908748104,,20.029967125310982,56.33445030891334,33.166666666666664,24.83378661925921,,60.327821836536266,Balanced
873,81519,53960,WI,,"Madison, WI",Columbia County,328532.5335797333,7.72458684911356,98.53467723253284,90.28485409911995,20.919883800043777,,21.836140347692393,56.315111095877796,32.5,19.281474998106578,,67.94073206779312,Balanced
874,59130,3452,NH,Jaffrey,"Keene, NH",Cheshire County,391048.8447889257,4.514435807081894,77.78250863671424,99.77999073645206,39.27562170496323,,14.735733533261056,56.31477092227812,25.666666666666668,21.965566564565933,,38.01294938679433,Balanced
875,83823,58761,ND,Mohall,"Minot, ND",Renville County,160167.6761549056,0.7242740720548485,53.28083432268497,87.04261232051874,65.74153470118665,,25.466547282339253,56.30630572534593,34.833333333333336,25.835578995543823,,83.24267639623282,Balanced
876,94458,84095,UT,South Jordan,"Salt Lake City, UT",Salt Lake County,737057.6330706632,2.9181089129472135,67.46298023840046,74.99999999999999,100.0,27.053600054379572,11.839060973610513,56.271128253278114,43.5,35.336829323051596,0.9969613391516173,25.803650803079737,Balanced
877,93923,82426,WY,Greybull,,Big Horn County,227687.3128968662,6.957683966045177,93.57699838263606,,,,37.52132843424491,56.219665363376194,,,,134.052845448515,Balanced
878,422747,99623,AK,Meadow Lakes,"Anchorage, AK",Matanuska Susitna Borough,351216.7058984078,5.246872278571047,82.51737778868092,96.30616025937934,72.77623623681933,19.310577888761486,10.164346165579314,56.21493966784408,28.166666666666668,26.864237345437232,0.9998244148378213,18.744829789396388,Balanced
879,62984,13140,NY,Port Byron,"Auburn, NY",Cayuga County,182391.9710909653,2.1864154125140063,62.73291405688999,89.3584993052339,58.890561908748104,,20.029967125310982,56.202388479236596,33.166666666666664,24.83378661925921,,60.327821836536266,Balanced
880,60435,6779,CT,Watertown,"Torrington, CT",Litchfield County,326339.45446734177,4.311608251537705,76.47132060430724,86.81102362204724,43.06608705842157,,24.608047536378823,56.19129576423097,35.0,22.51983227378851,,79.62415220455182,Balanced
881,94466,84106,UT,,"Salt Lake City, UT",Salt Lake County,577587.8518553468,2.8508620615876046,67.02825988453532,74.99999999999999,100.0,27.053600054379572,11.839060973610513,56.184184182505085,43.5,35.336829323051596,0.9969613391516173,25.803650803079737,Balanced
882,59047,3216,NH,Andover,"Concord, NH",Merrimack County,432207.2653262361,3.141913578202444,68.9097757583296,100.0,48.88225762495529,,13.10079847833287,56.17856637232355,22.5,23.370309353358184,,31.121797611942632,Balanced
883,93956,82636,WY,Evansville,"Casper, WY",Natrona County,312346.377531985,3.6562846529227184,72.23495115464114,84.72672533580361,56.691727551228254,,17.119876982824923,56.15465620489959,36.5,24.51225921536888,,48.06196895759603,Balanced
884,71202,30558,GA,,"Jefferson, GA",Banks County,342974.67234693334,4.934272415955841,80.4965616441811,37.25104214914309,96.41985928944514,,16.55380508631259,56.14425363381639,70.66666666666667,30.32155677137482,,45.67601035784236,Balanced
885,83763,58630,ND,Gladstone,"Dickinson, ND",Stark County,346564.18552478583,3.9819618519305946,74.34030633984389,68.74710514126909,65.13497315695524,,22.47693653134891,56.13986423388343,48.0,25.746883747559608,,70.64164899107529,Balanced
886,61796,10456,NY,New York,"New York-Newark-Jersey City, NY-NJ-PA",Bronx County,438358.98435456376,9.470000369840172,100.0,,,,30.680918296804442,56.13618365936089,,,,105.22093294089134,Balanced
887,61792,10452,NY,New York,"New York-Newark-Jersey City, NY-NJ-PA",Bronx County,316211.5551499698,11.064481859282193,100.0,,,,30.680918296804442,56.13618365936089,,,,105.22093294089134,Balanced
888,63807,14885,NY,Troupsburg,"Corning, NY",Steuben County,180391.82184971985,4.865822647949238,80.05406498049803,80.55812876331635,47.55765272442327,,22.48662224880566,56.13129374340866,39.5,23.176617284925683,,70.68247370080404,Balanced
889,94011,82935,WY,Green River,"Rock Springs, WY",Sweetwater County,292022.7535024343,5.406138800699002,83.5469635233064,71.17878647522,57.96465160151655,,17.932578729104538,56.12459606582949,46.25,24.6983941844897,,51.48745736731504,Balanced
890,59483,4419,ME,Carmel,"Bangor, ME",Penobscot County,316598.57253928646,2.5841323223472,65.30397325572534,68.9786938397406,82.22208545078443,,14.009357438376972,56.102821996925464,47.833333333333336,28.245468889741183,,34.95131834500951,Balanced
891,83888,59028,MT,Fishtail,"Billings, MT",Stillwater County,516789.7982071269,3.68354870315106,72.41120085739199,61.33626679018062,74.43116012856234,,22.218734857934965,56.07947252681399,53.333333333333336,27.106230736493934,,69.5533446485555,Balanced
892,94481,84121,UT,Cottonwood Heights,"Salt Lake City, UT",Salt Lake County,716398.6862011763,2.7689334352686785,66.49862852329005,74.99999999999999,100.0,27.053600054379572,11.839060973610513,56.07825791025603,43.5,35.336829323051596,0.9969613391516173,25.803650803079737,Balanced
893,63354,14005,NY,Alexander,"Batavia, NY",Genesee County,235220.5693456164,3.3835593225406857,70.47190575199978,100.0,5.163896366842736,,54.56907869249058,56.04097616226662,23.0,16.977535313973238,,205.9080754744553,Balanced
894,93778,81413,CO,Cedaredge,"Grand Junction, CO",Delta County,419065.83207538753,0.973216168974175,54.890131922151475,67.82075034738304,85.42628010041685,,21.95964859350286,56.01936219269085,48.666666666666664,28.71400640541728,,68.46131180871929,Balanced
895,94451,84088,UT,West Jordan,"Salt Lake City, UT",Salt Lake County,562937.8727924548,2.678757710166879,65.9156834138355,74.99999999999999,100.0,27.053600054379572,11.839060973610513,55.96166888836512,43.5,35.336829323051596,0.9969613391516173,25.803650803079737,Balanced
896,81220,53108,WI,Raymond,"Racine, WI",Racine County,377665.3200203784,8.336585707522646,100.0,89.82167670217693,16.770389913514457,,23.21190362768922,55.96079404867612,32.833333333333336,18.674709876290198,,73.73949058125736,Balanced
897,60036,5830,VT,Holland,,Orleans County,226609.99950246603,7.5591893164575135,97.46545729924321,,,,32.23144432912634,55.93938032567391,,,,111.75630582153346,Balanced
898,63814,14894,NY,Wellsburg,"Elmira, NY",Chemung County,154086.8662459193,6.294157541451359,89.28760138833233,81.94766095414543,34.080923134164735,,24.35316008940825,55.93386911321015,38.5,21.205965033077412,,78.54981712482852,Balanced
899,63741,14806,NY,Andover,"Corning, NY",Allegany County,127307.77261115843,4.080264266827061,74.9757868080827,80.55812876331635,47.55765272442327,,26.513598597649302,55.921033378694325,39.5,23.176617284925683,,87.65593397983548,Balanced
900,83759,58623,ND,Bowman,,Bowman County,192707.31092528123,10.393532596814497,100.0,,,,29.57950147333463,55.915900294666926,,,,100.57852804839919,Balanced
901,83920,59068,MT,Red Lodge,"Billings, MT",Carbon County,502925.7141208907,3.8989761368499423,73.8038413798312,61.33626679018062,74.43116012856234,,19.915275848797293,55.89730882947429,53.333333333333336,27.106230736493934,,59.8444050847057,Balanced
902,81513,53954,WI,Pardeeville,"Madison, WI",Columbia County,347519.7855361614,7.372208143589501,96.25670893419895,90.28485409911995,20.919883800043777,,21.836140347692393,55.859517436211014,32.5,19.281474998106578,,67.94073206779312,Balanced
903,93946,82601,WY,Casper,"Casper, WY",Natrona County,279234.92449443653,3.4267114960489815,70.7508649561603,84.72672533580361,56.691727551228254,,17.119876982824923,55.85783896520342,36.5,24.51225921536888,,48.06196895759603,Balanced
904,62876,12972,NY,Peru,"Plattsburgh, NY",Clinton County,264796.1511214516,3.3928408558573917,70.53190664968156,74.07364520611394,64.76047225912646,,19.90174545049916,55.85355391308423,44.166666666666664,25.69212186837499,,59.78737527916965,Balanced
905,97170,93235,CA,Ivanhoe,"Visalia, CA",Tulare County,254274.8152959887,7.070930461803586,94.30908554678919,70.13663733209819,55.35258310128346,,9.452247547048866,55.85011070544394,47.0,24.316441082478434,,15.74337744169376,Balanced
906,94693,84759,UT,Panguitch,,Garfield County,207108.46212247896,1.9217418923656817,61.02191995067788,,,,68.21219570926245,55.84682313198807,,,,263.412983550921,Balanced
907,84045,59425,MT,Conrad,,Pondera County,244354.7050385132,8.668245388131567,100.0,,,,29.21927820671501,55.843855641343005,,,,99.06020889827387,Balanced
908,84037,59416,MT,Brady,,Pondera County,324296.77808307606,9.165613944933552,100.0,,,,29.21927820671501,55.843855641343005,,,,99.06020889827387,Balanced
909,93851,82001,WY,Cheyenne,"Cheyenne, WY",Laramie County,334033.8439015679,3.965925666411806,74.23663968330268,77.08429828624362,65.02823336083935,,12.861116776221035,55.84205762132134,42.0,25.73127558252455,,30.111553821567732,Balanced
910,100236,99518,AK,Anchorage,"Anchorage, AK",Anchorage Borough,325904.4103599536,3.8865037212838724,73.72321287754727,96.30616025937934,72.77623623681933,19.310577888761486,16.906296235464914,55.80449669959447,28.166666666666668,26.864237345437232,0.9998244148378213,47.16173910332287,Balanced
911,399651,84096,UT,Herriman,"Salt Lake City, UT",Salt Lake County,593487.4953487717,2.547253251688967,65.06556681255923,74.99999999999999,100.0,27.053600054379572,11.839060973610513,55.791645568109864,43.5,35.336829323051596,0.9969613391516173,25.803650803079737,Balanced
912,84162,59733,MT,Goldcreek,,Powell County,413659.62526597845,0.28495249866399036,50.4408198687179,,,,78.43747909081335,55.77565979190626,,,,306.5119308214786,Balanced
913,75050,38871,MS,Thaxton,"Tupelo, MS",Pontotoc County,215893.28231349296,8.085316766647479,100.0,,51.10633423230516,,27.72793429936459,55.766853706333954,,23.695527837946997,,92.77428507330363,Balanced
914,63810,14889,NY,Van Etten,"Elmira, NY",Chemung County,171060.24592262684,6.155502053463966,88.39125662891915,81.94766095414543,34.080923134164735,,24.35316008940825,55.75460016132752,38.5,21.205965033077412,,78.54981712482852,Balanced
915,94570,84501,UT,Price,"Price, UT",Carbon County,300305.7164067198,4.2297222877639795,75.94196503704148,,82.9148619622595,,19.915275848797293,55.75442056961966,,28.34677103305589,,59.8444050847057,Balanced
916,71404,31054,GA,Mc Intyre,,Wilkinson County,145116.6686408034,6.855064861076476,92.91361247350616,,,,35.796246755022004,55.741971845705635,,,,126.78173113745561,Balanced
917,94455,84092,UT,Sandy,"Salt Lake City, UT",Salt Lake County,834008.314121243,2.4995905649916357,64.75744918908232,74.99999999999999,100.0,27.053600054379572,11.839060973610513,55.730022043414486,43.5,35.336829323051596,0.9969613391516173,25.803650803079737,Balanced
918,95916,89439,NV,Verdi,"Reno, NV",Washoe County,802738.8800967842,2.244953148174084,63.11133393300478,65.96804075961091,88.88668416473553,43.3892035765121,17.27466843785743,55.72598617434416,50.0,29.22000847483505,0.9909210530380942,48.71440552188878,Balanced
919,83566,58249,ND,Langdon,,Cavalier County,165831.45022299935,4.619435790092048,78.46128584110576,,,,,55.692257168221154,,,,,Balanced
920,91604,76866,TX,Paint Rock,,Concho County,209475.1938715008,9.428208657350655,100.0,,,,28.426429658749726,55.685285931749945,,,,95.71840051143275,Balanced
921,89077,71419,LA,Converse,"Shreveport-Bossier City, LA",Sabine Parish,155338.88362335542,11.661262383602919,100.0,,,,28.387779681495285,55.67755593629906,,,,95.55549320905882,Balanced
922,59535,4493,ME,Enfield,"Bangor, ME",Penobscot County,218858.79656239145,2.252074278659725,63.15736880753121,68.9786938397406,82.22208545078443,,14.009357438376972,55.67350110728665,47.833333333333336,28.245468889741183,,34.95131834500951,Balanced
923,94447,84084,UT,West Jordan,"Salt Lake City, UT",Salt Lake County,505949.9493585242,2.4433177871329006,64.39367123652205,74.99999999999999,100.0,27.053600054379572,11.839060973610513,55.65726645290243,43.5,35.336829323051596,0.9969613391516173,25.803650803079737,Balanced
924,81658,54409,WI,Antigo,,Langlade County,168373.81682624246,9.343120838091977,100.0,,,,28.280727969087522,55.656145593817506,,,,95.10427675508653,Balanced
925,81676,54428,WI,Elcho,,Langlade County,294639.47139086475,11.017647263378572,100.0,,,,28.280727969087522,55.656145593817506,,,,95.10427675508653,Balanced
926,92813,79080,TX,Skellytown,"Borger, TX",Hutchinson County,61204.00908203265,4.908496510031793,80.3299321185164,,63.52607595666922,,34.387200328163445,55.64864168066981,,25.5116206691175,,120.84268618516462,Balanced
927,75206,39202,MS,Jackson,"Jackson, MS",Hinds County,178066.63173367537,0.0016271203716969368,48.60924997035118,58.55720240852244,57.76438516843895,65.36161760526139,47.9196175762247,55.642414545759735,55.333333333333336,24.6691099657428,0.98279648836201,177.8810014723166,Balanced
928,59500,4444,ME,Hampden,"Bangor, ME",Penobscot County,343048.4156746155,2.224256437551955,62.97753909824914,68.9786938397406,82.22208545078443,,14.009357438376972,55.63753516543023,47.833333333333336,28.245468889741183,,34.95131834500951,Balanced
929,93920,82421,WY,Deaver,,Big Horn County,284161.34616193577,6.5070224935734275,90.6636766311291,,,,37.52132843424491,55.63700101307481,,,,134.052845448515,Balanced
930,71201,30557,GA,Martin,"Toccoa, GA",Stephens County,318353.5679601166,-0.5321847187737735,45.15839886105888,,73.86796477615756,,59.04533691726107,55.614340110895505,,27.02387676611753,,224.77523152285048,Balanced
931,81672,54424,WI,Deerbrook,,Langlade County,282762.1057174871,7.899024529977017,99.66233761839773,,,,28.280727969087522,55.588613117497054,,,,95.10427675508653,Balanced
932,100301,99615,AK,Kodiak,,Kodiak Island Borough,421284.8427623147,6.904334502735694,93.23211833101266,,,,34.630263843481906,55.57247643489892,,,,121.86718411243065,Balanced
933,89484,72333,AR,Elaine,"Helena-West Helena, AR",Phillips County,69629.47007322639,-1.740884515112957,37.344703609047464,,,,90.4482799942009,55.558596720649675,,,,357.1367258023441,Balanced
934,73650,35956,AL,Boaz,"Gadsden, AL",Etowah County,220315.01486898912,4.473192526332594,77.5158895573165,41.882816118573395,72.48762019572241,,35.90614054799537,55.558493283921536,67.33333333333333,26.822034090745657,,127.24492678807846,Balanced
935,97092,93013,CA,Carpinteria,"Santa Maria-Santa Barbara, CA",Santa Barbara County,1420563.5701113946,6.280300897849298,89.19802448044325,,,,38.554758931917725,55.5505566824722,,,,138.4086921145691,Balanced
936,75292,39427,MS,Bassfield,,Jefferson Davis County,103896.55746109804,9.934618613507604,100.0,,,,27.739323919129244,55.54786478382585,,,,92.82229162758205,Balanced
937,100034,98938,WA,Outlook,"Yakima, WA",Yakima County,351292.3924713633,4.276577328402129,76.24486159553844,72.68411301528485,64.83470996833883,,13.972253182642296,55.54718755236089,45.166666666666664,25.702977373625846,,34.79492616478815,Balanced
938,93782,81418,CO,,"Grand Junction, CO",Delta County,371852.5810713659,0.5947951343626601,52.44381179339761,67.82075034738304,85.42628010041685,,21.95964859350286,55.53009816694008,48.666666666666664,28.71400640541728,,68.46131180871929,Balanced
939,100367,99688,AK,Willow,"Anchorage, AK",Matanuska Susitna Borough,256354.99630154416,4.6923737349625085,78.932796529907,96.30616025937934,72.77623623681933,19.310577888761486,10.164346165579314,55.49802341608929,28.166666666666668,26.864237345437232,0.9998244148378213,18.744829789396388,Balanced
940,75305,39456,MS,McLain,"Hattiesburg, MS",Greene County,136995.48097095068,7.023744080515796,94.00404702147075,55.314960629921245,59.4712639244514,,18.65698085917637,55.48945048700395,57.666666666666664,24.918700524167246,,54.54076826752701,Balanced
941,93003,79543,TX,Roby,,Fisher County,103295.6425965352,9.11447601989311,100.0,,,,27.428318466858865,55.48566369337178,,,,91.511422570159,Balanced
942,93006,79546,TX,Rotan,,Fisher County,62719.178807875614,9.153099401575721,100.0,,,,27.428318466858865,55.48566369337178,,,,91.511422570159,Balanced
943,93486,80624,CO,Gill,"Greeley, CO",Weld County,616971.0414661163,1.978503755349598,61.388859616454326,56.936081519221844,96.30956765291599,,12.66436227689513,55.45977421309746,56.5,30.305429233871706,,29.28224557892361,Balanced
944,88924,71129,LA,Shreveport,"Shreveport-Bossier City, LA",Caddo Parish,201348.6876279793,2.660599785414448,65.79830067673721,,,,61.26648610551445,55.412957356450335,,,,234.13724020001777,Balanced
945,100233,99515,AK,Anchorage,"Anchorage, AK",Anchorage Borough,452515.997243165,3.5784435564937995,71.73174381778202,96.30616025937934,72.77623623681933,19.310577888761486,16.906296235464914,55.40620288764142,28.166666666666668,26.864237345437232,0.9998244148378213,47.16173910332287,Balanced
946,72116,32622,FL,,"Gainesville, FL",Bradford County,261466.8061852021,1.1812934843597211,56.23525726775308,36.09309865678553,68.66594468013561,89.48676137953504,26.35264037329787,55.36674047150142,71.5,26.263204635113606,0.9738759259396262,86.9775048580958,Balanced
947,98365,95674,CA,Rio Oso,"Yuba City, CA",Sutter County,617179.3630493422,2.064495929131906,61.944759966589245,66.19962945808243,86.38266512310999,,12.221854085529207,55.34978172666218,49.833333333333336,28.85385504495417,,27.417100477822558,Balanced
948,73735,36080,AL,Titus,"Montgomery, AL",Elmore County,290298.3292175315,5.799377642241,86.08907404435503,66.43121815655395,43.81846058719767,56.03599957270966,24.31901547736462,55.33875356763619,49.666666666666664,22.629849068203185,0.9862447479274263,78.40589966267807,Balanced
949,99925,98625,WA,Kalama,"Longview, WA",Cowlitz County,536051.9821591731,0.5262972330827028,52.001003969962056,67.58916164891151,88.7228699229901,,18.270200684294156,55.316647245231565,48.833333333333336,29.196054525012254,,52.91051336499566,Balanced
950,71208,30565,GA,Nicholson,"Jefferson, GA",Jackson County,333716.34851857694,4.127359933051299,75.28023890171356,37.25104214914309,96.41985928944514,,17.564801056601144,55.303188279380585,70.66666666666667,30.32155677137482,,49.93729685605614,Balanced
951,71634,31714,GA,Ashburn,,Turner County,130273.85916995996,-1.751346447474857,37.27707196761704,,,,89.20270818888699,55.29595603130081,,,,351.8867164328458,Balanced
952,81827,54655,WI,Soldiers Grove,,Crawford County,281585.1776030729,11.72376590980848,100.0,,,,26.43258134686528,55.28651626937305,,,,87.31445119747602,Balanced
953,73333,35125,AL,Pell City,"Birmingham-Hoover, AL",Saint Clair County,217506.68592677984,2.2351814639870176,63.04816443254827,,,,63.351502606874924,55.27993340788464,,,,242.92545788526178,Balanced
954,75033,38850,MS,New Houlka,"Tupelo, MS",Chickasaw County,144189.6901090401,6.6588600453039115,91.64523744600376,,51.10633423230516,,33.599068924071474,55.27012812047609,,23.695527837946997,,117.52076027272322,Balanced
955,73548,35619,AL,Danville,"Decatur, AL",Lawrence County,236159.5617790077,2.395166354658848,64.08239409356267,40.72487262621581,79.88872055882892,,41.525446619130456,55.24428677954758,68.16666666666667,27.90426958408474,,150.92995995732468,Balanced
956,89815,72932,AR,Cedarville,"Fort Smith, AR-OK",Crawford County,242085.0405296364,7.902812088043889,99.6868224611796,,,,26.43258134686528,55.22388076160898,,,,87.31445119747602,Balanced
957,71217,30577,GA,Toccoa,"Toccoa, GA",Stephens County,223195.92136062097,-0.8355709963168161,43.19714435969859,,73.86796477615756,,59.04533691726107,55.22208921062345,,27.02387676611753,,224.77523152285048,Balanced
958,99651,98239,WA,Coupeville,"Oak Harbor, WA",Island County,620979.0264445181,1.6754607823033805,59.42982442275417,65.50486336266789,81.2104864025202,,19.950457963937346,55.21912643037593,50.333333333333336,28.097546507750938,,59.99269555927814,Balanced
959,93899,82244,WY,Yoder,,Goshen County,347662.62577536114,9.081166463123926,100.0,,,,26.081133892310778,55.21622677846216,,,,85.83312156121914,Balanced
960,93863,82053,WY,Burns,"Cheyenne, WY",Laramie County,402204.03668398736,3.465247875406255,70.99998514739853,77.08429828624362,65.02823336083935,,12.861116776221035,55.19472671414051,42.0,25.73127558252455,,30.111553821567732,Balanced
961,98107,95323,CA,Hickman,"Modesto, CA",Stanislaus County,603837.1947518691,6.715799015978187,92.01332203256487,77.08429828624362,69.96295400877821,24.42411499236276,12.413571204559506,55.1796521049018,42.0,26.452861505279294,0.9979336229172154,28.225176469032576,Balanced
962,71304,30746,GA,Sugar Valley,"Calhoun, GA",Gordon County,286490.65173359454,3.834824843446817,73.38913240230627,53.92542843909216,81.82786101736049,,16.654889164987065,55.1594622047492,58.666666666666664,28.187822911000016,,46.102073598744276,Balanced
963,95939,89511,NV,Reno,"Reno, NV",Washoe County,1076957.338407104,1.7938293587679237,60.195023512478194,65.96804075961091,88.88668416473553,43.3892035765121,17.27466843785743,55.142724090238836,50.0,29.22000847483505,0.9909210530380942,48.71440552188878,Balanced
964,73693,36025,AL,Elmore,"Montgomery, AL",Elmore County,233808.292137344,5.6465457899364955,85.1010855278312,66.43121815655395,43.81846058719767,56.03599957270966,24.31901547736462,55.141155864331424,49.666666666666664,22.629849068203185,0.9862447479274263,78.40589966267807,Balanced
965,100380,99705,AK,North Pole,"Fairbanks, AK",Fairbanks North Star Borough,311990.3118244198,-1.6823621781278628,37.7230239397218,92.36915238536359,67.64023838084483,,27.915394746307392,55.129561890447526,31.0,26.113219402057258,,93.5644194506726,Balanced
966,88783,70760,LA,New Roads,"Baton Rouge, LA",Pointe Coupee Parish,149297.80872852154,2.2374757330613932,63.06299584017122,42.345993515516426,71.5654368605229,49.340793368392774,49.065891864639724,55.076222289848616,67.0,26.68718663729215,0.9887203810442755,182.7124778500893,Balanced
967,93067,79758,TX,Gardendale,"Odessa, TX",Ector County,381767.45130701456,4.927531129991988,80.45298229198153,,76.49579364026685,,18.388940406887844,55.06754326782725,,27.40813444776398,,53.4109940707157,Balanced
968,98623,96104,CA,Cedarville,,Modoc County,221456.34146752275,7.419087667566713,96.55976376636384,,,,28.587964732218058,55.02954569971638,,,,96.39926101710034,Balanced
969,99940,98645,WA,Silverlake,"Longview, WA",Cowlitz County,473247.00177842967,0.3009551417321033,50.544269688548816,67.58916164891151,88.7228699229901,,18.270200684294156,55.02530038894892,48.833333333333336,29.196054525012254,,52.91051336499566,Balanced
970,71746,32040,FL,Glen Saint Mary,"Jacksonville, FL",Baker County,370897.0465339876,1.6846768388064555,59.489402042572145,10.386753126447388,99.10935147858811,89.5854067665044,16.43303068492484,55.00078881980738,90.0,30.714831252647635,0.9738394506199194,45.16695360481041,Balanced
971,93933,82442,WY,Ten Sleep,,Washakie County,367121.729478217,10.382923461415293,100.0,,,,24.329244178273715,54.865848835654745,,,,78.44901301461928,Balanced
972,93914,82401,WY,Worland,,Washakie County,250455.1839478881,9.174808569963243,100.0,,,,24.329244178273715,54.865848835654745,,,,78.44901301461928,Balanced
973,89091,71435,LA,Grayson,,Caldwell Parish,133874.50489080886,8.322057572947806,100.0,,,,24.317975570336426,54.86359511406729,,,,78.40151651782995,Balanced
974,89095,71441,LA,Kelly,,Caldwell Parish,138243.74191291915,18.709559296616643,100.0,,,,24.317975570336426,54.86359511406729,,,,78.40151651782995,Balanced
975,89076,71418,LA,Columbia,,Caldwell Parish,128423.90504781122,9.100619725301767,100.0,,,,24.317975570336426,54.86359511406729,,,,78.40151651782995,Balanced
976,81777,54563,WI,,,Rusk County,243718.3697056284,8.207629380906074,100.0,,,,24.215032698465954,54.84300653969319,,,,77.96761857670978,Balanced
977,81750,54530,WI,Hawkins,,Rusk County,152197.8459278545,10.4306829909111,100.0,,,,24.215032698465954,54.84300653969319,,,,77.96761857670978,Balanced
978,81906,54819,WI,Bruce,,Rusk County,197109.9173752889,9.197389883469878,100.0,,,,24.215032698465954,54.84300653969319,,,,77.96761857670978,Balanced
979,75110,39044,MS,,"Jackson, MS",Simpson County,173231.3618974025,2.805106988096694,66.7324741140949,58.55720240852244,57.76438516843895,65.36161760526139,25.67861981788453,54.818859822840444,55.333333333333336,24.6691099657428,0.98279648836201,84.13654922947777,Balanced
980,93926,82431,WY,Lovell,,Big Horn County,271676.4361961317,5.87102976407043,86.55227247115286,,,,37.52132843424491,54.81472018107955,,,,134.052845448515,Balanced
981,95945,89523,NV,Reno,"Reno, NV",Washoe County,620012.3651660372,1.5359462584726007,58.52792638674483,65.96804075961091,88.88668416473553,43.3892035765121,17.27466843785743,54.809304665092164,50.0,29.22000847483505,0.9909210530380942,48.71440552188878,Balanced
982,81618,54213,WI,Forestville,,Door County,283941.76718986407,7.606507809460145,97.77134986679954,,,,26.221227071931537,54.798515387746214,,,,86.42360578900433,Balanced
983,59503,4450,ME,Kenduskeag,"Bangor, ME",Penobscot County,228722.6341035312,1.5383453386310357,58.543435350426265,68.9786938397406,82.22208545078443,,14.009357438376972,54.75071441586565,47.833333333333336,28.245468889741183,,34.95131834500951,Balanced
984,71395,31042,GA,Irwinton,,Wilkinson County,144642.42904163877,6.083819890980025,87.92786400293288,,,,35.796246755022004,54.74482215159098,,,,126.78173113745561,Balanced
985,82000,54952,WI,,"Oshkosh-Neenah, WI",Winnebago County,268080.0139935131,7.782423011300817,98.90856175476561,,,,24.608228276613257,54.70335800627578,,,,79.62491401364237,Balanced
986,71763,32063,FL,Macclenny,"Jacksonville, FL",Baker County,295467.84216024505,1.4316927052779367,57.853974512119166,10.386753126447388,99.10935147858811,89.5854067665044,16.43303068492484,54.673703313716786,90.0,30.714831252647635,0.9738394506199194,45.16695360481041,Balanced
987,89128,71486,LA,Zwolle,,Sabine Parish,180826.3806372295,7.1722240086232,94.96390232448782,,,,28.387779681495285,54.67033640119662,,,,95.55549320905882,Balanced
988,72114,32619,FL,Bell,"Gainesville, FL",Gilchrist County,287741.15440194187,1.0851436207932919,55.61369206628122,36.09309865678553,68.66594468013561,89.48676137953504,23.274901064461382,54.62687956943976,71.5,26.263204635113606,0.9738759259396262,74.00502094401702,Balanced
989,100214,99362,WA,Walla Walla,"Walla Walla, WA",Walla Walla County,405130.0455980364,2.650731928158471,65.7345094610672,57.39925891616488,83.7061428141788,,16.269769079713708,54.621936054224925,56.166666666666664,28.462477101225897,,44.47881587290201,Balanced
990,100265,99567,AK,Chugiak,"Anchorage, AK",Anchorage Borough,484470.5504158221,2.9604119578270685,67.73645021161008,96.30616025937934,72.77623623681933,19.310577888761486,16.906296235464914,54.60714416640703,28.166666666666668,26.864237345437232,0.9998244148378213,47.16173910332287,Balanced
991,60443,6790,CT,Torrington,"Torrington, CT",Litchfield County,291962.0848553397,3.0853979949256773,68.5444281790119,86.81102362204724,43.06608705842157,,24.608047536378823,54.605917279171905,35.0,22.51983227378851,,79.62415220455182,Balanced
992,99683,98277,WA,Oak Harbor,"Oak Harbor, WA",Island County,513826.73927339393,1.190001603416296,56.291551302659336,65.50486336266789,81.2104864025202,,19.950457963937346,54.59147180635696,50.333333333333336,28.097546507750938,,59.99269555927814,Balanced
993,93071,79762,TX,Odessa,"Odessa, TX",Ector County,254517.7879875069,4.545066425930776,77.98052167666889,,76.49579364026685,,18.388940406887844,54.57305114476472,,27.40813444776398,,53.4109940707157,Balanced
994,81981,54930,WI,Coloma,,Waushara County,261145.8124617495,12.932597246322844,100.0,,,,22.86505704708837,54.573011409417674,,,,72.27755334876356,Balanced
995,82013,54970,WI,Redgranite,,Waushara County,197000.7201690265,8.864770319664187,100.0,,,,22.86505704708837,54.573011409417674,,,,72.27755334876356,Balanced
996,82022,54982,WI,Wautoma,,Waushara County,278390.7322943865,8.478080390989053,100.0,,,,22.86505704708837,54.573011409417674,,,,72.27755334876356,Balanced
997,92972,79502,TX,Aspermont,,Stonewall County,86761.55810846748,9.15262533255142,100.0,,,,22.85809517644216,54.571619035288435,,,,72.24820948760204,Balanced
998,75124,39066,MS,Edwards,"Jackson, MS",Hinds County,123599.87784071392,-0.85053672891625,43.10039769513453,58.55720240852244,57.76438516843895,65.36161760526139,47.9196175762247,54.540644090716405,55.333333333333336,24.6691099657428,0.98279648836201,177.8810014723166,Balanced
999,73644,35907,AL,Southside,"Gadsden, AL",Etowah County,275016.7411294225,3.681716720939946,72.39935792439233,41.882816118573395,72.48762019572241,,35.90614054799537,54.535186957336705,67.33333333333333,26.822034090745657,,127.24492678807846,Balanced
1000,95003,85619,AZ,Mount Lemmon,"Tucson, AZ",Pima County,546155.8487039594,2.7670198431525272,66.48625801931746,47.67253358036127,89.44645134294484,54.50966940038256,14.39357075342898,54.501696619287024,63.166666666666664,29.301861155996384,0.9868091268885139,36.57075408954346,Balanced
1001,95937,89509,NV,Reno,"Reno, NV",Washoe County,660728.5544195584,1.2976396928118892,56.98738266673604,65.96804075961091,88.88668416473553,43.3892035765121,17.27466843785743,54.50119592109041,50.0,29.22000847483505,0.9909210530380942,48.71440552188878,Balanced
1002,100221,99502,AK,Anchorage,"Anchorage, AK",Anchorage Borough,425928.5614121319,2.849578792305344,67.01996413142258,96.30616025937934,72.77623623681933,19.310577888761486,16.906296235464914,54.463846950369536,28.166666666666668,26.864237345437232,0.9998244148378213,47.16173910332287,Balanced
1003,99913,98611,WA,Castle Rock,"Longview, WA",Cowlitz County,469911.292131531,-0.13576894915266594,47.721046779336255,67.58916164891151,88.7228699229901,,18.270200684294156,54.460655807106406,48.833333333333336,29.196054525012254,,52.91051336499566,Balanced
1004,59507,4455,ME,Lee,"Bangor, ME",Penobscot County,183653.0108033956,1.312491748715559,57.083394463088275,68.9786938397406,82.22208545078443,,14.009357438376972,54.45870623839806,47.833333333333336,28.245468889741183,,34.95131834500951,Balanced
1005,99428,97823,OR,,,Gilliam County,209213.05018240257,11.426531074822806,100.0,,,,22.216585449091998,54.4433170898184,,,,69.54428502106849,Balanced
1006,71361,31008,GA,Byron,"Warner Robins, GA",Peach County,258347.7161927588,2.6784634432594125,65.91378111192013,80.09495136637331,50.389499081288406,,25.758650905602074,54.43137649303679,39.833333333333336,23.590707688882325,,84.47387539451758,Balanced
1007,100223,99504,AK,Anchorage,"Anchorage, AK",Anchorage Borough,344192.0460702998,2.8234714812034483,66.85119222179084,96.30616025937934,72.77623623681933,19.310577888761486,16.906296235464914,54.430092568443186,28.166666666666668,26.864237345437232,0.9998244148378213,47.16173910332287,Balanced
1008,92885,79248,TX,,,Cottle County,64733.92018015307,25.84760784559118,100.0,,,,21.96470213994167,54.392940427988336,,,,68.48261219946333,Balanced
1009,60800,7762,NJ,Spring Lake,"New York-Newark-Jersey City, NY-NJ-PA",Monmouth County,1332962.247149117,8.167169906767809,100.0,,,,21.94508598353262,54.389017196706526,,,,68.39993129379278,Balanced
1010,73336,35128,AL,Pell City,"Birmingham-Hoover, AL",Saint Clair County,304081.09758456744,1.5374022104674536,58.5373384551706,,,,63.351502606874924,54.3777682124091,,,,242.92545788526178,Balanced
1011,99687,98281,WA,Point Roberts,"Bellingham, WA",Whatcom County,383749.6322195222,3.334667075401463,70.15583957867125,72.91570171375636,62.2773887745448,,16.16838782757179,54.30346357890884,45.0,25.32902976745793,,44.05150006391709,Balanced
1012,67026,21766,MD,Little Orleans,"Cumberland, MD-WV",Allegany County,215366.40977031484,7.178103754507817,95.00191221134378,,,,26.513598597649302,54.30310216179862,,,,87.65593397983548,Balanced
1013,100033,98937,WA,Naches,"Yakima, WA",Yakima County,317044.17174728354,3.279765960890994,69.80092880671624,72.68411301528485,64.83470996833883,,13.972253182642296,54.25840099459645,45.166666666666664,25.702977373625846,,34.79492616478815,Balanced
1014,60425,6756,CT,Goshen,"Torrington, CT",Litchfield County,564676.3373103266,2.8150300820436094,66.79662240988607,86.81102362204724,43.06608705842157,,24.608047536378823,54.25635612534674,35.0,22.51983227378851,,79.62415220455182,Balanced
1015,100235,99517,AK,Anchorage,"Anchorage, AK",Anchorage Borough,387160.91057735,2.680509835491969,65.92701010833404,96.30616025937934,72.77623623681933,19.310577888761486,16.906296235464914,54.24525614575183,28.166666666666668,26.864237345437232,0.9998244148378213,47.16173910332287,Balanced
1016,71577,31560,GA,Screven,"Jesup, GA",Wayne County,198986.6526036813,5.3089840713111744,82.91890232065927,,45.75908059075237,,42.54077511900112,54.243751606082554,,22.91361874350714,,155.20950780410354,Balanced
1017,71178,30530,GA,Commerce,"Jefferson, GA",Jackson County,361024.76508256287,3.3069542421053346,69.9766886972021,37.25104214914309,96.41985928944514,,17.564801056601144,54.24247823847829,70.66666666666667,30.32155677137482,,49.93729685605614,Balanced
1018,71285,30720,GA,Dalton,"Dalton, GA",Whitfield County,264875.5562159832,4.620310614357758,78.46694118268192,53.230662343677615,70.2005547854657,,19.239373876686432,54.22750643770234,59.166666666666664,26.487604986810492,,56.99551939918709,Balanced
1019,92737,78943,TX,Glidden,,Colorado County,175245.12799102833,9.97902070470411,100.0,,,,21.076154850919533,54.21523097018391,,,,64.73743944209437,Balanced
1020,99346,97525,OR,Gold Hill,"Medford, OR",Jackson County,440392.6788837777,2.415391549579027,64.21314079344418,62.03103288559517,87.00440510826539,40.16845086570476,17.564801056601144,54.196366141922134,52.833333333333336,28.944769780135637,0.9921119651368008,49.93729685605614,Balanced
1021,99959,98674,WA,Woodland,"Longview, WA",Clark County,575610.5289243136,1.0905398731152793,55.648576386833504,67.58916164891151,88.7228699229901,,8.992592306406888,54.1906400530284,48.833333333333336,29.196054525012254,,13.805958571248794,Balanced
1022,99943,98649,WA,Toutle,"Longview, WA",Cowlitz County,488026.5986474291,-0.3563134710410288,46.29532660567898,67.58916164891151,88.7228699229901,,18.270200684294156,54.17551177237495,48.833333333333336,29.196054525012254,,52.91051336499566,Balanced
1023,100093,99116,WA,,,Okanogan County,220622.4594868965,8.097844588507149,100.0,,,,20.747438038911643,54.149487607782326,,,,63.35191808106926,Balanced
1024,73642,35905,AL,Glencoe,"Gadsden, AL",Etowah County,203827.6602583931,3.3765169346262307,70.4263799124351,41.882816118573395,72.48762019572241,,35.90614054799537,54.14059135494526,67.33333333333333,26.822034090745657,,127.24492678807846,Balanced
1025,99301,97456,OR,Monroe,"Corvallis, OR",Benton County,569336.9953620603,1.0881395491350194,55.63305938240887,80.09495136637331,75.78417474415906,,9.165157139082721,54.13546852640479,39.833333333333336,27.304077052334286,,14.533308840842999,Balanced
1026,97157,93218,CA,Earlimart,"Visalia, CA",Tulare County,272089.671362032,5.738296317539262,85.69421102025753,70.13663733209819,55.35258310128346,,9.452247547048866,54.12713580013761,47.0,24.316441082478434,,15.74337744169376,Balanced
1027,95938,89510,NV,Nixon,"Reno, NV",Washoe County,746523.2977350539,0.9899462270181177,54.99828414944542,65.96804075961091,88.88668416473553,43.3892035765121,17.27466843785743,54.10337621763228,50.0,29.22000847483505,0.9909210530380942,48.71440552188878,Balanced
1028,93019,79567,TX,Winters,,Runnels County,91250.9464462406,10.734575514132695,100.0,,,,20.371011529829598,54.07420230596592,,,,61.765303249891204,Balanced
1029,99926,98626,WA,Kelso,"Longview, WA",Cowlitz County,381121.6640117113,-0.44132757373580117,45.74574904093373,67.58916164891151,88.7228699229901,,18.270200684294156,54.0655962594259,48.833333333333336,29.196054525012254,,52.91051336499566,Balanced
1030,71381,31028,GA,Warner Robins,"Warner Robins, GA",Houston County,225068.5743080372,3.730741935021189,72.71628366861405,80.09495136637331,50.389499081288406,,17.10745753275949,54.06163832980705,39.833333333333336,23.590707688882325,,48.009621731262406,Balanced
1031,99357,97537,OR,Rogue River,"Medford, OR",Jackson County,469192.3527675656,2.3068595940875567,63.51153099100715,62.03103288559517,87.00440510826539,40.16845086570476,17.564801056601144,54.05604418143472,52.833333333333336,28.944769780135637,0.9921119651368008,49.93729685605614,Balanced
1032,59476,4412,ME,Brewer,"Bangor, ME",Penobscot County,293064.6802184063,0.9831283747225318,54.95420983068383,68.9786938397406,82.22208545078443,,14.009357438376972,54.03286931191716,47.833333333333336,28.245468889741183,,34.95131834500951,Balanced
1033,92704,78839,TX,Crystal City,,Zavala County,78087.92290466832,7.468430305394932,96.8787415109517,,,,23.26473590601363,54.02869548339307,,,,73.96217541968399,Balanced
1034,59774,5034,VT,Bridgewater,"Lebanon, NH-VT",Windsor County,477678.98529925634,14.79967603052744,100.0,,,,20.017624544354,54.0035249088708,,,,60.275798608817475,Balanced
1035,73675,35987,AL,Steele,"Birmingham-Hoover, AL",Saint Clair County,181967.6778899813,1.228603833611613,56.541097189659354,,,,63.351502606874924,53.97851995930685,,,,242.92545788526178,Balanced
1036,88785,70762,LA,Oscar,"Baton Rouge, LA",Pointe Coupee Parish,297036.3361791827,1.3850992368384714,57.55276889909362,42.345993515516426,71.5654368605229,49.340793368392774,49.065891864639724,53.974176901633086,67.0,26.68718663729215,0.9887203810442755,182.7124778500893,Balanced
1037,71389,31036,GA,Hawkinsville,"Warner Robins, GA",Pulaski County,184756.2896513849,2.6867784604755243,65.9675339219551,80.09495136637331,50.389499081288406,,23.346791447617367,53.959755163446836,39.833333333333336,23.590707688882325,,74.30803453467118,Balanced
1038,71907,32266,FL,Neptune Beach,"Jacksonville, FL",Duval County,736097.3940165912,0.3545774257598236,50.890913402214025,10.386753126447388,99.10935147858811,89.5854067665044,19.740462282681573,53.942577411287104,90.0,30.714831252647635,0.9738394506199194,59.10757654049211,Balanced
1039,73720,36054,AL,Millbrook,"Montgomery, AL",Elmore County,214733.4710204896,4.6872019142786,78.89936305796921,66.43121815655395,43.81846058719767,56.03599957270966,24.31901547736462,53.90081137035902,49.666666666666664,22.629849068203185,0.9862447479274263,78.40589966267807,Balanced
1040,59486,4422,ME,Charleston,"Bangor, ME",Penobscot County,225266.24365839863,0.8625016710798363,54.17441297428209,68.9786938397406,82.22208545078443,,14.009357438376972,53.876909940636814,47.833333333333336,28.245468889741183,,34.95131834500951,Balanced
1041,88787,70764,LA,Plaquemine,"Baton Rouge, LA",Iberville Parish,167091.80090690756,5.1121382528883395,81.6463835021344,42.345993515516426,71.5654368605229,49.340793368392774,24.166771680153374,53.81307578534398,67.0,26.68718663729215,0.9887203810442755,77.76420132108338,Balanced
1042,71434,31088,GA,Warner Robins,"Warner Robins, GA",Houston County,231740.03013827512,3.511863174809006,71.30133188768718,80.09495136637331,50.389499081288406,,17.10745753275949,53.77864797362168,39.833333333333336,23.590707688882325,,48.009621731262406,Balanced
1043,59491,4429,ME,Holden,"Bangor, ME",Penobscot County,337537.50867431145,0.7808978033538267,53.646881029850825,68.9786938397406,82.22208545078443,,14.009357438376972,53.77140355175056,47.833333333333336,28.245468889741183,,34.95131834500951,Balanced
1044,89273,71958,AR,Murfreesboro,,Pike County,170374.1082368349,2.8024639844153243,66.71538829561564,,,,51.72278173380417,53.68763400588396,,,,193.9111069835764,Balanced
1045,73574,35672,AL,Town Creek,"Decatur, AL",Lawrence County,213659.9174709516,1.1555498820551686,56.06883657031771,40.72487262621581,79.88872055882892,,41.525446619130456,53.641575274898585,68.16666666666667,27.90426958408474,,150.92995995732468,Balanced
1046,99219,97358,OR,Lyons,"Salem, OR",Marion County,482138.366672336,3.9771702716683013,74.30933094954557,71.06299212598424,82.88224054444188,20.075656620771056,19.840944687846413,53.63423298571783,46.333333333333336,28.342000923954107,0.999541517763682,59.53110376416123,Balanced
1047,59495,4435,ME,Exeter,"Bangor, ME",Penobscot County,213622.00974416232,0.6650948372517864,52.89826744594778,68.9786938397406,82.22208545078443,,14.009357438376972,53.62168083496996,47.833333333333336,28.245468889741183,,34.95131834500951,Balanced
1048,89100,71449,LA,Many,,Sabine Parish,216713.61099897945,6.3547326715330446,89.67919209409962,,,,28.387779681495285,53.613394355118984,,,,95.55549320905882,Balanced
1049,59716,4930,ME,Dexter,"Bangor, ME",Penobscot County,198305.5176347644,0.6568850632288199,52.845194985360266,68.9786938397406,82.22208545078443,,14.009357438376972,53.61106634285245,47.833333333333336,28.245468889741183,,34.95131834500951,Balanced
1050,73743,36092,AL,Wetumpka,"Montgomery, AL",Elmore County,223415.37624872293,4.450959249719901,77.3721615212637,66.43121815655395,43.81846058719767,56.03599957270966,24.31901547736462,53.59537106301792,49.666666666666664,22.629849068203185,0.9862447479274263,78.40589966267807,Balanced
1051,60104,6039,CT,Salisbury,"Torrington, CT",Litchfield County,915496.0813287924,2.3015951335876346,63.477498644731234,86.81102362204724,43.06608705842157,,24.608047536378823,53.592531372315776,35.0,22.51983227378851,,79.62415220455182,Balanced
1052,99309,97465,OR,Port Orford,"Brookings, OR",Curry County,370658.0162533736,-1.2579674934054044,40.46654283749797,,39.29254149821661,,88.18775959390577,53.589368785924066,,21.968040683264558,,347.6087698620596,Balanced
1053,95944,89521,NV,Reno,"Reno, NV",Washoe County,687357.4264645382,0.589127850067946,52.407175374230896,65.96804075961091,88.88668416473553,43.3892035765121,17.27466843785743,53.58515446258938,50.0,29.22000847483505,0.9909210530380942,48.71440552188878,Balanced
1054,99201,97333,OR,Corvallis,"Corvallis, OR",Benton County,520234.02426790167,0.632208613507847,52.68567294473012,80.09495136637331,75.78417474415906,,9.165157139082721,53.54599123886904,39.833333333333336,27.304077052334286,,14.533308840842999,Balanced
1055,99199,97330,OR,Corvallis,"Corvallis, OR",Benton County,561407.7998730288,0.6302708673998428,52.67314629616977,80.09495136637331,75.78417474415906,,9.165157139082721,53.54348590915698,39.833333333333336,27.304077052334286,,14.533308840842999,Balanced
1056,88563,70372,LA,Labadieville,"Houma-Thibodaux, LA",Lafourche Parish,152582.72443575822,11.019834560854482,100.0,,,,17.714969327161047,53.54299386543221,,,,50.570246979105974,Balanced
1057,60124,6067,CT,Rocky Hill,"Hartford-East Hartford-Middletown, CT",Hartford County,393051.91962390096,8.329234523168585,100.0,,,,17.665300187032944,53.533060037406585,,,,50.3608945757078,Balanced
1058,58918,2817,RI,West Greenwich,"Providence-Warwick, RI-MA",Kent County,563830.3994892379,8.073833179359735,100.0,,,,17.319240564237678,53.463848112847536,,,,48.90227432248016,Balanced
1059,58808,2559,MA,Bourne,"Barnstable Town, MA",Barnstable County,735702.1353064989,3.787608932591232,73.08390298174291,64.81009726725334,47.65729540802969,64.69563399196653,17.03473043742561,53.456332017283614,50.833333333333336,23.191187665485305,0.9830427438227138,47.703081449690245,Balanced
1060,399672,89441,NV,Sparks,"Reno, NV",Washoe County,680448.3494622662,0.4414277249671997,51.452361143504135,65.96804075961091,88.88668416473553,43.3892035765121,17.27466843785743,53.394191616444026,50.0,29.22000847483505,0.9909210530380942,48.71440552188878,Balanced
1061,73347,35146,AL,Springville,"Birmingham-Hoover, AL",Saint Clair County,322882.8912515834,0.7715643606957637,53.58654456185181,,,,63.351502606874924,53.38760943374535,,,,242.92545788526178,Balanced
1062,88806,70788,LA,White Castle,"Baton Rouge, LA",Iberville Parish,132258.54915413648,4.722439025801176,79.12715498101946,42.345993515516426,71.5654368605229,49.340793368392774,24.166771680153374,53.30923008112099,67.0,26.68718663729215,0.9887203810442755,77.76420132108338,Balanced
1063,88912,71106,LA,Shreveport,"Shreveport-Bossier City, LA",Caddo Parish,212591.77159633505,1.0128592922790696,55.14640671038305,,,,61.26648610551445,53.2825785631795,,,,234.13724020001777,Balanced
1064,73565,35651,AL,Mount Hope,"Decatur, AL",Lawrence County,236035.3780562554,0.8773293871060331,54.27026742438043,40.72487262621581,79.88872055882892,,41.525446619130456,53.28186144571113,68.16666666666667,27.90426958408474,,150.92995995732468,Balanced
1065,66896,21529,MD,Cumberland,"Cumberland, MD-WV",Allegany County,172814.36904583935,6.386791665786654,89.88643893234878,,,,26.513598597649302,53.28000750599962,,,,87.65593397983548,Balanced
1066,66881,21405,MD,Annapolis,"Baltimore-Columbia-Towson, MD",Anne Arundel County,1474656.521206418,7.458120532557931,96.81209351174645,,,,19.435668885783763,53.24955247950604,,,,57.82289091847659,Balanced
1067,66911,21557,MD,Rawlings,"Cumberland, MD-WV",Allegany County,169393.40509185594,6.343480238209354,89.60645022295743,,,,26.513598597649302,53.22400976412135,,,,87.65593397983548,Balanced
1068,66050,19733,DE,New Castle,"Philadelphia-Camden-Wilmington, PA-NJ-DE-MD",New Castle County,308904.85416056216,9.588203507716605,100.0,,,,15.977969634253547,53.19559392685071,,,,43.24889896554702,Balanced
1069,71922,32311,FL,Tallahassee,"Tallahassee, FL",Leon County,324959.43316051137,0.1987803433109663,49.88375601946697,52.99907364520609,72.01192983563217,69.90224611768517,21.171845125888204,53.19377014877573,59.333333333333336,26.752475651287767,0.9811175362918828,65.14076812857567,Balanced
1070,88415,70002,LA,Metairie,"New Orleans-Metairie, LA",Jefferson Parish,339344.7703106453,11.604369324222933,100.0,,,,15.85652016669413,53.17130403333883,,,,42.73699684967758,Balanced
1071,88556,70358,LA,Grand Isle,"New Orleans-Metairie, LA",Jefferson Parish,259565.9361633432,20.61099658488277,100.0,,,,15.85652016669413,53.17130403333883,,,,42.73699684967758,Balanced
1072,73575,35673,AL,Trinity,"Decatur, AL",Lawrence County,247314.8271332117,0.7771060418226249,53.622369013581064,40.72487262621581,79.88872055882892,,41.525446619130456,53.15228176355126,68.16666666666667,27.90426958408474,,150.92995995732468,Balanced
1073,72113,32618,FL,Archer,"Gainesville, FL",Alachua County,311373.21244222583,-0.10627512885585924,47.91171093292909,36.09309865678553,68.66594468013561,89.48676137953504,23.47490276983458,53.12648368384397,71.5,26.263204635113606,0.9738759259396262,74.84801596256618,Balanced
1074,99192,97321,OR,Albany,"Corvallis, OR",Benton County,503880.5504868138,0.30692244389089535,50.58284558695361,80.09495136637331,75.78417474415906,,9.165157139082721,53.12542576731374,39.833333333333336,27.304077052334286,,14.533308840842999,Balanced
1075,73663,35972,AL,Gallant,"Gadsden, AL",Etowah County,218276.31822198257,2.574790329313355,65.24358151343006,41.882816118573395,72.48762019572241,,35.90614054799537,53.104031675144256,67.33333333333333,26.822034090745657,,127.24492678807846,Balanced
1076,60028,5822,VT,Barton,,Orleans County,242846.12563808385,5.362514268695027,83.26495073599307,,,,32.23144432912634,53.09927901302388,,,,111.75630582153346,Balanced
1077,399674,89519,NV,Reno,"Reno, NV",Washoe County,859839.4451837722,0.19835462684965663,49.88100395588385,65.96804075961091,88.88668416473553,43.3892035765121,17.27466843785743,53.07992017891997,50.0,29.22000847483505,0.9909210530380942,48.71440552188878,Balanced
1078,99295,97450,OR,Langlois,"Brookings, OR",Curry County,419400.003377554,-1.653806040414158,37.90762640126366,,39.29254149821661,,88.18775959390577,53.07758549867721,,21.968040683264558,,347.6087698620596,Balanced
1079,71923,32312,FL,Tallahassee,"Tallahassee, FL",Leon County,444204.9448665525,0.0626613619945339,49.00380862372639,52.99907364520609,72.01192983563217,69.90224611768517,21.171845125888204,53.01778066962761,59.333333333333336,26.752475651287767,0.9811175362918828,65.14076812857567,Balanced
1080,99355,97535,OR,Phoenix,"Medford, OR",Jackson County,389982.3731030829,1.479021573670777,58.1599341518612,62.03103288559517,87.00440510826539,40.16845086570476,17.564801056601144,52.985724813605536,52.833333333333336,28.944769780135637,0.9921119651368008,49.93729685605614,Balanced
1081,58937,2840,RI,Newport,"Providence-Warwick, RI-MA",Newport County,893450.8583731394,7.076945805151206,94.34797200966185,,,,20.54122490220097,52.977839382372565,,,,62.48274225738254,Balanced
1082,66891,21521,MD,Barton,"Cumberland, MD-WV",Garrett County,112493.49414316044,9.476790600456663,100.0,,,,14.673489539929626,52.93469790798593,,,,37.7505947422922,Balanced
1083,60594,7087,NJ,Union City,"New York-Newark-Jersey City, NY-NJ-PA",Hudson County,559811.6899509835,9.24607785904888,100.0,,,,14.629767759626253,52.925953551925254,,,,37.56631009867344,Balanced
1084,99414,97756,OR,Redmond,"Bend, OR",Deschutes County,505128.89191849454,-1.6081558343815996,38.20273425121142,47.440944881889735,94.10617876842498,68.71409446371621,16.02717090913634,52.89822465487575,63.333333333333336,29.983235838371787,0.9815568696735056,43.45627934540464,Balanced
1085,66886,21502,MD,Cumberland,"Cumberland, MD-WV",Allegany County,149169.54727941065,6.0325803565337015,87.59662368318506,,,,26.513598597649302,52.82204445616688,,,,87.65593397983548,Balanced
1086,96581,92008,CA,Carlsbad,"San Diego-Chula Vista-Carlsbad, CA",San Diego County,1408243.1573204072,40.73362792188157,100.0,,,,13.992322028628697,52.79846440572574,,,,34.87951512948221,Balanced
1087,72128,32643,FL,High Springs,"Gainesville, FL",Alachua County,326132.4166104204,-0.3667522465730013,46.227844662637345,36.09309865678553,68.66594468013561,89.48676137953504,23.47490276983458,52.789710429785615,71.5,26.263204635113606,0.9738759259396262,74.84801596256618,Balanced
1088,399673,89508,NV,Reno,"Reno, NV",Washoe County,469796.1581090165,-0.05215230380555159,48.261590416984504,65.96804075961091,88.88668416473553,43.3892035765121,17.27466843785743,52.7560374711401,50.0,29.22000847483505,0.9909210530380942,48.71440552188878,Balanced
1089,98532,95982,CA,Sutter,"Yuba City, CA",Sutter County,403885.6402814807,-0.01679042458837779,48.49018890651705,66.19962945808243,86.38266512310999,,12.221854085529207,52.65886751464774,49.833333333333336,28.85385504495417,,27.417100477822558,Balanced
1090,61154,8730,NJ,Brielle,"New York-Newark-Jersey City, NY-NJ-PA",Monmouth County,1193926.1435978615,6.589311188824885,91.1956356744978,,,,21.94508598353262,52.62814433160609,,,,68.39993129379278,Balanced
1091,99306,97462,OR,Oakland,"Roseburg, OR",Douglas County,397868.5477228548,2.933092067340161,67.55983952694746,39.79851783232976,84.55561704974531,,21.210140559769588,52.62482299375843,68.83333333333333,28.586692572345555,,65.30218105220523,Balanced
1092,99361,97541,OR,Trail,"Medford, OR",Jackson County,473838.7152204367,1.1780711693743724,56.21442646478797,62.03103288559517,87.00440510826539,40.16845086570476,17.564801056601144,52.59662327619089,52.833333333333336,28.944769780135637,0.9921119651368008,49.93729685605614,Balanced
1093,97173,93239,CA,Huron,"Fresno, CA",Fresno County,209283.5574567738,9.057566634653512,100.0,76.85270958777211,53.08204422740423,20.675763464018516,12.255157891715335,52.57313503418204,42.166666666666664,23.98442859274551,0.9993196210319827,27.557473994444553,Balanced
1094,95886,89406,NV,Fallon,"Fallon, NV",Churchill County,379753.4768140819,2.4895806628687867,64.69273971785772,,83.45069540546945,,14.682249502813235,52.56513692522808,,28.425123972795852,,37.78751745282499,Balanced
1095,60726,7627,NJ,Demarest,"New York-Newark-Jersey City, NY-NJ-PA",Bergen County,1360408.2317793765,9.580973450124427,100.0,,,,12.77737660936484,52.55547532187297,,,,29.75859411364662,Balanced
1096,60658,7417,NJ,Franklin Lakes,"New York-Newark-Jersey City, NY-NJ-PA",Bergen County,1487485.0715968718,9.095155659788395,100.0,,,,12.77737660936484,52.55547532187297,,,,29.75859411364662,Balanced
1097,60732,7641,NJ,Haworth,"New York-Newark-Jersey City, NY-NJ-PA",Bergen County,1112425.7995651169,8.02859449655363,100.0,,,,12.77737660936484,52.55547532187297,,,,29.75859411364662,Balanced
1098,99407,97739,OR,La Pine,"Bend, OR",Deschutes County,401308.10462003545,-1.8887086557202861,36.389087674392314,47.440944881889735,94.10617876842498,68.71409446371621,16.02717090913634,52.535495339511925,63.333333333333336,29.983235838371787,0.9815568696735056,43.45627934540464,Balanced
1099,60830,7843,NJ,Hopatcong,"New York-Newark-Jersey City, NY-NJ-PA",Sussex County,439930.3653913126,8.111220444104232,100.0,,,,12.590875202333738,52.518175040466744,,,,28.97250203115031,Balanced
1100,71780,32091,FL,Starke,"Jacksonville, FL",Bradford County,222747.40403723667,-1.7875245552126304,37.04319693138921,10.386753126447388,99.10935147858811,89.5854067665044,26.35264037329787,52.4954697352454,90.0,30.714831252647635,0.9738394506199194,86.9775048580958,Balanced
1101,98528,95978,CA,,"Chico, CA",Butte County,127894.51085557888,5.872455737201842,86.56149073984139,63.18897637795274,69.40631491840308,30.514058618097536,12.441675826293517,52.422503296117654,52.0,26.371466232815905,0.9956817929272903,28.343635739546148,Balanced
1102,66899,21532,MD,Frostburg,"Cumberland, MD-WV",Allegany County,172284.94900564532,5.718201082742345,85.56430445355147,,,,26.513598597649302,52.415580610240156,,,,87.65593397983548,Balanced
1103,72098,32603,FL,Gainesville,"Gainesville, FL",Alachua County,398455.6401072536,-0.6567658655225009,44.353038325887994,36.09309865678553,68.66594468013561,89.48676137953504,23.47490276983458,52.414749162435754,71.5,26.263204635113606,0.9738759259396262,74.84801596256618,Balanced
1104,98644,96125,CA,Sierra City,,Sierra County,326706.4074877299,2.6334026945118505,65.6224838356177,,,,46.26757488589096,52.37801174430173,,,,170.9177420551869,Balanced
1105,60926,8032,NJ,Grenloch,"Philadelphia-Camden-Wilmington, PA-NJ-DE-MD",Gloucester County,315179.73809810355,10.993151837731304,100.0,,,,11.858331990178424,52.371666398035686,,,,25.884876965320775,Balanced
1106,66976,21679,MD,Wye Mills,"Easton, MD",Talbot County,653418.1664807964,4.439019025161843,77.29497339215189,39.79851783232976,76.69616755809282,,18.01023463515347,52.359978683545584,68.83333333333333,27.437434383607528,,51.81477228614546,Balanced
1107,95908,89430,NV,Smith,"Fernley, NV",Lyon County,584290.5063457625,5.08605717200028,81.47778115892265,73.14729041222787,56.43513506772483,,0.5513073033270368,52.322302788440474,44.833333333333336,24.474738646892913,,-21.77354408585083,Balanced
1108,66820,21210,MD,Baltimore,"Baltimore-Columbia-Towson, MD",Baltimore City,469148.798790192,4.511838492149443,77.76571817524717,,,,33.789742566672324,52.311092148383906,,,,118.32443807427599,Balanced
1109,89402,72135,AR,Little Rock,"Little Rock-North Little Rock-Conway, AR",Pulaski County,355426.7964727208,6.121936654047498,88.1742715654264,,,,23.346791447617367,52.30421260260876,,,,74.30803453467118,Balanced
1110,95911,89433,NV,Sun Valley,"Reno, NV",Washoe County,425907.11007213086,-0.4025724328097812,45.9962834263633,65.96804075961091,88.88668416473553,43.3892035765121,17.27466843785743,52.302976073015856,50.0,29.22000847483505,0.9909210530380942,48.71440552188878,Balanced
1111,71920,32309,FL,Tallahassee,"Tallahassee, FL",Leon County,384351.495091249,-0.519411225598186,45.240973693353865,52.99907364520609,72.01192983563217,69.90224611768517,21.171845125888204,52.26521368355311,59.333333333333336,26.752475651287767,0.9811175362918828,65.14076812857567,Balanced
1112,60929,8035,NJ,Haddon Heights,"Philadelphia-Camden-Wilmington, PA-NJ-DE-MD",Camden County,479719.950019899,7.096616497638896,94.47513410314473,,,,16.72961537505139,52.24094989563922,,,,46.41704002726419,Balanced
1113,71949,32343,FL,Midway,"Tallahassee, FL",Gadsden County,247959.98801526544,-1.7937050396272174,37.00324290651748,52.99907364520609,72.01192983563217,69.90224611768517,29.11516109265737,52.20633071953966,59.333333333333336,26.752475651287767,0.9811175362918828,98.62136159778446,Balanced
1114,60020,5774,VT,Wells,"Rutland, VT",Rutland County,334204.8595364983,5.911940019594077,86.81673869371025,70.83140342751273,33.81585766727381,,19.551717725021376,52.20314350270363,46.5,21.167205491623573,,58.31202971458423,Balanced
1115,99343,97522,OR,Butte Falls,"Medford, OR",Jackson County,309398.59639093006,0.871417273336079,54.23204829384566,62.03103288559517,87.00440510826539,40.16845086570476,17.564801056601144,52.20014764200243,52.833333333333336,28.944769780135637,0.9921119651368008,49.93729685605614,Balanced
1116,95932,89503,NV,Reno,"Reno, NV",Washoe County,454713.0284567308,-0.4856221813322681,45.459404519229935,65.96804075961091,88.88668416473553,43.3892035765121,17.27466843785743,52.19560029158919,50.0,29.22000847483505,0.9909210530380942,48.71440552188878,Balanced
1117,98511,95960,CA,Nevada City,"Yuba City, CA",Yuba County,341614.94484422327,-0.4375104833900089,45.77042479648672,66.19962945808243,86.38266512310999,,12.555899761311808,52.18172382779819,49.833333333333336,28.85385504495417,,28.825082675410172,Balanced
1118,71914,32303,FL,Tallahassee,"Tallahassee, FL",Leon County,234071.7019554311,-0.591705229154564,44.77362579270207,52.99907364520609,72.01192983563217,69.90224611768517,21.171845125888204,52.171744103422746,59.333333333333336,26.752475651287767,0.9811175362918828,65.14076812857567,Balanced
1119,66909,21555,MD,Oldtown,"Cumberland, MD-WV",Allegany County,186858.79217687165,5.525878911444355,84.32102895927322,,,,26.513598597649302,52.166925511384505,,,,87.65593397983548,Balanced
1120,89833,72952,AR,Rudy,"Fort Smith, AR-OK",Crawford County,247449.9058308836,5.514291606802691,84.24612229714222,,,,26.43258134686528,52.135740728801494,,,,87.31445119747602,Balanced
1121,59889,5445,VT,Charlotte,"Burlington-South Burlington, VT",Chittenden County,823722.6463507334,7.118091121560134,94.6139577940896,,,,15.884873194208915,52.099766197659704,,,,42.85650313544225,Balanced
1122,95935,89506,NV,Reno,"Reno, NV",Washoe County,445296.82878836367,-0.5730328639552157,44.89433415365644,65.96804075961091,88.88668416473553,43.3892035765121,17.27466843785743,52.08258621847449,50.0,29.22000847483505,0.9909210530380942,48.71440552188878,Balanced
1123,95072,85736,AZ,,"Tucson, AZ",Pima County,288601.0958756136,0.8481084383322346,54.08136726125918,47.67253358036127,89.44645134294484,54.50966940038256,14.39357075342898,52.020718467675366,63.166666666666664,29.301861155996384,0.9868091268885139,36.57075408954346,Balanced
1124,95909,89431,NV,Sparks,"Reno, NV",Washoe County,386002.3726514503,-0.6311520691769162,44.518619886750045,65.96804075961091,88.88668416473553,43.3892035765121,17.27466843785743,52.00744336509321,50.0,29.22000847483505,0.9909210530380942,48.71440552188878,Balanced
1125,95778,89043,NV,,,Lincoln County,223481.4376895457,7.909799154346088,99.73199067164538,,,,10.286085589995086,52.00361525232809,,,,19.257954055772224,Balanced
1126,60927,8033,NJ,Haddonfield,"Philadelphia-Camden-Wilmington, PA-NJ-DE-MD",Camden County,755406.3562571746,6.903408805017741,93.22613411567194,,,,16.72961537505139,51.99114989814467,,,,46.41704002726419,Balanced
1127,72148,32693,FL,Bell,"Gainesville, FL",Gilchrist County,277295.0846703392,-0.9603289245513471,42.39064101250734,36.09309865678553,68.66594468013561,89.48676137953504,23.274901064461382,51.98226935868498,71.5,26.263204635113606,0.9738759259396262,74.00502094401702,Balanced
1128,95955,89704,NV,,"Reno, NV",Washoe County,694121.7880821192,-0.6630875771003546,44.31217133154409,65.96804075961091,88.88668416473553,43.3892035765121,17.27466843785743,51.966153654052015,50.0,29.22000847483505,0.9909210530380942,48.71440552188878,Balanced
1129,60910,8014,NJ,Bridgeport,"Philadelphia-Camden-Wilmington, PA-NJ-DE-MD",Gloucester County,297043.27834467904,7.634253938687782,97.95071599134452,,,,11.858331990178424,51.96180959630459,,,,25.884876965320775,Balanced
1130,89809,72921,AR,Alma,"Fort Smith, AR-OK",Crawford County,242335.2851920456,5.373982959477897,83.33909061339547,,,,26.43258134686528,51.95433439205215,,,,87.31445119747602,Balanced
1131,98538,95991,CA,Yuba City,"Yuba City, CA",Sutter County,395730.9396034693,-0.5896618195646008,44.7868355076862,66.19962945808243,86.38266512310999,,12.221854085529207,51.91819683488156,49.833333333333336,28.85385504495417,,27.417100477822558,Balanced
1132,66897,21530,MD,Flintstone,"Cumberland, MD-WV",Allegany County,211958.40727352467,5.331404583567567,83.06384075011547,,,,26.513598597649302,51.91548786955296,,,,87.65593397983548,Balanced
1133,98637,96118,CA,Loyalton,,Sierra County,292761.80967097083,2.271340893569017,63.281918722981715,,,,46.26757488589096,51.90989872177453,,,,170.9177420551869,Balanced
1134,60577,7068,NJ,Roseland,"New York-Newark-Jersey City, NY-NJ-PA",Essex County,796242.1362118018,8.5616303000575,100.0,,,,9.531446803869956,51.90628936077399,,,,16.07719749011983,Balanced
1135,60588,7079,NJ,South Orange,"New York-Newark-Jersey City, NY-NJ-PA",Essex County,1017560.968843134,8.25638540762224,100.0,,,,9.531446803869956,51.90628936077399,,,,16.07719749011983,Balanced
1136,98508,95957,CA,Meridian,"Yuba City, CA",Sutter County,424239.70703400514,-0.6873057616296835,44.15561176725668,66.19962945808243,86.38266512310999,,12.221854085529207,51.79195208679566,49.833333333333336,28.85385504495417,,27.417100477822558,Balanced
1137,71928,32317,FL,Tallahassee,"Tallahassee, FL",Leon County,398308.4754822729,-0.8875830450963625,42.86091008562407,52.99907364520609,72.01192983563217,69.90224611768517,21.171845125888204,51.78920096200714,59.333333333333336,26.752475651287767,0.9811175362918828,65.14076812857567,Balanced
1138,71915,32304,FL,Tallahassee,"Tallahassee, FL",Leon County,164176.43672951392,-0.9053317056764987,42.746173055532225,52.99907364520609,72.01192983563217,69.90224611768517,21.171845125888204,51.766253555988776,59.333333333333336,26.752475651287767,0.9811175362918828,65.14076812857567,Balanced
1139,66961,21663,MD,Saint Michaels,"Easton, MD",Talbot County,719326.6343526583,3.961766701589113,74.20975386451892,39.79851783232976,76.69616755809282,,18.01023463515347,51.742934778019,68.83333333333333,27.437434383607528,,51.81477228614546,Balanced
1140,66047,19730,DE,Odessa,"Philadelphia-Camden-Wilmington, PA-NJ-DE-MD",New Castle County,383782.1195924443,6.813914877484224,92.64759651785782,,,,15.977969634253547,51.725113230422274,,,,43.24889896554702,Balanced
1141,59899,5455,VT,Fairfield,"Burlington-South Burlington, VT",Franklin County,377526.7238385994,6.61836524973864,91.38345698339604,,,,17.163776552659275,51.709446707211065,,,,48.24700297326982,Balanced
1142,60934,8041,NJ,Springfield Township,"Philadelphia-Camden-Wilmington, PA-NJ-DE-MD",Burlington County,537062.7334618814,6.641883870367221,91.53549418477225,,,,16.85063735235202,51.67722630742486,,,,46.92714029770454,Balanced
1143,72121,32631,FL,Earleton,"Gainesville, FL",Alachua County,363761.652833122,-1.2814865980888652,40.31450250692679,36.09309865678553,68.66594468013561,89.48676137953504,23.47490276983458,51.60704199864351,71.5,26.263204635113606,0.9738759259396262,74.84801596256618,Balanced
1144,71779,32087,FL,Sanderson,"Jacksonville, FL",Baker County,251731.31595246308,-0.9511223247718377,42.45015749890222,10.386753126447388,99.10935147858811,89.5854067665044,16.43303068492484,51.5929399110734,90.0,30.714831252647635,0.9738394506199194,45.16695360481041,Balanced
1145,60956,8066,NJ,West Deptford Township,"Philadelphia-Camden-Wilmington, PA-NJ-DE-MD",Gloucester County,228110.1098717775,7.289648463496781,95.72299809689933,,,,11.858331990178424,51.51626601741555,,,,25.884876965320775,Balanced
1146,61148,8701,NJ,Lakewood,"New York-Newark-Jersey City, NY-NJ-PA",Ocean County,560170.8191855364,5.983090300353222,87.27669294589992,,,,20.26097454272672,51.50753349772533,,,,61.30150404472544,Balanced
1147,58846,2657,MA,Provincetown,"Barnstable Town, MA",Barnstable County,1027192.9829424284,2.2694335627807374,63.26958869565025,64.81009726725334,47.65729540802969,64.69563399196653,17.03473043742561,51.49346916006509,50.833333333333336,23.191187665485305,0.9830427438227138,47.703081449690245,Balanced
1148,66894,21524,MD,Cumberland,"Cumberland, MD-WV",Allegany County,173613.3913478175,5.001196791719746,80.92919733977239,,,,26.513598597649302,51.48855918748434,,,,87.65593397983548,Balanced
1149,60783,7737,NJ,Leonardo,"New York-Newark-Jersey City, NY-NJ-PA",Monmouth County,615191.975768749,5.6765996953838815,85.29537037755972,,,,21.94508598353262,51.44809127221847,,,,68.39993129379278,Balanced
1150,98065,95236,CA,Linden,"Stockton, CA",San Joaquin County,653297.7989770334,1.5312680631335276,58.497683978481355,68.74710514126909,84.4058789623749,29.640788765940414,15.897539423352736,51.4377992542837,48.0,28.56479692644069,0.9960046949709275,42.90989052057538,Balanced
1151,66054,19801,DE,Wilmington,"Philadelphia-Camden-Wilmington, PA-NJ-DE-MD",New Castle County,173177.28219434796,6.550799002258876,90.94667187866793,,,,15.977969634253547,51.3849283025843,,,,43.24889896554702,Balanced
1152,66544,20674,MD,Tall Timbers,"California-Lexington Park, MD",Saint Marys County,457004.8462297468,6.557864717414802,90.99234851825464,,,,15.542446566004713,51.30695901685187,,,,41.41319573335739,Balanced
1153,60978,8089,NJ,Waterford Works,"Philadelphia-Camden-Wilmington, PA-NJ-DE-MD",Camden County,338735.5224826816,6.358969193671306,89.70657928570589,,,,16.72961537505139,51.28723893215145,,,,46.41704002726419,Balanced
1154,71942,32333,FL,Havana,"Tallahassee, FL",Gadsden County,264831.450069648,-2.5057119651364124,32.40044149122771,52.99907364520609,72.01192983563217,69.90224611768517,29.11516109265737,51.285770436481705,59.333333333333336,26.752475651287767,0.9811175362918828,98.62136159778446,Balanced
1155,97146,93202,CA,Armona,"Hanford-Corcoran, CA",Kings County,298442.977013376,5.808547223562797,86.14835122323275,,,,20.091881417036404,51.248046528053834,,,,60.588786808830584,Balanced
1156,66935,21634,MD,Fishing Creek,"Cambridge, MD",Dorchester County,314112.9608451876,7.3241512718582396,95.94604308349692,35.39833256137098,63.65714456984848,,11.211156862895724,51.242535415522426,72.0,25.530786346960817,,23.157073182796864,Balanced
1157,60553,7040,NJ,Maplewood,"New York-Newark-Jersey City, NY-NJ-PA",Essex County,895408.1637739727,7.416316863935822,96.5418517792513,,,,9.531446803869956,51.21465971662425,,,,16.07719749011983,Balanced
1158,89835,72956,AR,Van Buren,"Fort Smith, AR-OK",Crawford County,200939.96112574567,4.764519100155668,79.39918355104473,,,,26.43258134686528,51.166352979582,,,,87.31445119747602,Balanced
1159,66029,19703,DE,Claymont,"Philadelphia-Camden-Wilmington, PA-NJ-DE-MD",New Castle County,315001.3096701896,6.371492263616423,89.78753524554564,,,,15.977969634253547,51.15310097595984,,,,43.24889896554702,Balanced
1160,61079,8406,NJ,Ventnor City,"Atlantic City-Hammonton, NJ",Atlantic County,603873.9529326403,5.903694622912419,86.76343594881233,,,,18.85942829080043,51.12457284792255,,,,55.39407187340729,Balanced
1161,98563,96028,CA,Fall River Mills,"Redding, CA",Shasta County,287242.4252179675,0.3629108237634662,50.94478503569274,59.94673459935153,82.92247239430729,,11.651804146454598,51.09315923516123,54.333333333333336,28.347883878346142,,25.014374670722738,Balanced
1162,60055,5855,VT,Derby,,Orleans County,260687.8614739752,3.8108568719178324,73.23419035143179,,,,32.23144432912634,51.093126936111624,,,,111.75630582153346,Balanced
1163,58919,2818,RI,East Greenwich,"Providence-Warwick, RI-MA",Kent County,694719.3587913347,6.105424081876622,88.06752528553055,,,,17.319240564237678,51.077353169953646,,,,48.90227432248016,Balanced
1164,89263,71943,AR,Glenwood,,Pike County,196488.94839780044,0.7303770499455835,53.320287303079596,,,,51.72278173380417,51.008613807376754,,,,193.9111069835764,Balanced
1165,58835,2644,MA,Forestdale,"Barnstable Town, MA",Barnstable County,621397.0917673764,1.8439305930970424,60.51890523892758,64.81009726725334,47.65729540802969,64.69563399196653,17.03473043742561,50.943332468720556,50.833333333333336,23.191187665485305,0.9830427438227138,47.703081449690245,Balanced
1166,97200,93271,CA,Three Rivers,"Visalia, CA",Tulare County,542538.1781818474,3.275341101169765,69.77232409816968,70.13663733209819,55.35258310128346,,9.452247547048866,50.942758415720036,47.0,24.316441082478434,,15.74337744169376,Balanced
1167,58825,2633,MA,Chatham,"Barnstable Town, MA",Barnstable County,1259742.749311004,1.7832474411163115,60.12661622064114,64.81009726725334,47.65729540802969,64.69563399196653,17.03473043742561,50.86487466506327,50.833333333333336,23.191187665485305,0.9830427438227138,47.703081449690245,Balanced
1168,58923,2825,RI,Foster,"Providence-Warwick, RI-MA",Providence County,540925.9543726121,6.785192591263433,92.46191998167403,,,,11.721825107885682,50.83674901791194,,,,25.30950876255603,Balanced
1169,89504,72364,AR,Marion,"Memphis, TN-MS-AR",Crittenden County,233710.5947508597,4.668773910233381,78.78023438089961,,,,25.2542404235569,50.806894960891306,,,,82.34781590480158,Balanced
1170,60058,5859,VT,Troy,,Orleans County,349669.08813705755,3.584562004311257,71.77129680422723,,,,32.23144432912634,50.80054822667071,,,,111.75630582153346,Balanced
1171,95215,86444,AZ,Meadview,"Lake Havasu City-Kingman, AZ",Mohave County,192366.81324467272,6.581661269596753,91.1461824209007,,,,12.797573847977617,50.788751253775665,,,,29.843724245448488,Balanced
1172,60042,5839,VT,Glover,,Orleans County,285591.51006347203,3.5136522000575745,71.3128971234329,,,,32.23144432912634,50.708868290511845,,,,111.75630582153346,Balanced
1173,66974,21677,MD,Church Creek,"Cambridge, MD",Dorchester County,482901.2470385145,6.906871691362877,93.24852010322255,35.39833256137098,63.65714456984848,,11.211156862895724,50.70303081946754,72.0,25.530786346960817,,23.157073182796864,Balanced
1174,89272,71957,AR,Mount Ida,,Montgomery County,234476.4065156484,8.772207653183694,100.0,,,,3.4542426472353247,50.69084852944707,,,,-9.537848247564453,Balanced
1175,95021,85637,AZ,Sonoita,"Tucson, AZ",Pima County,552088.9311835499,-0.24528295451921334,47.01308847045505,47.67253358036127,89.44645134294484,54.50966940038256,14.39357075342898,50.60706270951454,63.166666666666664,29.301861155996384,0.9868091268885139,36.57075408954346,Balanced
1176,66751,21051,MD,Hydes,"Baltimore-Columbia-Towson, MD",Baltimore County,560242.1995626133,4.658672495896643,78.7149333247725,,,,24.300978643214027,50.60318239359731,,,,78.32987550422915,Balanced
1177,89500,72355,AR,Lexa,"Helena-West Helena, AR",Phillips County,104347.1312254392,-5.614357580528755,12.304459379916896,,,,90.4482799942009,50.550547874823565,,,,357.1367258023441,Balanced
1178,89404,72137,AR,Rose Bud,"Searcy, AR",White County,216127.9447538517,4.7162930353770856,79.08742394413083,61.33626679018062,38.23042154768472,,23.826522474617388,50.496126951322715,53.333333333333336,21.81273081685887,,76.33007162305438,Balanced
1179,89755,72773,AR,Wesley,"Fayetteville-Springdale-Rogers, AR",Madison County,268597.0043572072,5.77970754998209,85.9619158310786,,,,16.292524886788726,50.450888143573465,,,,44.574730215089794,Balanced
1180,89712,72712,AR,Bentonville,"Fayetteville-Springdale-Rogers, AR",Benton County,506504.96777624014,6.8140307481148366,92.64834556886204,,,,9.165157139082721,50.36270054158896,,,,14.533308840842999,Balanced
1181,60037,5832,VT,Kirby,,Caledonia County,438002.9083854308,5.411481766882161,83.58150337317107,,,,18.14946699652985,50.34619407394018,,,,52.40162821740921,Balanced
1182,89298,72012,AR,Beebe,"Searcy, AR",White County,212913.8365052181,4.548821976496778,78.00479960549383,61.33626679018062,38.23042154768472,,23.826522474617388,50.279602083595314,53.333333333333336,21.81273081685887,,76.33007162305438,Balanced
1183,58939,2842,RI,Middletown,"Providence-Warwick, RI-MA",Newport County,724581.6593501644,4.953124544505514,80.61843209355573,,,,20.54122490220097,50.231931399151335,,,,62.48274225738254,Balanced
1184,66811,21201,MD,Baltimore,"Baltimore-Columbia-Towson, MD",Baltimore City,218086.4972474286,2.8842847798210753,67.24432257897868,,,,33.789742566672324,50.2068130291302,,,,118.32443807427599,Balanced
1185,60018,5772,VT,Stockbridge,"Lebanon, NH-VT",Windsor County,316163.9369738688,4.9890648031970475,80.85076954371881,,,,20.017624544354,50.173678817614565,,,,60.275798608817475,Balanced
1186,67070,21837,MD,,"Salisbury, MD-DE",Wicomico County,283908.050696999,5.121435037647294,81.70648299346385,,,,19.1201282808003,50.16532225485283,,,,56.49290646832051,Balanced
1187,58791,2532,MA,Bourne,"Barnstable Town, MA",Barnstable County,620556.5582301466,1.1927365789586495,56.30923167745081,64.81009726725334,47.65729540802969,64.69563399196653,17.03473043742561,50.1013977564252,50.833333333333336,23.191187665485305,0.9830427438227138,47.703081449690245,Balanced
1188,66767,21082,MD,Hydes,"Baltimore-Columbia-Towson, MD",Baltimore County,567119.1391263299,4.252206414451887,76.08731470490693,,,,24.300978643214027,50.07765866962419,,,,78.32987550422915,Balanced
1189,94898,85321,AZ,Ajo,"Tucson, AZ",Pima County,129909.90451675096,-0.6811750677013604,44.195243919247076,47.67253358036127,89.44645134294484,54.50966940038256,14.39357075342898,50.04349379927295,63.166666666666664,29.301861155996384,0.9868091268885139,36.57075408954346,Balanced
1190,89370,72102,AR,McRae,"Searcy, AR",White County,179293.98105360815,4.36278339721259,76.80214467988988,61.33626679018062,38.23042154768472,,23.826522474617388,50.03907109847452,53.333333333333336,21.81273081685887,,76.33007162305438,Balanced
1191,89717,72718,AR,Cave Springs,"Fayetteville-Springdale-Rogers, AR",Benton County,555211.0976713492,6.559303694062589,91.00165084877098,,,,9.165157139082721,50.03336159757074,,,,14.533308840842999,Balanced
1192,89513,72374,AR,Poplar Grove,"Helena-West Helena, AR",Phillips County,74712.86192093084,-6.024002510560788,9.656290947609468,,,,90.4482799942009,50.02091418836208,,,,357.1367258023441,Balanced
1193,58294,1220,MA,Adams,"Pittsfield, MA",Berkshire County,259998.07405321088,7.893705264940262,99.6279509856807,57.8624363131079,16.98878436360001,,25.55318702137337,50.0064717367524,55.833333333333336,18.706644887820246,,83.60785762445224,Balanced
1194,58920,2822,RI,Exeter,"Providence-Warwick, RI-MA",Washington County,593745.2738465845,8.516460489887233,100.0,,,,0.0,50.0,,,,-37.19437346980591,Balanced
1195,58962,2882,RI,Narragansett,"Providence-Warwick, RI-MA",Washington County,827285.7996356585,9.247489636900564,100.0,,,,0.0,50.0,,,,-37.19437346980591,Balanced
1196,89409,72143,AR,Searcy,"Searcy, AR",White County,213619.4313466182,4.2750191753161495,76.23478884347321,61.33626679018062,38.23042154768472,,23.826522474617388,49.925599931191186,53.333333333333336,21.81273081685887,,76.33007162305438,Balanced
1197,94897,85320,AZ,Congress,"Prescott Valley-Prescott, AZ",Yavapai County,463649.49969922745,6.1993032633755005,88.67441155866655,,,,10.881393636408662,49.91116103901505,,,,21.767141248413715,Balanced
1198,58958,2878,RI,Tiverton,"Providence-Warwick, RI-MA",Newport County,535890.2817696263,4.6586103825651195,78.71453179029298,,,,20.54122490220097,49.851151338498795,,,,62.48274225738254,Balanced
1199,59777,5037,VT,West Windsor,"Lebanon, NH-VT",Windsor County,399750.63548390666,4.724985936931666,79.14361960479773,,,,20.017624544354,49.83224882983035,,,,60.275798608817475,Balanced
1200,58831,2639,MA,Dennis,"Barnstable Town, MA",Barnstable County,530409.9947084371,0.9839223745717862,54.95934267911402,64.81009726725334,47.65729540802969,64.69563399196653,17.03473043742561,49.83141995675784,50.833333333333336,23.191187665485305,0.9830427438227138,47.703081449690245,Balanced
1201,59775,5035,VT,Bridgewater,"Lebanon, NH-VT",Windsor County,391887.0951411624,4.688491940914222,78.90770249430258,,,,20.017624544354,49.78506540773132,,,,60.275798608817475,Balanced
1202,58604,2061,MA,Norwell,"Boston-Cambridge-Newton, MA-NH",Plymouth County,1001487.8123181522,5.968820616903827,87.18444592297998,,,,11.506214906645825,49.738132165925165,,,,24.40072488366646,Balanced
1203,58837,2646,MA,Harwich Port,"Barnstable Town, MA",Barnstable County,1060508.7648859627,0.9002138050407348,54.41820479336402,64.81009726725334,47.65729540802969,64.69563399196653,17.03473043742561,49.72319237960784,50.833333333333336,23.191187665485305,0.9830427438227138,47.703081449690245,Balanced
1204,58811,2563,MA,Sandwich,"Barnstable Town, MA",Barnstable County,678349.4582172266,0.8860731850186326,54.326792106887325,64.81009726725334,47.65729540802969,64.69563399196653,17.03473043742561,49.7049098423125,50.833333333333336,23.191187665485305,0.9830427438227138,47.703081449690245,Balanced
1205,66037,19713,DE,Newark,"Philadelphia-Camden-Wilmington, PA-NJ-DE-MD",New Castle County,312695.5278134989,5.240429469663276,82.47572795509548,,,,15.977969634253547,49.69073951786981,,,,43.24889896554702,Balanced
1206,58795,2537,MA,East Sandwich,"Barnstable Town, MA",Barnstable County,770820.3042574124,0.8349719883938173,53.996446078329406,64.81009726725334,47.65729540802969,64.69563399196653,17.03473043742561,49.63884063660092,50.833333333333336,23.191187665485305,0.9830427438227138,47.703081449690245,Balanced
1207,95086,85750,AZ,Tucson,"Tucson, AZ",Pima County,595951.1390431541,-1.0421705973049404,41.861571766571956,47.67253358036127,89.44645134294484,54.50966940038256,14.39357075342898,49.576759368737925,63.166666666666664,29.301861155996384,0.9868091268885139,36.57075408954346,Balanced
1208,60009,5762,VT,Pittsfield,"Rutland, VT",Rutland County,410344.9195524007,3.8318064276309807,73.36961971487122,70.83140342751273,33.81585766727381,,19.551717725021376,49.513719706935824,46.5,21.167205491623573,,58.31202971458423,Balanced
1209,58836,2645,MA,Harwich,"Barnstable Town, MA",Barnstable County,732861.4592908827,0.7246896928769426,53.283521122545494,64.81009726725334,47.65729540802969,64.69563399196653,17.03473043742561,49.49625564544414,50.833333333333336,23.191187665485305,0.9830427438227138,47.703081449690245,Balanced
1210,60049,5847,VT,Lowell,,Orleans County,222950.55270365145,2.5542602630416593,65.1108639587184,,,,32.23144432912634,49.468461657568945,,,,111.75630582153346,Balanced
1211,66031,19707,DE,Hockessin,"Philadelphia-Camden-Wilmington, PA-NJ-DE-MD",New Castle County,584912.3226089193,5.067501105362955,81.35782461535473,,,,15.977969634253547,49.46715884992166,,,,43.24889896554702,Balanced
1212,58848,2660,MA,Dennis,"Barnstable Town, MA",Barnstable County,647855.0151947555,0.6125727984663853,52.5587363180975,64.81009726725334,47.65729540802969,64.69563399196653,17.03473043742561,49.351298684554536,50.833333333333336,23.191187665485305,0.9830427438227138,47.703081449690245,Balanced
1213,95033,85653,AZ,Marana,"Tucson, AZ",Pima County,385041.67504936206,-1.291836577085032,40.247594593162184,47.67253358036127,89.44645134294484,54.50966940038256,14.39357075342898,49.25396393405597,63.166666666666664,29.301861155996384,0.9868091268885139,36.57075408954346,Balanced
1214,95209,86438,AZ,Yucca,"Lake Havasu City-Kingman, AZ",Mohave County,207653.9185575064,5.39261613902628,83.45954565691251,,,,12.797573847977617,49.251423900978025,,,,29.843724245448488,Balanced
1215,95071,85735,AZ,Tucson,"Tucson, AZ",Pima County,342314.7130353216,-1.4048181179464099,39.51722024208904,47.67253358036127,89.44645134294484,54.50966940038256,14.39357075342898,49.10788906384134,63.166666666666664,29.301861155996384,0.9868091268885139,36.57075408954346,Balanced
1216,58839,2648,MA,Barnstable,"Barnstable Town, MA",Barnstable County,659264.7647845515,0.3965088092067378,51.16198075304982,64.81009726725334,47.65729540802969,64.69563399196653,17.03473043742561,49.071947571544996,50.833333333333336,23.191187665485305,0.9830427438227138,47.703081449690245,Balanced
1217,58840,2649,MA,Mashpee,"Barnstable Town, MA",Barnstable County,685061.6373070561,0.29310805139010804,50.49354181324589,64.81009726725334,47.65729540802969,64.69563399196653,17.03473043742561,48.938259783584215,50.833333333333336,23.191187665485305,0.9830427438227138,47.703081449690245,Balanced
1218,58855,2668,MA,Barnstable,"Barnstable Town, MA",Barnstable County,802754.6494941147,0.26980375459210804,50.34289011809917,64.81009726725334,47.65729540802969,64.69563399196653,17.03473043742561,48.90812944455487,50.833333333333336,23.191187665485305,0.9830427438227138,47.703081449690245,Balanced
1219,58821,2601,MA,Barnstable,"Barnstable Town, MA",Barnstable County,546509.5364938224,0.2665825221786747,50.32206631346985,64.81009726725334,47.65729540802969,64.69563399196653,17.03473043742561,48.90396468362901,50.833333333333336,23.191187665485305,0.9830427438227138,47.703081449690245,Balanced
1220,59804,5069,VT,Newbury,"Lebanon, NH-VT",Orange County,257066.6918608904,7.093551087419253,94.45531761823158,,,,0.0,48.89106352364632,,,,-33.2818605120889,Balanced
1221,94922,85346,AZ,Quartzsite,,La Paz County,192216.1478115598,4.944140549624876,80.56035464673597,,,,13.861791335629386,48.88442919647308,,,,34.32933620095325,Balanced
1222,58510,1840,MA,Lawrence,"Boston-Cambridge-Newton, MA-NH",Essex County,373884.8436806035,5.60766806595589,84.84975869862485,,,,9.531446803869956,48.876241100498966,,,,16.07719749011983,Balanced
1223,58801,2543,MA,Falmouth,"Barnstable Town, MA",Barnstable County,1405127.1611755786,0.19108550483307085,49.834012383320236,64.81009726725334,47.65729540802969,64.69563399196653,17.03473043742561,48.80635389759908,50.833333333333336,23.191187665485305,0.9830427438227138,47.703081449690245,Balanced
1224,66063,19810,DE,Wilmington,"Philadelphia-Camden-Wilmington, PA-NJ-DE-MD",New Castle County,453899.6578736217,4.541377183534411,77.95667240004677,,,,15.977969634253547,48.78692840686006,,,,43.24889896554702,Balanced
1225,58861,2675,MA,Yarmouth,"Barnstable Town, MA",Barnstable County,665898.5355284796,0.12161656071343117,49.3849272089255,64.81009726725334,47.65729540802969,64.69563399196653,17.03473043742561,48.71653686272013,50.833333333333336,23.191187665485305,0.9830427438227138,47.703081449690245,Balanced
1226,95128,86018,AZ,Parks,"Flagstaff, AZ",Coconino County,589882.1603531063,3.312590301979986,70.01312326467368,43.503937007873986,67.03226634222654,,12.76112412110959,48.66209014717676,66.16666666666667,26.024317902703142,,29.690090864573616,Balanced
1227,58995,2921,RI,Cranston,"Providence-Warwick, RI-MA",Providence County,616688.1011142959,4.928759183413324,80.46092109962969,,,,11.721825107885682,48.43654924150307,,,,25.30950876255603,Balanced
1228,59836,5156,VT,Springfield,"Lebanon, NH-VT",Windsor County,240763.0502050341,3.6430116686302703,72.14914733911966,,,,20.017624544354,48.43335437669474,,,,60.275798608817475,Balanced
1229,60040,5837,VT,East Haven,,Essex County,206829.7792445053,5.2409429085933175,82.47904710459977,,,,9.531446803869956,48.402098781693944,,,,16.07719749011983,Balanced
1230,58951,2871,RI,Portsmouth,"Providence-Warwick, RI-MA",Newport County,662188.957918733,3.5033937103486923,71.2465806463607,,,,20.54122490220097,48.357561109712336,,,,62.48274225738254,Balanced
1231,59980,5701,VT,Rutland,"Rutland, VT",Rutland County,276428.662470236,2.8819502451380234,67.22923087248226,70.83140342751273,33.81585766727381,,19.551717725021376,48.285641938458035,46.5,21.167205491623573,,58.31202971458423,Balanced
1232,58909,2806,RI,Barrington,"Providence-Warwick, RI-MA",Bristol County,760225.9557948555,4.4313372124101615,77.2453139614095,,,,14.12996916452019,48.27505662518594,,,,35.45968943178413,Balanced
1233,58925,2827,RI,Coventry,"Providence-Warwick, RI-MA",Kent County,511734.7400137407,3.787772429868798,73.08495991739004,,,,17.319240564237678,48.080840096325545,,,,48.90227432248016,Balanced
1234,60012,5765,VT,Proctor,"Rutland, VT",Rutland County,251919.531323851,2.7201546130948566,66.18329559085083,70.83140342751273,33.81585766727381,,19.551717725021376,48.07645488213175,46.5,21.167205491623573,,58.31202971458423,Balanced
1235,95144,86038,AZ,Mormon Lake,"Flagstaff, AZ",Coconino County,371606.4028774025,2.8320646769721627,66.90674332983352,43.503937007873986,67.03226634222654,,12.76112412110959,48.04081416020873,66.16666666666667,26.024317902703142,,29.690090864573616,Balanced
1236,95091,85757,AZ,Tucson,"Tucson, AZ",Pima County,323754.72216130304,-2.233690833090223,34.158934571439694,47.67253358036127,89.44645134294484,54.50966940038256,14.39357075342898,48.03623192971147,63.166666666666664,29.301861155996384,0.9868091268885139,36.57075408954346,Balanced
1237,95042,85704,AZ,Tucson,"Tucson, AZ",Pima County,440464.0417823931,-2.264319115771799,33.96093663374571,47.67253358036127,89.44645134294484,54.50966940038256,14.39357075342898,47.996632342172674,63.166666666666664,29.301861155996384,0.9868091268885139,36.57075408954346,Balanced
1238,95090,85755,AZ,Oro Valley,"Tucson, AZ",Pima County,508510.4203164704,-2.2739032097050664,33.898979819085845,47.67253358036127,89.44645134294484,54.50966940038256,14.39357075342898,47.984240979240695,63.166666666666664,29.301861155996384,0.9868091268885139,36.57075408954346,Balanced
1239,95073,85737,AZ,Oro Valley,"Tucson, AZ",Pima County,492674.6199769948,-2.3478186595552764,33.42115000452468,47.67253358036127,89.44645134294484,54.50966940038256,14.39357075342898,47.88867501632846,63.166666666666664,29.301861155996384,0.9868091268885139,36.57075408954346,Balanced
1240,95056,85718,AZ,Tucson,"Tucson, AZ",Pima County,724411.2408326532,-2.359103460893198,33.34819888887043,47.67253358036127,89.44645134294484,54.50966940038256,14.39357075342898,47.87408479319762,63.166666666666664,29.301861155996384,0.9868091268885139,36.57075408954346,Balanced
1241,399731,85756,AZ,Tucson,"Tucson, AZ",Pima County,304202.21596643707,-2.379960077976223,33.21337033146665,47.67253358036127,89.44645134294484,54.50966940038256,14.39357075342898,47.84711908171686,63.166666666666664,29.301861155996384,0.9868091268885139,36.57075408954346,Balanced
1242,95113,85936,AZ,Saint Johns,,Apache County,230007.05475427385,2.699212060317233,66.0479114982092,,,,23.143076417482483,47.83819758313833,,,,73.44938807819794,Balanced
1243,58981,2906,RI,Providence,"Providence-Warwick, RI-MA",Providence County,761946.6632985313,4.119974485015104,75.23249533426267,,,,11.721825107885682,47.390864088429666,,,,25.30950876255603,Balanced
1244,58968,2889,RI,Warwick,"Providence-Warwick, RI-MA",Kent County,390590.877614185,3.154982188162852,68.99425838661108,,,,17.319240564237678,47.262699790169755,,,,48.90227432248016,Balanced
1245,66131,20007,DC,Washington,"Washington-Arlington-Alexandria, DC-VA-MD-WV",District of Columbia,1235964.6575857596,2.567479556617336,65.1963206881396,,,,20.13391931352491,47.0660480003329,,,,60.76597398462975,Balanced
1246,58949,2864,RI,Cumberland,"Providence-Warwick, RI-MA",Providence County,504756.7710644191,3.591236817582738,71.8144464406592,,,,11.721825107885682,46.70725430970897,,,,25.30950876255603,Balanced
1247,58908,2804,RI,Hopkinton,"Providence-Warwick, RI-MA",Washington County,439935.03444585967,5.136707970655199,81.80521556915355,,,,0.0,46.36104311383071,,,,-37.19437346980591,Balanced
1248,58993,2919,RI,Johnston,"Providence-Warwick, RI-MA",Providence County,435578.2671776078,3.3000593585235114,69.93211640615876,,,,11.721825107885682,46.330788302808884,,,,25.30950876255603,Balanced
1249,58917,2816,RI,Coventry,"Providence-Warwick, RI-MA",Kent County,433185.12325459655,2.397704418506108,64.09880152367286,,,,17.319240564237678,46.28360841758211,,,,48.90227432248016,Balanced
1250,58954,2874,RI,North Kingstown,"Providence-Warwick, RI-MA",Washington County,842461.7346864146,5.069867248683537,81.37312065733771,,,,0.0,46.27462413146755,,,,-37.19437346980591,Balanced
1251,58967,2888,RI,Warwick,"Providence-Warwick, RI-MA",Kent County,395294.9411094753,2.235302774448081,63.04894864958585,,,,17.319240564237678,46.073637842764704,,,,48.90227432248016,Balanced
1252,66139,20016,DC,Washington,"Washington-Arlington-Alexandria, DC-VA-MD-WV",District of Columbia,1082177.055852507,0.13595908638974766,49.47764512376118,,,,20.13391931352491,43.92231288745722,,,,60.76597398462975,Balanced
1253,66138,20015,DC,Washington,"Washington-Arlington-Alexandria, DC-VA-MD-WV",District of Columbia,1333156.295706577,0.012408566699346826,48.67894712446283,,,,20.13391931352491,43.76257328759755,,,,60.76597398462975,Balanced
1254,66132,20008,DC,Washington,"Washington-Arlington-Alexandria, DC-VA-MD-WV",District of Columbia,819201.3175351146,-0.23491571451849882,47.08010796877498,,,,20.13391931352491,43.44280545645998,,,,60.76597398462975,Balanced
1255,66128,20004,DC,Washington,"Washington-Arlington-Alexandria, DC-VA-MD-WV",District of Columbia,430922.9709298783,-0.7031139435015149,44.05341905074513,,,,20.13391931352491,42.83746767285401,,,,60.76597398462975,Balanced
1256,66133,20009,DC,Washington,"Washington-Arlington-Alexandria, DC-VA-MD-WV",District of Columbia,567414.6750048577,-0.907255163097406,42.733738776844746,,,,20.13391931352491,42.57353161807393,,,,60.76597398462975,Balanced
1257,66136,20012,DC,Washington,"Washington-Arlington-Alexandria, DC-VA-MD-WV",District of Columbia,770668.6095684156,-1.3587191326105605,39.81522924641933,,,,20.13391931352491,41.98982971198885,,,,60.76597398462975,Balanced
1258,66154,20036,DC,Washington,"Washington-Arlington-Alexandria, DC-VA-MD-WV",District of Columbia,372123.2126716366,-1.4037364604771365,39.52421266639286,,,,20.13391931352491,41.93162639598355,,,,60.76597398462975,Balanced
1259,66127,20003,DC,Washington,"Washington-Arlington-Alexandria, DC-VA-MD-WV",District of Columbia,815747.0309761596,-1.6846735092461607,37.70808223373362,,,,20.13391931352491,41.568400309451704,,,,60.76597398462975,Balanced
1260,66129,20005,DC,Washington,"Washington-Arlington-Alexandria, DC-VA-MD-WV",District of Columbia,498251.9152588428,-1.9693788044094853,35.86759179948529,,,,20.13391931352491,41.20030222260204,,,,60.76597398462975,Balanced
1261,98924,96790,HI,Kula,"Kahului-Wailuku-Lahaina, HI",Maui County,1319033.5325193182,-1.8512262941034308,36.63139411962118,,,,18.74839443152774,41.07595771022978,,,,54.926070912702926,Balanced
1262,98869,96730,HI,Kaaawa,"Urban Honolulu, HI",Honolulu County,1034756.7135980593,4.461763336215637,77.44200503377999,34.935155164427954,18.950579366254935,46.79549000720814,25.70070776267604,40.76478746686941,72.33333333333333,18.993510904813057,0.9896615376122858,84.2296485727783,Balanced
1263,98904,96768,HI,Makawao,"Kahului-Wailuku-Lahaina, HI",Maui County,1095472.978895482,-2.1127102180847626,34.94101930407277,,,,18.74839443152774,40.737882747120096,,,,54.926070912702926,Balanced
1264,98858,96717,HI,Hauula,"Urban Honolulu, HI",Honolulu County,825997.5212173635,3.9375527706905147,74.05322179802238,34.935155164427954,18.950579366254935,46.79549000720814,25.70070776267604,40.087030819717896,72.33333333333333,18.993510904813057,0.9896615376122858,84.2296485727783,Balanced
1265,66125,20001,DC,Washington,"Washington-Arlington-Alexandria, DC-VA-MD-WV",District of Columbia,630380.5535605447,-2.875952283909261,30.007005975096636,,,,20.13391931352491,40.02818505772431,,,,60.76597398462975,Balanced
1266,98850,96708,HI,Haiku,"Kahului-Wailuku-Lahaina, HI",Maui County,1295491.75028624,-2.7221764076442807,31.00109717779623,,,,18.74839443152774,39.949898321864794,,,,54.926070912702926,Balanced
1267,66155,20037,DC,Washington,"Washington-Arlington-Alexandria, DC-VA-MD-WV",District of Columbia,539912.0622309885,-3.1145669626676242,28.464470443841154,,,,20.13391931352491,39.71967795147321,,,,60.76597398462975,Balanced
1268,98880,96743,HI,Waimea,"Hilo, HI",Hawaii County,1248957.0668724054,0.14668156129105997,49.546961054383445,10.618341824918929,31.440303973144918,84.4771531358888,20.339813966905794,39.28451479104837,89.83333333333333,20.81983707368741,0.9757282889127659,61.63380742046031,Balanced
1269,66134,20010,DC,Washington,"Washington-Arlington-Alexandria, DC-VA-MD-WV",District of Columbia,681620.1336203603,-3.4792264267478132,26.107112618751536,,,,20.13391931352491,39.24820638645529,,,,60.76597398462975,Balanced
1270,98915,96780,HI,Papaaloa,"Hilo, HI",Hawaii County,816661.6539535206,-0.24705117416612288,47.00165773347519,10.618341824918929,31.440303973144918,84.4771531358888,20.339813966905794,38.77545412686672,89.83333333333333,20.81983707368741,0.9757282889127659,61.63380742046031,Balanced
1271,66140,20017,DC,Washington,"Washington-Arlington-Alexandria, DC-VA-MD-WV",District of Columbia,526955.5577623895,-3.8574799885493607,23.66187512565629,,,,20.13391931352491,38.75915888783624,,,,60.76597398462975,Balanced
1272,98861,96720,HI,Hilo,"Hilo, HI",Hawaii County,526302.4809374962,-0.6601375073594787,44.331242192643934,10.618341824918929,31.440303973144918,84.4771531358888,20.339813966905794,38.24137101870048,89.83333333333333,20.81983707368741,0.9757282889127659,61.63380742046031,Balanced
1273,66141,20018,DC,Washington,"Washington-Arlington-Alexandria, DC-VA-MD-WV",District of Columbia,541113.047906564,-4.288989234910362,20.872363817966928,,,,20.13391931352491,38.20125662629837,,,,60.76597398462975,Balanced
1274,98866,96727,HI,Honokaa,"Hilo, HI",Hawaii County,631278.834732171,-0.7635955399331906,43.662432997546816,10.618341824918929,31.440303973144918,84.4771531358888,20.339813966905794,38.10760917968105,89.83333333333333,20.81983707368741,0.9757282889127659,61.63380742046031,Balanced
1275,98852,96710,HI,Honomu,"Hilo, HI",Hawaii County,958781.9493035364,-0.8739674444408532,42.948928760333416,10.618341824918929,31.440303973144918,84.4771531358888,20.339813966905794,37.964908332238366,89.83333333333333,20.81983707368741,0.9757282889127659,61.63380742046031,Balanced
1276,98918,96783,HI,Pepeekeo,"Hilo, HI",Hawaii County,546106.0971305309,-0.9507545756486501,42.452534829970276,10.618341824918929,31.440303973144918,84.4771531358888,20.339813966905794,37.86562954616574,89.83333333333333,20.81983707368741,0.9757282889127659,61.63380742046031,Balanced
1277,98875,96738,HI,Waikoloa,"Hilo, HI",Hawaii County,822821.8054520566,-1.0009255068635199,42.12820254480737,10.618341824918929,31.440303973144918,84.4771531358888,20.339813966905794,37.800763089133156,89.83333333333333,20.81983707368741,0.9757282889127659,61.63380742046031,Balanced
1278,98948,96817,HI,Honolulu,"Urban Honolulu, HI",Honolulu County,805098.5436805828,2.0876502488526176,62.094442128043426,34.935155164427954,18.950579366254935,46.79549000720814,25.70070776267604,37.6952748857221,72.33333333333333,18.993510904813057,0.9896615376122858,84.2296485727783,Balanced
1279,66126,20002,DC,Washington,"Washington-Arlington-Alexandria, DC-VA-MD-WV",District of Columbia,609981.9744829078,-4.7345228742091,17.99219117911674,,,,20.13391931352491,37.62522209852833,,,,60.76597398462975,Balanced
1280,98916,96781,HI,Papaikou,"Hilo, HI",Hawaii County,521047.8497138296,-1.1823475612794196,40.95539135588096,10.618341824918929,31.440303973144918,84.4771531358888,20.339813966905794,37.56620085134788,89.83333333333333,20.81983707368741,0.9757282889127659,61.63380742046031,Balanced
1281,66135,20011,DC,Washington,"Washington-Arlington-Alexandria, DC-VA-MD-WV",District of Columbia,605551.4760623266,-4.79210874834172,17.619924655488806,,,,20.13391931352491,37.55076879380274,,,,60.76597398462975,Balanced
1282,98898,96762,HI,Laie,"Urban Honolulu, HI",Honolulu County,1224191.950504745,1.77493497048053,60.07287987309148,34.935155164427954,18.950579366254935,46.79549000720814,25.70070776267604,37.29096243473171,72.33333333333333,18.993510904813057,0.9896615376122858,84.2296485727783,Balanced
1283,98896,96760,HI,Kurtistown,"Hilo, HI",Hawaii County,348375.2844918274,-1.656006113085964,37.893403930604,10.618341824918929,31.440303973144918,84.4771531358888,20.339813966905794,36.95380336629249,89.83333333333333,20.81983707368741,0.9757282889127659,61.63380742046031,Balanced
1284,98860,96719,HI,Hawi,"Hilo, HI",Hawaii County,828085.7234138795,-1.7254694013115617,37.44435531899561,10.618341824918929,31.440303973144918,84.4771531358888,20.339813966905794,36.86399364397081,89.83333333333333,20.81983707368741,0.9757282889127659,61.63380742046031,Balanced
1285,98900,96764,HI,Laupahoehoe,"Hilo, HI",Hawaii County,606110.8470723429,-1.9309715255550637,36.11587741460362,10.618341824918929,31.440303973144918,84.4771531358888,20.339813966905794,36.59829806309241,89.83333333333333,20.81983707368741,0.9757282889127659,61.63380742046031,Balanced
1286,98927,96793,HI,Wailuku,"Kahului-Wailuku-Lahaina, HI",Maui County,908533.61464056,-5.51686623529471,12.934696651135644,,,,18.74839443152774,36.33661821653267,,,,54.926070912702926,Balanced
1287,98871,96732,HI,Kahului,"Kahului-Wailuku-Lahaina, HI",Maui County,1015381.0982463568,-5.564158347062744,12.628974626279952,,,,18.74839443152774,36.27547381156154,,,,54.926070912702926,Balanced
1288,66130,20006,DC,Washington,"Washington-Arlington-Alexandria, DC-VA-MD-WV",District of Columbia,231485.4032738981,-6.316318086162953,7.766603506534832,,,,20.13391931352491,35.58010456401195,,,,60.76597398462975,Balanced
1289,66146,20024,DC,Washington,"Washington-Arlington-Alexandria, DC-VA-MD-WV",District of Columbia,386951.32018101896,-6.325005405402422,7.710443932999919,,,,20.13391931352491,35.568872649304964,,,,60.76597398462975,Balanced
1290,66142,20019,DC,Washington,"Washington-Arlington-Alexandria, DC-VA-MD-WV",District of Columbia,354508.613843668,-6.541670913819429,6.309799819779988,,,,20.13391931352491,35.28874382666098,,,,60.76597398462975,Balanced
