rank,region_id,region_name,state,city,metro,county_name,current_value,appreciation_pct,appreciation_score,velocity_score,distress_score,pricing_power_score,value_gap_score,composite_score,days_to_pending,price_cut_pct,sale_to_list,value_gap_pct,strategy
1,77933,46050,IN,Kirklin,"Frankfort, IN",Clinton County,256453.59811415776,5.977812362323091,87.24257347351202,98.853635942566,100.0,,19.90174545049916,83.68024587344985,26.333333333333332,35.8062459356185,,59.78737527916965,Fast Flip
2,76646,43342,OH,Prospect,"Marion, OH",Marion County,256838.72050239675,6.135561973057345,88.26235306488296,97.92728114867994,100.0,,19.840944687846413,83.50594859616274,27.0,31.874184941010743,,59.53110376416123,Fast Flip
3,76622,43314,OH,Caledonia,"Marion, OH",Marion County,225895.88625249465,6.118860802315009,88.15438758087471,97.92728114867994,100.0,,19.840944687846413,83.4897537735615,27.0,31.874184941010743,,59.53110376416123,Fast Flip
4,77938,46057,IN,Frankfort,"Frankfort, IN",Clinton County,235350.7077235373,5.6813198945006125,85.32588432116974,98.853635942566,100.0,,19.90174545049916,83.39274250059852,26.333333333333332,35.8062459356185,,59.78737527916965,Fast Flip
5,77932,46049,IN,Kempton,"Frankfort, IN",Tipton County,207275.4196816032,5.228950168579808,82.40151948691837,98.853635942566,100.0,,17.32189945496165,82.82509547568394,26.333333333333332,35.8062459356185,,48.91348138509491,Fast Flip
6,76656,43356,OH,Waldo,"Marion, OH",Marion County,293433.66043057345,5.431971743963318,83.71396176947242,97.92728114867994,100.0,,19.840944687846413,82.82368990185117,27.0,31.874184941010743,,59.53110376416123,Fast Flip
7,76617,43302,OH,Marion,"Marion, OH",Marion County,162184.09468341316,4.9554420551688905,80.63341374749639,97.92728114867994,100.0,,19.840944687846413,82.36160769855476,27.0,31.874184941010743,,59.53110376416123,Fast Flip
8,77921,46035,IN,Colfax,"Frankfort, IN",Clinton County,205497.922342876,4.567615424393368,78.12629071109612,98.853635942566,100.0,,19.90174545049916,82.31280345908746,26.333333333333332,35.8062459356185,,59.78737527916965,Fast Flip
9,77939,46058,IN,Mulberry,"Frankfort, IN",Clinton County,246270.98129395043,4.540880915990705,77.95346425575673,98.853635942566,100.0,,19.90174545049916,82.28687949078656,26.333333333333332,35.8062459356185,,59.78737527916965,Fast Flip
10,76484,43044,OH,,"Urbana, OH",Champaign County,269610.460045504,5.450583330476285,83.83427722382199,100.0,94.81405571910192,,19.407238131208235,82.2490174199092,24.0,30.08674606298083,,57.70305701788037,Fast Flip
11,76457,43009,OH,Cable,"Urbana, OH",Champaign County,320983.2427696583,5.082534852662045,81.45501096406316,100.0,94.81405571910192,,19.407238131208235,81.89212748094536,24.0,30.08674606298083,,57.70305701788037,Fast Flip
12,78502,47244,IN,Hartsville,"Columbus, IN",Bartholomew County,263037.7556133976,7.3701560850631775,96.24344330776917,89.3584993052339,100.0,,15.428791088050694,81.48343080739977,33.166666666666664,31.708138072882107,,40.93414480943011,Fast Flip
13,77464,45142,OH,,"Wilmington, OH",Highland County,206405.94467376525,4.311901114439013,76.47321382996043,100.0,92.00653265502454,,37.95252798844442,81.37024163767242,23.166666666666668,29.67621236403808,,135.8703253320617,Fast Flip
14,76494,43060,OH,Woodstock,"Urbana, OH",Champaign County,252429.5772631112,4.508420949156969,77.74362531187886,100.0,94.81405571910192,,19.407238131208235,81.33541963311772,24.0,30.08674606298083,,57.70305701788037,Fast Flip
15,77925,46039,IN,Russiaville,"Frankfort, IN",Clinton County,214867.19507612195,3.508328161931299,71.27847963485982,98.853635942566,100.0,,19.90174545049916,81.28563179765203,26.333333333333332,35.8062459356185,,59.78737527916965,Fast Flip
16,76637,43332,OH,New Bloomington,"Marion, OH",Marion County,197664.7003416315,3.6779417614632486,72.3749545257743,97.92728114867994,100.0,,19.840944687846413,81.12283881529643,27.0,31.874184941010743,,59.53110376416123,Fast Flip
17,76504,43072,OH,Saint Paris,"Urbana, OH",Champaign County,235477.5273428773,4.180483882116784,75.62366110616686,100.0,94.81405571910192,,19.407238131208235,81.01742500226092,24.0,30.08674606298083,,57.70305701788037,Fast Flip
18,76642,43337,OH,Morral,"Marion, OH",Marion County,202841.35613223925,3.408106013081362,70.63058895845948,97.92728114867994,100.0,,19.840944687846413,80.86118398019921,27.0,31.874184941010743,,59.53110376416123,Fast Flip
19,77945,46065,IN,Rossville,"Frankfort, IN",Clinton County,283812.71639374405,3.0629340437092236,68.39920893640671,98.853635942566,100.0,,19.90174545049916,80.85374119288406,26.333333333333332,35.8062459356185,,59.78737527916965,Fast Flip
20,87078,66067,KS,Ottawa,"Ottawa, KS",Franklin County,226616.8926841015,7.642662440469857,98.00507313664241,86.81102362204724,99.52262473361584,,17.163776552659275,80.82346424924981,35.0,30.77526267001745,,48.24700297326982,Fast Flip
21,77347,44838,OH,Hayesville,"Ashland, OH",Ashland County,180737.8500417868,7.60625881410528,97.76974022491163,94.2218619731357,88.77673286226002,,19.424606102505976,80.80852624502455,29.666666666666668,29.203930703120047,,57.776261960103135,Fast Flip
22,77927,46041,IN,Frankfort,"Frankfort, IN",Clinton County,204744.26377394152,2.8000953762979917,66.70007631984106,98.853635942566,100.0,,19.90174545049916,80.59887130039921,26.333333333333332,35.8062459356185,,59.78737527916965,Fast Flip
23,77610,45349,OH,Springfield,"Springfield, OH",Clark County,179417.45038353873,8.17385510003118,100.0,89.59008800370542,94.74989790887327,,8.992592306406888,80.49363489383556,33.0,30.077364504023667,,13.805958571248794,Fast Flip
24,76509,43078,OH,,"Urbana, OH",Champaign County,230774.7356652092,3.5964387232085713,71.84807439808345,100.0,94.81405571910192,,19.407238131208235,80.45108699604842,24.0,30.08674606298083,,57.70305701788037,Fast Flip
25,77392,44906,OH,Mansfield,"Mansfield, OH",Richland County,163227.7060594445,7.565570712474064,97.50671012637758,95.84298286243632,85.27419602676565,,18.62634266829414,80.42091666091547,28.5,28.691767714627815,,54.41163015721497,Fast Flip
26,76645,43341,OH,New Bloomington,"Marion, OH",Marion County,198160.93730063413,2.9317643242678963,67.55125627098013,97.92728114867994,100.0,,19.840944687846413,80.39928407707731,27.0,31.874184941010743,,59.53110376416123,Fast Flip
27,77448,45113,OH,Clarksville,"Wilmington, OH",Clinton County,378115.55381862,4.240644544516281,76.01257246659941,100.0,92.00653265502454,,19.90174545049916,80.398606306271,23.166666666666668,29.67621236403808,,59.78737527916965,Fast Flip
28,77491,45177,OH,Wilmington,"Wilmington, OH",Clinton County,259154.6699947098,4.180982949201362,75.62688734821722,100.0,92.00653265502454,,19.90174545049916,80.34075353851368,23.166666666666668,29.67621236403808,,59.78737527916965,Fast Flip
29,76644,43340,OH,Mount Victory,"Columbus, OH",Hardin County,214053.36533463505,8.063138092448291,100.0,98.853635942566,100.0,25.78554502405153,8.623542536666728,80.18705871154174,26.333333333333332,32.47348407681053,0.997430217768835,12.250436247540817,Fast Flip
30,76514,43084,OH,Woodstock,"Urbana, OH",Champaign County,243489.0705288085,3.316384831821743,70.03765317681395,100.0,94.81405571910192,,19.407238131208235,80.17952381285798,24.0,30.08674606298083,,57.70305701788037,Fast Flip
31,77253,44638,OH,Lakeville,"Ashland, OH",Holmes County,283356.6915408267,7.277627639795154,95.64528893092847,94.2218619731357,88.77673286226002,,11.400460974701987,80.08865129453687,29.666666666666668,29.203930703120047,,23.954978495382964,Fast Flip
32,78496,47232,IN,Elizabethtown,"Columbus, IN",Bartholomew County,286736.20550808206,5.771691106816764,85.9100931666845,89.3584993052339,100.0,,15.428791088050694,79.93342828623707,33.166666666666664,31.708138072882107,,40.93414480943011,Fast Flip
33,85231,61925,IL,Dalton City,"Decatur, IL",Macon County,198539.2691488288,12.628743681417712,100.0,97.92728114867994,67.66247513034823,,68.9185652451205,79.63609544688106,27.0,26.116470999574975,,266.39028816375975,Fast Flip
34,85563,62554,IL,Oreana,"Decatur, IL",Macon County,169367.4292146725,8.737797007211457,100.0,97.92728114867994,67.66247513034823,,68.9185652451205,79.63609544688106,27.0,26.116470999574975,,266.39028816375975,Fast Flip
35,85577,62573,IL,Warrensburg,"Decatur, IL",Macon County,154972.5532646464,8.417858497968309,100.0,97.92728114867994,67.66247513034823,,68.9185652451205,79.63609544688106,27.0,26.116470999574975,,266.39028816375975,Fast Flip
36,85525,62501,IL,Oreana,"Decatur, IL",Macon County,187742.31174998,13.480058307982423,100.0,97.92728114867994,67.66247513034823,,68.9185652451205,79.63609544688106,27.0,26.116470999574975,,266.39028816375975,Fast Flip
37,77391,44905,OH,Mansfield,"Mansfield, OH",Richland County,146716.88696819046,6.658890010135424,91.64543115503095,95.84298286243632,85.27419602676565,,18.62634266829414,79.54172481521347,28.5,28.691767714627815,,54.41163015721497,Fast Flip
38,87088,66080,KS,Richmond,"Ottawa, KS",Franklin County,220600.15057387503,6.320097234366876,89.45528972251299,86.81102362204724,99.52262473361584,,17.163776552659275,79.5409967371304,35.0,30.77526267001745,,48.24700297326982,Fast Flip
39,77625,45368,OH,South Charleston,"Springfield, OH",Clark County,257158.48860458063,6.925413346856494,93.36838348529119,89.59008800370542,94.74989790887327,,8.992592306406888,79.49889241662923,33.0,30.077364504023667,,13.805958571248794,Fast Flip
40,77390,44904,OH,Lexington,"Mansfield, OH",Richland County,261778.56479548247,6.599701904761318,91.26280693408054,95.84298286243632,85.27419602676565,,18.62634266829414,79.4843311820709,28.5,28.691767714627815,,54.41163015721497,Fast Flip
41,85535,62521,IL,Decatur,"Decatur, IL",Macon County,115800.42870973784,7.700250492303315,98.37735373811726,97.92728114867994,67.66247513034823,,68.9185652451205,79.39269850759865,27.0,26.116470999574975,,266.39028816375975,Fast Flip
42,87086,66078,KS,Princeton,"Ottawa, KS",Franklin County,341248.53015508177,6.058820360238082,87.7662533902295,86.81102362204724,99.52262473361584,,17.163776552659275,79.28764128728787,35.0,30.77526267001745,,48.24700297326982,Fast Flip
43,77377,44875,OH,Shelby,"Mansfield, OH",Richland County,177843.43679035327,6.375863755554878,89.81579495561358,95.84298286243632,85.27419602676565,,18.62634266829414,79.26727938530087,28.5,28.691767714627815,,54.41163015721497,Fast Flip
44,77444,45107,OH,Blanchester,"Wilmington, OH",Clinton County,258156.56986376765,3.0536284684479678,68.33905261847207,100.0,92.00653265502454,,19.90174545049916,79.2475783290519,23.166666666666668,29.67621236403808,,59.78737527916965,Fast Flip
45,88020,68456,NE,Utica,"Lincoln, NE",Seward County,233332.34215477228,6.065176765437124,87.80734466307824,93.52709587772117,81.39407572968189,,59.191980023955345,79.21370319028239,30.166666666666668,28.124392095069688,,225.39332329470403,Fast Flip
46,77337,44822,OH,Butler,"Mansfield, OH",Richland County,248206.4207513882,6.239382097858917,88.93350302178891,95.84298286243632,85.27419602676565,,18.62634266829414,79.13493559522716,28.5,28.691767714627815,,54.41163015721497,Fast Flip
47,77478,45159,OH,New Vienna,"Wilmington, OH",Clinton County,246732.0546460568,2.932200025570228,67.55407288202584,100.0,92.00653265502454,,19.90174545049916,79.12983136858497,23.166666666666668,29.67621236403808,,59.78737527916965,Fast Flip
48,77393,44907,OH,Mansfield,"Mansfield, OH",Richland County,167439.49317577953,6.193983227674426,88.64001994395467,95.84298286243632,85.27419602676565,,18.62634266829414,79.09091313355204,28.5,28.691767714627815,,54.41163015721497,Fast Flip
49,87957,68360,NE,Garland,"Lincoln, NE",Seward County,424966.73347010073,5.926403271115259,86.91023704630531,93.52709587772117,81.39407572968189,,59.191980023955345,79.07913704776645,30.166666666666668,28.124392095069688,,225.39332329470403,Fast Flip
50,87087,66079,KS,Rantoul,"Ottawa, KS",Franklin County,339679.9180312953,5.833056110542466,86.30679004683903,86.81102362204724,99.52262473361584,,17.163776552659275,79.0687217857793,35.0,30.77526267001745,,48.24700297326982,Fast Flip
51,77389,44903,OH,Mansfield,"Mansfield, OH",Richland County,199651.4666677481,6.096115385194764,88.00734878902934,95.84298286243632,85.27419602676565,,18.62634266829414,78.99601246031322,28.5,28.691767714627815,,54.41163015721497,Fast Flip
52,87051,66033,KS,Greeley,"Ottawa, KS",Anderson County,213033.37228976903,5.789006650241449,86.0220302910666,86.81102362204724,99.52262473361584,,16.47177628687434,78.99140780912421,35.0,30.77526267001745,,45.3302639594555,Fast Flip
53,87979,68405,NE,Milford,"Lincoln, NE",Seward County,296366.8826869985,5.806963538167807,86.13811341638528,93.52709587772117,81.39407572968189,,59.191980023955345,78.96331850327844,30.166666666666668,28.124392095069688,,225.39332329470403,Fast Flip
54,85554,62544,IL,Macon,"Decatur, IL",Macon County,143095.4720208086,7.2538882700969785,95.49182468707058,97.92728114867994,67.66247513034823,,68.9185652451205,78.95986914994165,27.0,26.116470999574975,,266.39028816375975,Fast Flip
55,77101,44270,OH,Rittman,"Wooster, OH",Wayne County,198100.90131685915,5.816056992138856,86.19689846651364,92.13756368689208,86.58968375698515,,42.54077511900112,78.95214175558561,31.166666666666668,28.884126613014388,,155.20950780410354,Fast Flip
56,88001,68434,NE,Seward,"Lincoln, NE",Seward County,296567.7536327342,5.773362541808608,85.92089823482414,93.52709587772117,81.39407572968189,,59.191980023955345,78.93073622604427,30.166666666666668,28.124392095069688,,225.39332329470403,Fast Flip
57,77326,44805,OH,Ashland,"Ashland, OH",Ashland County,221391.1752284736,5.665176159209002,85.22152240419099,94.2218619731357,88.77673286226002,,19.424606102505976,78.92629357191645,29.666666666666668,29.203930703120047,,57.776261960103135,Fast Flip
58,87084,66076,KS,Pomona,"Ottawa, KS",Franklin County,279624.716897023,5.682404251604607,85.33289419738601,86.81102362204724,99.52262473361584,,17.163776552659275,78.92263740836135,35.0,30.77526267001745,,48.24700297326982,Fast Flip
59,77349,44840,OH,Jeromesville,"Ashland, OH",Ashland County,277936.0729592755,5.602807036461205,84.81833435057952,94.2218619731357,88.77673286226002,,19.424606102505976,78.86581536387473,29.666666666666668,29.203930703120047,,57.776261960103135,Fast Flip
60,87099,66095,KS,Williamsburg,"Ottawa, KS",Franklin County,267142.89750572504,5.54396499507497,84.43794727614564,86.81102362204724,99.52262473361584,,17.163776552659275,78.7883953701753,35.0,30.77526267001745,,48.24700297326982,Fast Flip
61,85536,62522,IL,Decatur,"Decatur, IL",Macon County,84273.10322984788,7.0759064732371355,94.34125320085023,97.92728114867994,67.66247513034823,,68.9185652451205,78.78728342700859,27.0,26.116470999574975,,266.39028816375975,Fast Flip
62,77370,44864,OH,Perrysville,"Ashland, OH",Ashland County,236793.909909806,5.5011924785276785,84.16144238181673,94.2218619731357,88.77673286226002,,19.424606102505976,78.7672815685603,29.666666666666668,29.203930703120047,,57.776261960103135,Fast Flip
63,77077,44230,OH,Doylestown,"Wooster, OH",Wayne County,274366.6975131913,5.569490340578763,84.60295704248547,92.13756368689208,86.58968375698515,,42.54077511900112,78.71305054198139,31.166666666666668,28.884126613014388,,155.20950780410354,Fast Flip
64,77461,45135,OH,Leesburg,"Washington Court House, OH",Highland County,252044.31409676213,4.867652623927649,80.0658949441144,85.14358499305233,100.0,,37.95252798844442,78.7077653886077,36.2,37.04672739352265,,135.8703253320617,Fast Flip
65,78575,47385,IN,Spiceland,"New Castle, IN",Henry County,203110.780021042,7.988077800587579,100.0,87.96896711440482,91.25284831430551,,0.7338328454760233,78.63904221089184,34.166666666666664,29.566003894448073,,-21.004210031911295,Fast Flip
66,85141,61756,IL,Maroa,"Decatur, IL",Macon County,150777.85153670583,6.899955508788919,93.20381012386797,97.92728114867994,67.66247513034823,,68.9185652451205,78.61666696546126,27.0,26.116470999574975,,266.39028816375975,Fast Flip
67,75638,40342,KY,Lawrenceburg,"Frankfort, KY",Anderson County,255456.00971913707,7.568076728798786,97.52291038380896,84.26354793886057,94.67601582945326,,16.47177628687434,78.61327110787958,36.833333333333336,30.06656100120014,,45.3302639594555,Fast Flip
68,77224,44606,OH,Apple Creek,"Wooster, OH",Wayne County,312956.5272558765,5.371609672806901,83.32374839289623,92.13756368689208,86.58968375698515,,42.54077511900112,78.521169244543,31.166666666666668,28.884126613014388,,155.20950780410354,Fast Flip
69,87096,66092,KS,Wellsville,"Ottawa, KS",Franklin County,333402.2216265521,5.265601911795454,82.63845636140898,86.81102362204724,99.52262473361584,,17.163776552659275,78.5184717329648,35.0,30.77526267001745,,48.24700297326982,Fast Flip
70,85546,62535,IL,Forsyth,"Decatur, IL",Macon County,305371.7584146865,6.7442233856580405,92.19707267361036,97.92728114867994,67.66247513034823,,68.9185652451205,78.46565634792262,27.0,26.116470999574975,,266.39028816375975,Fast Flip
71,78563,47368,IN,Parker City,"Muncie, IN",Randolph County,166831.3254713513,9.816641347951172,100.0,89.82167670217693,85.89990932092816,,10.13044320510503,78.41908633624922,32.833333333333336,28.78326345206875,,18.601930873906834,Fast Flip
72,76529,43113,OH,Circleville,"Columbus, OH",Pickaway County,276692.0326113889,5.7691746051746815,85.89382512643829,98.853635942566,100.0,25.78554502405153,15.279038774372683,78.40390729239277,26.333333333333332,32.47348407681053,0.997430217768835,40.30294791932752,Fast Flip
73,77486,45169,OH,Sabina,"Wilmington, OH",Clinton County,203153.0095815209,2.173059282848437,62.64657274429178,100.0,92.00653265502454,,19.90174545049916,78.39370634792486,23.166666666666668,29.67621236403808,,59.78737527916965,Fast Flip
74,77352,44843,OH,Lucas,"Mansfield, OH",Richland County,248319.9913208366,5.418308642972203,83.62563602666567,95.84298286243632,85.27419602676565,,18.62634266829414,78.33875554595868,28.5,28.691767714627815,,54.41163015721497,Fast Flip
75,76630,43322,OH,Green Camp,"Marion, OH",Marion County,146163.12905970242,0.8039057551588404,53.79561698920304,97.92728114867994,100.0,,19.840944687846413,78.33593818481074,27.0,31.874184941010743,,59.53110376416123,Fast Flip
76,78250,46764,IN,Larwill,"Fort Wayne, IN",Whitley County,314205.2870523955,5.623064205454505,84.94928774832272,92.83232978230662,98.12144512503946,31.35795959009002,45.330893817017305,78.30220647618445,30.666666666666668,30.570373365650845,0.9953697503807503,166.9696883445628,Fast Flip
77,77585,45323,OH,Enon,"Springfield, OH",Clark County,234941.5813307895,5.685401400198191,85.35226940188772,89.59008800370542,94.74989790887327,,8.992592306406888,78.29647530411872,33.0,30.077364504023667,,13.805958571248794,Fast Flip
78,79769,49457,MI,Twin Lake,"Muskegon, MI",Muskegon County,265152.6838167818,3.533838307760351,71.44339114220539,96.53774895785085,89.92665220177297,,26.081062867125986,78.29043700037815,28.0,29.372079148978386,,85.83282219438695,Fast Flip
79,79773,49461,MI,Whitehall,"Muskegon, MI",Muskegon County,315024.9512922952,3.530745433110193,71.42339711222192,96.53774895785085,89.92665220177297,,26.081062867125986,78.28743789588063,28.0,29.372079148978386,,85.83282219438695,Fast Flip
80,78552,47354,IN,,"New Castle, IN",Randolph County,196125.1100462236,7.092293229319696,94.44718613687452,87.96896711440482,91.25284831430551,,10.13044320510503,78.2759506494045,34.166666666666664,29.566003894448073,,18.601930873906834,Fast Flip
81,79732,49415,MI,Fruitport,"Muskegon, MI",Muskegon County,318659.5118090338,3.505634212224356,71.26106447346237,96.53774895785085,89.92665220177297,,26.081062867125986,78.26308800006669,28.0,29.372079148978386,,85.83282219438695,Fast Flip
82,78228,46723,IN,Churubusco,"Fort Wayne, IN",Whitley County,288116.8967582829,5.580087815839706,84.67146490720137,92.83232978230662,98.12144512503946,31.35795959009002,45.330893817017305,78.26053305001625,30.666666666666668,30.570373365650845,0.9953697503807503,166.9696883445628,Fast Flip
83,77607,45346,OH,New Madison,"Greenville, OH",Darke County,201106.94084384016,8.926743721427885,100.0,90.05326540064844,82.74281545710247,,20.601408664393443,78.23441718772226,32.666666666666664,28.3216133098457,,62.73641315299382,Fast Flip
84,77612,45351,OH,Osgood,"Greenville, OH",Darke County,268193.92815049045,13.816138527189267,100.0,90.05326540064844,82.74281545710247,,20.601408664393443,78.23441718772226,32.666666666666664,28.3216133098457,,62.73641315299382,Fast Flip
85,77566,45303,OH,Ansonia,"Greenville, OH",Darke County,172831.41725472538,8.574379418413907,100.0,90.05326540064844,82.74281545710247,,20.601408664393443,78.23441718772226,32.666666666666664,28.3216133098457,,62.73641315299382,Fast Flip
86,77567,45304,OH,Arcanum,"Greenville, OH",Darke County,230868.0461558466,8.370691887042373,100.0,90.05326540064844,82.74281545710247,,20.601408664393443,78.23441718772226,32.666666666666664,28.3216133098457,,62.73641315299382,Fast Flip
87,77617,45358,OH,Pitsburg,"Greenville, OH",Darke County,177573.7409717264,10.421097328816481,100.0,90.05326540064844,82.74281545710247,,20.601408664393443,78.23441718772226,32.666666666666664,28.3216133098457,,62.73641315299382,Fast Flip
88,77641,45388,OH,Yorkshire,"Greenville, OH",Darke County,333321.72646606714,8.43944664652133,100.0,90.05326540064844,82.74281545710247,,20.601408664393443,78.23441718772226,32.666666666666664,28.3216133098457,,62.73641315299382,Fast Flip
89,87914,68314,NE,Bee,"Lincoln, NE",Seward County,276893.5520637671,5.01303559028321,81.00572979589178,93.52709587772117,81.39407572968189,,59.191980023955345,78.19346096020442,30.166666666666668,28.124392095069688,,225.39332329470403,Fast Flip
90,85540,62526,IL,Decatur,"Decatur, IL",Macon County,93779.67329289344,6.44371407568131,90.25441646099074,97.92728114867994,67.66247513034823,,68.9185652451205,78.17425791602966,27.0,26.116470999574975,,266.39028816375975,Fast Flip
91,87057,66042,KS,Richmond,"Ottawa, KS",Franklin County,275044.8939712218,4.884565715977101,80.17523040312904,86.81102362204724,99.52262473361584,,17.163776552659275,78.14898783922281,35.0,30.77526267001745,,48.24700297326982,Fast Flip
92,77694,45503,OH,Springfield,"Springfield, OH",Clark County,188375.7089799953,5.51037521489336,84.22080460207879,89.59008800370542,94.74989790887327,,8.992592306406888,78.12675558414738,33.0,30.077364504023667,,13.805958571248794,Fast Flip
93,77235,44618,OH,Dalton,"Wooster, OH",Wayne County,291409.03242988954,4.955242679240291,80.63212487266462,92.13756368689208,86.58968375698515,,42.54077511900112,78.11742571650827,31.166666666666668,28.884126613014388,,155.20950780410354,Fast Flip
94,78517,47280,IN,Taylorsville,"Columbus, IN",Bartholomew County,190602.24612604445,3.8747300460601917,73.64710141424378,89.3584993052339,100.0,,15.428791088050694,78.09397952337096,33.166666666666664,31.708138072882107,,40.93414480943011,Fast Flip
95,78271,46787,IN,South Whitley,"Fort Wayne, IN",Whitley County,235121.0951513246,5.3658406786592865,83.28645446572207,92.83232978230662,98.12144512503946,31.35795959009002,45.330893817017305,78.05278148379436,30.666666666666668,30.570373365650845,0.9953697503807503,166.9696883445628,Fast Flip
96,77284,44677,OH,Smithville,"Wooster, OH",Wayne County,250737.14176070143,4.8200907257961205,79.75842887294226,92.13756368689208,86.58968375698515,,42.54077511900112,77.9863713165499,31.166666666666668,28.884126613014388,,155.20950780410354,Fast Flip
97,65539,18619,PA,Hillsgrove,"Williamsport, PA",Sullivan County,151576.50188595068,9.868957672945337,100.0,83.80037054191754,89.26847880701163,,26.54921621977444,77.97471020241278,37.166666666666664,29.275836891255075,,87.80606008985056,Fast Flip
98,79754,49441,MI,Roosevelt Park,"Muskegon, MI",Muskegon County,244390.8890470448,3.1665880378446953,69.0692849340046,96.53774895785085,89.92665220177297,,26.081062867125986,77.93432106914803,28.0,29.372079148978386,,85.83282219438695,Fast Flip
99,85559,62549,IL,Mount Zion,"Decatur, IL",Macon County,191134.6833788508,6.167536747762603,88.46905546200034,97.92728114867994,67.66247513034823,,68.9185652451205,77.9064537661811,27.0,26.116470999574975,,266.39028816375975,Fast Flip
100,77626,45369,OH,,"Springfield, OH",Clark County,294589.3136735905,5.255874626930125,82.57557388240353,89.59008800370542,94.74989790887327,,8.992592306406888,77.87997097619609,33.0,30.077364504023667,,13.805958571248794,Fast Flip
101,77351,44842,OH,Loudonville,"Ashland, OH",Ashland County,228298.966668068,4.579319664607879,78.20195330859924,94.2218619731357,88.77673286226002,,19.424606102505976,77.8733582075777,29.666666666666668,29.203930703120047,,57.776261960103135,Fast Flip
102,78258,46773,IN,Monroeville,"Fort Wayne, IN",Allen County,248765.49970781765,6.733040094321309,92.12477777401301,92.83232978230662,98.12144512503946,31.35795959009002,15.10412004563958,77.86719129146911,30.666666666666668,30.570373365650845,0.9953697503807503,39.56567612108054,Fast Flip
103,87994,68423,NE,Pleasant Dale,"Lincoln, NE",Seward County,475753.3265735197,4.666619719981011,78.7663085192441,93.52709587772117,81.39407572968189,,59.191980023955345,77.85754776870728,30.166666666666668,28.124392095069688,,225.39332329470403,Fast Flip
104,79752,49437,MI,Montague,"Muskegon, MI",Muskegon County,261918.91818728155,3.0784916813584235,68.49978199830366,96.53774895785085,89.92665220177297,,26.081062867125986,77.84889562879289,28.0,29.372079148978386,,85.83282219438695,Fast Flip
105,77605,45344,OH,New Carlisle,"Springfield, OH",Clark County,207239.41699787896,5.2212061039862885,82.35145762629018,89.59008800370542,94.74989790887327,,8.992592306406888,77.84635353777908,33.0,30.077364504023667,,13.805958571248794,Fast Flip
106,79758,49445,MI,,"Muskegon, MI",Muskegon County,281941.07285378425,2.9956659323371553,67.96435114621625,96.53774895785085,89.92665220177297,,26.081062867125986,77.76858100097978,28.0,29.372079148978386,,85.83282219438695,Fast Flip
107,78867,47965,IN,New Market,"Crawfordsville, IN",Montgomery County,169915.19673727718,6.133234897510716,88.24730957831595,89.82167670217693,91.45915092342408,,3.4542426472353247,77.7121831457271,32.833333333333336,29.5961707608602,,-9.537848247564453,Fast Flip
108,79686,49318,MI,Casnovia,"Muskegon, MI",Muskegon County,298759.6440380427,2.9348591431371758,67.57126286945724,96.53774895785085,89.92665220177297,,26.081062867125986,77.70961775946593,28.0,29.372079148978386,,85.83282219438695,Fast Flip
109,65182,17774,PA,Unityville,"Williamsport, PA",Lycoming County,290246.5995718344,9.396665537046314,100.0,83.80037054191754,89.26847880701163,,20.941427905506025,77.69432078669935,37.166666666666664,29.275836891255075,,64.16957356497093,Fast Flip
110,85561,62551,IL,Niantic,"Decatur, IL",Macon County,123606.91488427606,5.925359949586152,86.90349244644437,97.92728114867994,67.66247513034823,,68.9185652451205,77.67161931384771,27.0,26.116470999574975,,266.39028816375975,Fast Flip
111,77072,44217,OH,Creston,"Wooster, OH",Wayne County,244170.92253783144,4.443956960705342,77.32689490287592,92.13756368689208,86.58968375698515,,42.54077511900112,77.62164122103997,31.166666666666668,28.884126613014388,,155.20950780410354,Fast Flip
112,77330,44813,OH,Bellville,"Mansfield, OH",Richland County,272208.8006805352,4.676493011019154,78.83013486184805,95.84298286243632,85.27419602676565,,18.62634266829414,77.61943037123604,28.5,28.691767714627815,,54.41163015721497,Fast Flip
113,78483,47201,IN,Columbus,"Columbus, IN",Bartholomew County,263703.8782087176,3.383085129154198,70.46884030711118,89.3584993052339,100.0,,15.428791088050694,77.61724035730107,33.166666666666664,31.708138072882107,,40.93414480943011,Fast Flip
114,76629,43321,OH,Cardington,"Columbus, OH",Morrow County,184469.84658065,4.6795879198465755,78.85014204186369,98.853635942566,100.0,25.78554502405153,19.644436426949316,77.56562471233542,26.333333333333332,32.47348407681053,0.997430217768835,58.70283340151155,Fast Flip
115,79757,49444,MI,Norton Shores,"Muskegon, MI",Muskegon County,179809.44405942355,2.776815541254587,66.54958275882848,96.53774895785085,89.92665220177297,,26.081062867125986,77.5563657428716,28.0,29.372079148978386,,85.83282219438695,Fast Flip
116,64817,16930,PA,Liberty,"Williamsport, PA",Tioga County,262780.2524742994,8.724651219107429,100.0,83.80037054191754,89.26847880701163,,17.91302154640997,77.54290046874455,37.166666666666664,29.275836891255075,,51.40502503226263,Fast Flip
117,77283,44676,OH,Shreve,"Wooster, OH",Wayne County,242242.9195749125,4.344334918339305,76.68288364235548,92.13756368689208,86.58968375698515,,42.54077511900112,77.52503953196188,31.166666666666668,28.884126613014388,,155.20950780410354,Fast Flip
118,76556,43153,OH,South Solon,"Columbus, OH",Madison County,285994.7409399452,4.6813878727136435,78.86177791970023,98.853635942566,100.0,25.78554502405153,16.292524886788726,77.39977451700288,26.333333333333332,32.47348407681053,0.997430217768835,44.574730215089794,Fast Flip
119,88005,68439,NE,Seward,"Lincoln, NE",Seward County,229655.12033499512,4.1808393659157455,75.6259591474841,93.52709587772117,81.39407572968189,,59.191980023955345,77.38649536294326,30.166666666666668,28.124392095069688,,225.39332329470403,Fast Flip
120,78229,46725,IN,Columbia City,"Fort Wayne, IN",Whitley County,274682.1436453275,4.661618005530039,78.73397470684846,92.83232978230662,98.12144512503946,31.35795959009002,45.330893817017305,77.36990951996331,30.666666666666668,30.570373365650845,0.9953697503807503,166.9696883445628,Fast Flip
121,77634,45380,OH,Versailles,"Greenville, OH",Darke County,287712.01999055594,7.059586987089138,94.23575513440224,90.05326540064844,82.74281545710247,,20.601408664393443,77.36978045788258,32.666666666666664,28.3216133098457,,62.73641315299382,Fast Flip
122,77695,45504,OH,Springfield,"Springfield, OH",Clark County,204783.3001857724,4.726052555481989,79.15051480932048,89.59008800370542,94.74989790887327,,8.992592306406888,77.36621211523364,33.0,30.077364504023667,,13.805958571248794,Fast Flip
123,77456,45123,OH,Greenfield,"Chillicothe, OH",Highland County,162935.3042831564,4.903714550069426,80.29901891908801,87.50578971746178,90.80310360791697,,37.95252798844442,77.27028154037629,34.5,29.5002393918315,,135.8703253320617,Fast Flip
124,77467,45146,OH,Martinsville,"Wilmington, OH",Clinton County,217037.1436902008,1.007857659720684,55.114073427385776,100.0,92.00653265502454,,19.90174545049916,77.26383145038896,23.166666666666668,29.67621236403808,,59.78737527916965,Fast Flip
125,87960,68364,NE,Goehner,"Lincoln, NE",Seward County,211764.62053502,4.035548569384482,74.68672013176186,93.52709587772117,81.39407572968189,,59.191980023955345,77.24560951058493,30.166666666666668,28.124392095069688,,225.39332329470403,Fast Flip
126,78240,46745,IN,Hoagland,"Fort Wayne, IN",Allen County,304458.617474076,6.080110022204225,87.90388138613518,92.83232978230662,98.12144512503946,31.35795959009002,15.10412004563958,77.23405683328744,30.666666666666668,30.570373365650845,0.9953697503807503,39.56567612108054,Fast Flip
127,77696,45505,OH,Springfield,"Springfield, OH",Clark County,123243.82440384118,4.488256951651935,77.61327422549343,89.59008800370542,94.74989790887327,,8.992592306406888,77.13562602765957,33.0,30.077364504023667,,13.805958571248794,Fast Flip
128,77366,44859,OH,Nova,"Ashland, OH",Ashland County,291221.8855834561,3.789063563685424,73.09330651114578,94.2218619731357,88.77673286226002,,19.424606102505976,77.10706118795967,29.666666666666668,29.203930703120047,,57.776261960103135,Fast Flip
129,77469,45148,OH,Midland,"Wilmington, OH",Clinton County,242268.91515549071,0.8178217649779168,53.88557767272396,100.0,92.00653265502454,,19.90174545049916,77.07955708718968,23.166666666666668,29.67621236403808,,59.78737527916965,Fast Flip
130,77259,44645,OH,Marshallville,"Wooster, OH",Wayne County,283203.39240692504,3.879763720532737,73.67964183366425,92.13756368689208,86.58968375698515,,42.54077511900112,77.0745532606582,31.166666666666668,28.884126613014388,,155.20950780410354,Fast Flip
131,80805,52040,IA,Dyersville,"Dubuque, IA",Dubuque County,275593.10850081017,7.97407513405268,100.0,95.84298286243632,69.284160106544,,24.06293942985177,77.06923099998129,28.5,26.353603987124025,,77.32655470399243,Fast Flip
132,77379,44880,OH,Sullivan,"Ashland, OH",Ashland County,280278.7484418912,3.7447364348074634,72.80675175412667,94.2218619731357,88.77673286226002,,19.424606102505976,77.0640779744068,29.666666666666668,29.203930703120047,,57.776261960103135,Fast Flip
133,79673,49303,MI,Bailey,"Muskegon, MI",Muskegon County,274881.0509127747,2.2440168475277003,63.10528117454709,96.53774895785085,89.92665220177297,,26.081062867125986,77.0397205052294,28.0,29.372079148978386,,85.83282219438695,Fast Flip
134,77621,45362,OH,,"Greenville, OH",Darke County,247719.3924977967,6.695299878110495,91.88080441593894,90.05326540064844,82.74281545710247,,20.601408664393443,77.0165378501131,32.666666666666664,28.3216133098457,,62.73641315299382,Fast Flip
135,77590,45328,OH,Gettysburg,"Greenville, OH",Darke County,137450.53692151222,6.691001164901926,91.85301518730724,90.05326540064844,82.74281545710247,,20.601408664393443,77.01236946581834,32.666666666666664,28.3216133098457,,62.73641315299382,Fast Flip
136,77296,44691,OH,Wooster,"Wooster, OH",Wayne County,255050.80381768305,3.7978284142321863,73.14996728937147,92.13756368689208,86.58968375698515,,42.54077511900112,76.99510207901429,31.166666666666668,28.884126613014388,,155.20950780410354,Fast Flip
137,78504,47246,IN,Hope,"Columbus, IN",Bartholomew County,250588.4002453668,2.740721753807951,66.31625281498879,89.3584993052339,100.0,,15.428791088050694,76.99435223348272,33.166666666666664,31.708138072882107,,40.93414480943011,Fast Flip
138,80830,52073,IA,,"Dubuque, IA",Dubuque County,372753.6867555794,7.792670330445672,98.97480601921448,95.84298286243632,69.284160106544,,24.06293942985177,76.91545190286347,28.5,26.353603987124025,,77.32655470399243,Fast Flip
139,77609,45348,OH,North Star,"Greenville, OH",Darke County,263043.87502833566,6.5746602638373215,91.10092409817452,90.05326540064844,82.74281545710247,,20.601408664393443,76.89955580244843,32.666666666666664,28.3216133098457,,62.73641315299382,Fast Flip
140,76810,43727,OH,Chandlersville,"Zanesville, OH",Muskingum County,222374.69821319904,4.525506370911561,77.85407480417365,82.41083835108847,100.0,,27.132862089505966,76.87854774798231,38.166666666666664,32.68581936009434,,90.2660919173912,Fast Flip
141,77592,45331,OH,Greenville,"Greenville, OH",Darke County,190819.25712147888,6.546012570141803,90.91572976879041,90.05326540064844,82.74281545710247,,20.601408664393443,76.87177665304081,32.666666666666664,28.3216133098457,,62.73641315299382,Fast Flip
142,78485,47203,IN,Columbus,"Columbus, IN",Bartholomew County,281936.1368815302,2.6015408079506934,65.41651120908375,89.3584993052339,100.0,,15.428791088050694,76.85939099259697,33.166666666666664,31.708138072882107,,40.93414480943011,Fast Flip
143,75755,40601,KY,Frankfort,"Frankfort, KY",Franklin County,242124.053507891,5.715481434904526,85.54672316540874,84.26354793886057,94.67601582945326,,17.163776552659275,76.85144303840879,36.833333333333336,30.06656100120014,,48.24700297326982,Fast Flip
144,64823,16938,PA,Morris,"Williamsport, PA",Tioga County,228186.35532073188,7.234006985823721,95.36330121333431,83.80037054191754,89.26847880701163,,17.91302154640997,76.84739565074469,37.166666666666664,29.275836891255075,,51.40502503226263,Fast Flip
145,77693,45502,OH,Springfield,"Springfield, OH",Clark County,299554.0144612198,4.130018010485383,75.29742216515837,89.59008800370542,94.74989790887327,,8.992592306406888,76.78824821860931,33.0,30.077364504023667,,13.805958571248794,Fast Flip
146,87152,66401,KS,,"Topeka, KS",Wabaunsee County,283345.02043025626,7.326969705989904,95.96426298016556,97.2325150532654,67.47717143595477,,29.798922340300166,76.78525869167142,27.5,26.089374726685726,,101.5033736514531,Fast Flip
147,87196,66509,KS,Mayetta,"Topeka, KS",Jackson County,295599.25235613127,7.98017058151632,100.0,97.2325150532654,67.47717143595477,,17.564801056601144,76.77891318046164,27.5,26.089374726685726,,49.93729685605614,Fast Flip
148,87165,66416,KS,Circleville,"Topeka, KS",Jackson County,239217.9821047893,8.107040452335823,100.0,97.2325150532654,67.47717143595477,,17.564801056601144,76.77891318046164,27.5,26.089374726685726,,49.93729685605614,Fast Flip
149,76639,43334,OH,Marengo,"Columbus, OH",Morrow County,335006.0543399961,3.8566350245422556,73.53012531798898,98.853635942566,100.0,25.78554502405153,19.644436426949316,76.76762220375421,26.333333333333332,32.47348407681053,0.997430217768835,58.70283340151155,Fast Flip
150,79763,49451,MI,Ravenna,"Muskegon, MI",Muskegon County,288292.67125938385,1.9244890334353357,61.039678970078384,96.53774895785085,89.92665220177297,,26.081062867125986,76.7298801745591,28.0,29.372079148978386,,85.83282219438695,Fast Flip
151,80804,52039,IA,Durango,"Dubuque, IA",Dubuque County,383045.1748162252,7.572959729861103,97.55447676806067,95.84298286243632,69.284160106544,,24.06293942985177,76.7024025151904,28.5,26.353603987124025,,77.32655470399243,Fast Flip
152,79755,49442,MI,Muskegon,"Muskegon, MI",Muskegon County,172575.1427760067,1.8717667323865483,60.69885323764446,96.53774895785085,89.92665220177297,,26.081062867125986,76.67875631469401,28.0,29.372079148978386,,85.83282219438695,Fast Flip
153,79753,49440,MI,Muskegon,"Muskegon, MI",Muskegon County,350530.97072205506,1.8503341357068672,60.56030123372958,96.53774895785085,89.92665220177297,,26.081062867125986,76.65797351410677,28.0,29.372079148978386,,85.83282219438695,Fast Flip
154,78891,47994,IN,Wingate,"Crawfordsville, IN",Montgomery County,211541.75478662943,5.022532335805581,81.06712194274449,89.82167670217693,91.45915092342408,,3.4542426472353247,76.63515500039138,32.833333333333336,29.5961707608602,,-9.537848247564453,Fast Flip
155,87197,66510,KS,Melvern,"Topeka, KS",Osage County,207395.382489452,7.0822280543707805,94.38211935193156,97.2325150532654,67.47717143595477,,31.325976728067545,76.6242898668247,27.5,26.089374726685726,,107.93981497848823,Fast Flip
156,78583,47396,IN,Yorktown,"Muncie, IN",Delaware County,244401.53056237564,5.928182657601398,86.92173997182937,89.82167670217693,85.89990932092816,,13.460147714940529,76.6238325575154,32.833333333333336,28.78326345206875,,32.63643277875006,Fast Flip
157,79742,49425,MI,Holton,"Muskegon, MI",Muskegon County,239888.2835598397,1.81155750362102,60.30962791771195,96.53774895785085,89.92665220177297,,26.081062867125986,76.62037251670414,28.0,29.372079148978386,,85.83282219438695,Fast Flip
158,76464,43017,OH,Dublin,"Columbus, OH",Franklin County,562857.4449313268,3.7816197905385396,73.04518589834265,98.853635942566,100.0,25.78554502405153,17.163776552659275,76.57084829709275,26.333333333333332,32.47348407681053,0.997430217768835,48.24700297326982,Fast Flip
159,80835,52078,IA,Worthington,"Dubuque, IA",Dubuque County,302246.5324925891,7.412978626387397,96.52027158956217,95.84298286243632,69.284160106544,,24.06293942985177,76.54727173841562,28.5,26.353603987124025,,77.32655470399243,Fast Flip
160,87184,66440,KS,Hoyt,"Topeka, KS",Jackson County,283857.1254917092,7.658878869630913,98.10990498647318,97.2325150532654,67.47717143595477,,17.564801056601144,76.49539892843262,27.5,26.089374726685726,,49.93729685605614,Fast Flip
161,77277,44667,OH,Orrville,"Wooster, OH",Wayne County,231581.0563685849,3.279733191084654,69.80071696480067,92.13756368689208,86.58968375698515,,42.54077511900112,76.49271453032867,31.166666666666668,28.884126613014388,,155.20950780410354,Fast Flip
162,65175,17765,PA,Roaring Branch,"Williamsport, PA",Lycoming County,253011.6171961225,6.707712584143789,91.96104692321057,83.80037054191754,89.26847880701163,,20.941427905506025,76.48847782518094,37.166666666666664,29.275836891255075,,64.16957356497093,Fast Flip
163,87990,68419,NE,Panama,"Lincoln, NE",Lancaster County,262769.74135328946,5.475520346235524,83.99548370555338,93.52709587772117,81.39407572968189,,15.729455938554093,76.4687978423836,30.166666666666668,28.124392095069688,,42.201428859604825,Fast Flip
164,77345,44836,OH,Green Springs,"Tiffin, OH",Seneca County,176074.83409972803,7.194546273660244,95.10820563028994,97.00092635479388,67.88773228360083,,25.281407118922406,76.45255849556767,27.666666666666668,26.14940951877054,,82.46232187274236,Fast Flip
165,77602,45341,OH,Medway,"Springfield, OH",Clark County,178826.3494953855,3.767197788356292,72.95195420399038,89.59008800370542,94.74989790887327,,8.992592306406888,76.43642802443411,33.0,30.077364504023667,,13.805958571248794,Fast Flip
166,77069,44214,OH,Burbank,"Wooster, OH",Wayne County,297434.8488823064,3.217081028220692,69.39569918538093,92.13756368689208,86.58968375698515,,42.54077511900112,76.43196186341571,31.166666666666668,28.884126613014388,,155.20950780410354,Fast Flip
167,88055,68532,NE,Lincoln,"Lincoln, NE",Lancaster County,559248.9992610156,5.412114171808116,83.58559158381051,93.52709587772117,81.39407572968189,,15.729455938554093,76.40731402412217,30.166666666666668,28.124392095069688,,42.201428859604825,Fast Flip
168,88033,68503,NE,Lincoln,"Lincoln, NE",Lancaster County,193561.62269972576,5.410509532010908,83.57521831626913,93.52709587772117,81.39407572968189,,15.729455938554093,76.40575803399096,30.166666666666668,28.124392095069688,,42.201428859604825,Fast Flip
169,87231,66552,KS,Whiting,"Topeka, KS",Jackson County,194852.0809879548,7.482191743215368,96.96770295670031,97.2325150532654,67.47717143595477,,17.564801056601144,76.32406862396668,27.5,26.089374726685726,,49.93729685605614,Fast Flip
170,88045,68520,NE,Lincoln,"Lincoln, NE",Lancaster County,577853.2843847944,5.32593351353098,83.02847276701681,93.52709587772117,81.39407572968189,,15.729455938554093,76.32374620160311,30.166666666666668,28.124392095069688,,42.201428859604825,Fast Flip
171,77378,44878,OH,Shiloh,"Mansfield, OH",Richland County,211064.96797374543,3.3304235751803946,70.12840727692875,95.84298286243632,85.27419602676565,,18.62634266829414,76.31417123349814,28.5,28.691767714627815,,54.41163015721497,Fast Flip
172,76456,43008,OH,Buckeye Lake,"Columbus, OH",Licking County,274060.688381539,3.595803525863781,71.84396813572441,98.853635942566,100.0,25.78554502405153,15.486677108295455,76.30681066048183,26.333333333333332,32.47348407681053,0.997430217768835,41.17813086254358,Fast Flip
173,76538,43128,OH,Jeffersonville,"Washington Court House, OH",Fayette County,228845.45095624123,4.342664819897523,76.67208721440501,85.14358499305233,100.0,,0.0,76.30106782972906,36.2,37.04672739352265,,-24.511056564348568,Fast Flip
174,78272,46788,IN,Spencerville,"Fort Wayne, IN",Allen County,440850.2286228815,5.100365532233743,81.57027820968652,92.83232978230662,98.12144512503946,31.35795959009002,15.10412004563958,76.28401635682015,30.666666666666668,30.570373365650845,0.9953697503807503,39.56567612108054,Fast Flip
175,87976,68402,NE,Malcolm,"Lincoln, NE",Lancaster County,499726.0462698668,5.261840977255386,82.61414362763682,93.52709587772117,81.39407572968189,,15.729455938554093,76.26159683069612,30.166666666666668,28.124392095069688,,42.201428859604825,Fast Flip
176,78528,47320,IN,Albany,"Muncie, IN",Delaware County,184893.98943924264,5.551522207560032,84.48680122275157,89.82167670217693,85.89990932092816,,13.460147714940529,76.25859174515372,32.833333333333336,28.78326345206875,,32.63643277875006,Fast Flip
177,77361,44853,OH,New Riegel,"Tiffin, OH",Seneca County,236812.57151469807,6.982836289416082,93.73959673029488,97.00092635479388,67.88773228360083,,25.281407118922406,76.24726716056841,27.666666666666668,26.14940951877054,,82.46232187274236,Fast Flip
178,87935,68336,NE,Davey,"Lincoln, NE",Lancaster County,459233.69447797816,5.224811115981055,82.37476239161924,93.52709587772117,81.39407572968189,,15.729455938554093,76.22568964529349,30.166666666666668,28.124392095069688,,42.201428859604825,Fast Flip
179,78247,46760,IN,Kimmell,"Kendallville, IN",Noble County,236418.6945530756,5.773008274606535,85.91860805825327,87.04261232051874,88.68273094815231,,13.763556126995665,76.21156606430742,34.833333333333336,29.19018515139151,,33.91528077392657,Fast Flip
180,66113,19964,DE,Marydel,"Dover, DE",Kent County,366824.4602371329,6.590741803013901,91.20488394551599,76.15794349235756,100.0,,17.319240564237678,76.20197484236444,42.666666666666664,30.870580184066927,,48.90227432248016,Fast Flip
181,77353,44844,OH,McCutchenville,"Tiffin, OH",Wyandot County,192570.8614496316,7.255889321572376,95.504760576081,97.00092635479388,67.88773228360083,,18.758619777240465,76.18590237035222,27.666666666666668,26.14940951877054,,54.96917012269559,Fast Flip
182,78237,46741,IN,Grabill,"Fort Wayne, IN",Allen County,362585.04383709055,4.978089321459481,80.77981803880328,92.83232978230662,98.12144512503946,31.35795959009002,15.10412004563958,76.16544733118765,30.666666666666668,30.570373365650845,0.9953697503807503,39.56567612108054,Fast Flip
183,78886,47989,IN,Waveland,"Crawfordsville, IN",Montgomery County,208843.04047104053,4.526847358641608,77.86274368083848,89.82167670217693,91.45915092342408,,3.4542426472353247,76.15449826110549,32.833333333333336,29.5961707608602,,-9.537848247564453,Fast Flip
184,88044,68517,NE,Lincoln,"Lincoln, NE",Lancaster County,566591.7824045055,5.0970199779023835,81.54865072031863,93.52709587772117,81.39407572968189,,15.729455938554093,76.10177289459838,30.166666666666668,28.124392095069688,,42.201428859604825,Fast Flip
185,77571,45308,OH,Bradford,"Greenville, OH",Darke County,202794.8790196552,5.732897248239824,85.65930848922537,90.05326540064844,82.74281545710247,,20.601408664393443,76.08331346110604,32.666666666666664,28.3216133098457,,62.73641315299382,Fast Flip
186,84708,60922,IL,,"Kankakee, IL",Iroquois County,211496.5516774224,9.94060524846143,100.0,86.3478462251042,76.61164012677037,,33.92313140388381,76.07081278067325,35.333333333333336,27.425074250404368,,118.88666390674845,Fast Flip
187,77243,44627,OH,Fredericksburg,"Wooster, OH",Holmes County,383359.482111498,4.439741148245892,77.29964158993788,92.13756368689208,86.58968375698515,,11.400460974701987,76.0605375168843,31.166666666666668,28.884126613014388,,23.954978495382964,Fast Flip
188,80811,52046,IA,Farley,"Dubuque, IA",Dubuque County,298093.36603251286,6.897081226690266,93.18522919545613,95.84298286243632,69.284160106544,,24.06293942985177,76.04701537929971,28.5,26.353603987124025,,77.32655470399243,Fast Flip
189,76580,43212,OH,Columbus,"Columbus, OH",Franklin County,419216.3223912706,3.228437198347995,69.46911166784638,98.853635942566,100.0,25.78554502405153,17.163776552659275,76.03443716251832,26.333333333333332,32.47348407681053,0.997430217768835,48.24700297326982,Fast Flip
190,77990,46148,IN,Knightstown,"New Castle, IN",Henry County,220045.1971173352,5.255674931066636,82.574282939338,87.96896711440482,91.25284831430551,,0.7338328454760233,76.02518465179256,34.166666666666664,29.566003894448073,,-21.004210031911295,Fast Flip
191,85528,62513,IL,Blue Mound,"Decatur, IL",Macon County,139016.83228083982,4.2121624893201,75.82844891488875,97.92728114867994,67.66247513034823,,68.9185652451205,76.01036278411436,27.0,26.116470999574975,,266.39028816375975,Fast Flip
192,95292,87068,NM,Bosque Farms,"Albuquerque, NM",Valencia County,422497.65594590735,8.83987821343738,100.0,78.47383047707271,100.0,37.57870140352734,20.19243426842624,75.99120266110224,41.0,31.283354714289107,0.9930695561858673,61.012610959051585,Fast Flip
193,78550,47352,IN,Lewisville,"New Castle, IN",Henry County,214201.00255155828,5.211800903545864,82.29065727681703,87.96896711440482,91.25284831430551,,0.7338328454760233,75.98264080241441,34.166666666666664,29.566003894448073,,-21.004210031911295,Fast Flip
194,78869,47967,IN,New Richmond,"Crawfordsville, IN",Montgomery County,212830.6873560612,4.326442900587306,76.56721987325325,89.82167670217693,91.45915092342408,,3.4542426472353247,75.9601696899677,32.833333333333336,29.5961707608602,,-9.537848247564453,Fast Flip
195,87955,68358,NE,Firth,"Lincoln, NE",Lancaster County,455153.47193339,4.937388508229132,80.51670576555381,93.52709587772117,81.39407572968189,,15.729455938554093,75.94698115138367,30.166666666666668,28.124392095069688,,42.201428859604825,Fast Flip
196,78536,47334,IN,,"Muncie, IN",Delaware County,220402.929380644,5.199116913380579,82.20866104083584,89.82167670217693,85.89990932092816,,13.460147714940529,75.91687071786636,32.833333333333336,28.78326345206875,,32.63643277875006,Fast Flip
197,87913,68313,NE,Beaver Crossing,"Lincoln, NE",Seward County,273194.1475637104,2.6618667811919146,65.80649122903208,93.52709587772117,81.39407572968189,,59.191980023955345,75.91357517517547,30.166666666666668,28.124392095069688,,225.39332329470403,Fast Flip
198,76543,43138,OH,Logan,"Columbus, OH",Hocking County,253387.1955906245,2.67031748493561,65.8611211908458,98.853635942566,100.0,25.78554502405153,25.433347046377204,75.90671711565413,26.333333333333332,32.47348407681053,0.997430217768835,83.10273942180334,Fast Flip
199,76601,43235,OH,Columbus,"Columbus, OH",Franklin County,335872.29088600754,3.079282708159956,68.50489562733055,98.853635942566,100.0,25.78554502405153,17.163776552659275,75.88980475644094,26.333333333333332,32.47348407681053,0.997430217768835,48.24700297326982,Fast Flip
200,417467,60958,IL,Hopkins Park,"Kankakee, IL",Kankakee County,106932.15590847726,18.58183071963513,100.0,86.3478462251042,76.61164012677037,,30.19869245661645,75.88459083330989,35.333333333333336,27.425074250404368,,103.1883803667239,Fast Flip
201,76549,43146,OH,Orient,"Columbus, OH",Pickaway County,346013.1903954859,3.1550972262241004,68.9950020554325,98.853635942566,100.0,25.78554502405153,15.279038774372683,75.8690838317419,26.333333333333332,32.47348407681053,0.997430217768835,40.30294791932752,Fast Flip
202,77106,44276,OH,Sterling,"Wooster, OH",Wayne County,280476.72140825255,2.6361613460319067,65.64031726485257,92.13756368689208,86.58968375698515,,42.54077511900112,75.86865457533645,31.166666666666668,28.884126613014388,,155.20950780410354,Fast Flip
203,79626,49240,MI,Grass Lake,"Jackson, MI",Jackson County,330828.4636798208,6.084850984473239,87.93452955409514,87.73737841593329,84.3666240696784,,17.564801056601144,75.86815794894056,34.333333333333336,28.559056828876933,,49.93729685605614,Fast Flip
204,78239,46743,IN,Harlan,"Fort Wayne, IN",Allen County,266202.9317768636,4.637630900741064,78.5789089681375,92.83232978230662,98.12144512503946,31.35795959009002,15.10412004563958,75.8353109705878,30.666666666666668,30.570373365650845,0.9953697503807503,39.56567612108054,Fast Flip
205,77697,45506,OH,Springfield,"Springfield, OH",Clark County,114905.24927488752,3.1341295932976148,68.85945583101861,89.59008800370542,94.74989790887327,,8.992592306406888,75.82255326848835,33.0,30.077364504023667,,13.805958571248794,Fast Flip
206,65160,17744,PA,Linden,"Williamsport, PA",Lycoming County,251742.1161703072,5.996157722929806,87.36116789828424,83.80037054191754,89.26847880701163,,20.941427905506025,75.79849597144198,37.166666666666664,29.275836891255075,,64.16957356497093,Fast Flip
207,76820,43739,OH,Glenford,"Columbus, OH",Licking County,333034.1446884124,3.069595191475707,68.44227023155506,98.853635942566,100.0,25.78554502405153,15.486677108295455,75.79655597485643,26.333333333333332,32.47348407681053,0.997430217768835,41.17813086254358,Fast Flip
208,76515,43085,OH,Worthington,"Columbus, OH",Franklin County,390785.1123827102,2.9795837762682233,67.8603873109459,98.853635942566,100.0,25.78554502405153,17.163776552659275,75.79312850898324,26.333333333333332,32.47348407681053,0.997430217768835,48.24700297326982,Fast Flip
209,76539,43130,OH,Lancaster,"Columbus, OH",Fairfield County,265602.05628077127,3.093088022068057,68.59414071205958,98.853635942566,100.0,25.78554502405153,14.33038297057497,75.76152184004609,26.333333333333332,32.47348407681053,0.997430217768835,36.30442142963089,Fast Flip
210,78523,47304,IN,Muncie,"Muncie, IN",Delaware County,204995.05464044088,5.022269081726032,81.06542012467712,89.82167670217693,85.89990932092816,,13.460147714940529,75.74538458044256,32.833333333333336,28.78326345206875,,32.63643277875006,Fast Flip
211,78285,46803,IN,Fort Wayne,"Fort Wayne, IN",Allen County,104853.83526073152,4.532109078827231,77.89675831222695,92.83232978230662,98.12144512503946,31.35795959009002,15.10412004563958,75.7329883722012,30.666666666666668,30.570373365650845,0.9953697503807503,39.56567612108054,Fast Flip
212,77113,44287,OH,,"Wooster, OH",Wayne County,246802.77627411243,2.4226919491524197,64.26033456120783,92.13756368689208,86.58968375698515,,42.54077511900112,75.66165716978975,31.166666666666668,28.884126613014388,,155.20950780410354,Fast Flip
213,76824,43748,OH,Junction City,"Columbus, OH",Perry County,212109.58167018247,3.408943239421004,70.6360012465187,98.853635942566,100.0,25.78554502405153,6.146979563932923,75.65863074988286,26.333333333333332,32.47348407681053,0.997430217768835,1.8118740100725055,Fast Flip
214,65044,17350,PA,New Oxford,"Gettysburg, PA",Adams County,289938.3998396678,5.896355018570219,86.71598874002319,91.90597498842057,81.92864903658712,,0.0,75.65665181609745,31.333333333333332,28.2025607697452,,-35.22087812050573,Fast Flip
215,76834,43760,OH,Mount Perry,"Columbus, OH",Perry County,257438.30689871687,3.371894451117126,70.39649765585081,98.853635942566,100.0,25.78554502405153,6.146979563932923,75.62270521128266,26.333333333333332,32.47348407681053,0.997430217768835,1.8118740100725055,Fast Flip
216,76495,43061,OH,Ostrander,"Columbus, OH",Delaware County,490261.32994920993,2.98833415088056,67.9169545088298,98.853635942566,100.0,25.78554502405153,13.460147714940529,75.6164321467799,26.333333333333332,32.47348407681053,0.997430217768835,32.63643277875006,Fast Flip
217,76816,43734,OH,Duncan Falls,"Zanesville, OH",Muskingum County,210896.51829552185,3.209831525790294,69.34883444453179,82.41083835108847,100.0,,27.132862089505966,75.60276169403602,38.166666666666664,32.68581936009434,,90.2660919173912,Fast Flip
218,88046,68521,NE,Lincoln,"Lincoln, NE",Lancaster County,277626.3866660159,4.574604393319551,78.17147122116187,93.52709587772117,81.39407572968189,,15.729455938554093,75.59519596972487,30.166666666666668,28.124392095069688,,42.201428859604825,Fast Flip
219,76478,43033,OH,Kirkersville,"Columbus, OH",Licking County,239646.17651828504,2.8378751832671365,66.9443056141876,98.853635942566,100.0,25.78554502405153,15.486677108295455,75.57186128225132,26.333333333333332,32.47348407681053,0.997430217768835,41.17813086254358,Fast Flip
220,76866,43830,OH,Frazeysburg,"Zanesville, OH",Muskingum County,299179.8503433999,3.16953501661119,69.08833581335882,82.41083835108847,100.0,,27.132862089505966,75.56368689936008,38.166666666666664,32.68581936009434,,90.2660919173912,Fast Flip
221,78558,47360,IN,Mooreland,"New Castle, IN",Henry County,245999.6116124308,4.767698965210196,79.41973993448572,87.96896711440482,91.25284831430551,,0.7338328454760233,75.55200320106472,34.166666666666664,29.566003894448073,,-21.004210031911295,Fast Flip
222,87221,66540,KS,Soldier,"Topeka, KS",Jackson County,282928.60688783583,6.675206346105565,91.75090885700978,97.2325150532654,67.47717143595477,,17.564801056601144,75.5415495090131,27.5,26.089374726685726,,49.93729685605614,Fast Flip
223,88032,68502,NE,Lincoln,"Lincoln, NE",Lancaster County,229472.621640836,4.509652605296828,77.7515874094661,93.52709587772117,81.39407572968189,,15.729455938554093,75.53221339797051,30.166666666666668,28.124392095069688,,42.201428859604825,Fast Flip
224,74553,37916,TN,Knoxville,"Knoxville, TN",Knox County,469773.6911978373,11.682267988302277,100.0,66.89439555349696,100.0,59.112312156618046,5.886286961035119,75.5298152230993,49.333333333333336,32.53614792514818,0.9851072443049699,0.7130705513450136,Fast Flip
225,88052,68528,NE,Lincoln,"Lincoln, NE",Lancaster County,277868.19291176955,4.495434144378426,77.65967151694629,93.52709587772117,81.39407572968189,,15.729455938554093,75.51842601409254,30.166666666666668,28.124392095069688,,42.201428859604825,Fast Flip
226,76570,43201,OH,Columbus,"Columbus, OH",Franklin County,366326.6142779002,2.6772541539793417,65.9059636059235,98.853635942566,100.0,25.78554502405153,17.163776552659275,75.49996495322989,26.333333333333332,32.47348407681053,0.997430217768835,48.24700297326982,Fast Flip
227,65168,17754,PA,Montoursville,"Williamsport, PA",Lycoming County,277668.67581405136,5.645862511472585,85.09666844287311,83.80037054191754,89.26847880701163,,20.941427905506025,75.45882105313031,37.166666666666664,29.275836891255075,,64.16957356497093,Fast Flip
228,84741,60961,IL,Reddick,"Kankakee, IL",Kankakee County,238956.56508948843,7.498025427539079,97.07006053498132,86.3478462251042,76.61164012677037,,30.19869245661645,75.44509991355709,35.333333333333336,27.425074250404368,,103.1883803667239,Fast Flip
229,80836,52079,IA,Zwingle,"Dubuque, IA",Jackson County,369797.1334528625,6.6075528778319095,91.31355990946048,95.84298286243632,69.284160106544,,17.564801056601144,75.44135806773784,28.5,26.353603987124025,,49.93729685605614,Fast Flip
230,77372,44866,OH,Polk,"Ashland, OH",Ashland County,251973.90248868483,2.0522197108470293,61.86539979062518,94.2218619731357,88.77673286226002,,19.424606102505976,75.42287517988159,29.666666666666668,29.203930703120047,,57.776261960103135,Fast Flip
231,78540,47338,IN,Eaton,"Muncie, IN",Delaware County,161927.7811555603,4.671508365080787,78.79791138963472,89.82167670217693,85.89990932092816,,13.460147714940529,75.4052582701862,32.833333333333336,28.78326345206875,,32.63643277875006,Fast Flip
232,76463,43016,OH,Dublin,"Columbus, OH",Franklin County,425022.9575035419,2.5782726775914147,65.26609331353835,98.853635942566,100.0,25.78554502405153,17.163776552659275,75.40398440937211,26.333333333333332,32.47348407681053,0.997430217768835,48.24700297326982,Fast Flip
233,78840,47933,IN,Crawfordsville,"Crawfordsville, IN",Montgomery County,219620.81957246325,3.7486570175077847,72.8320965407506,89.82167670217693,91.45915092342408,,3.4542426472353247,75.3999011900923,32.833333333333336,29.5961707608602,,-9.537848247564453,Fast Flip
234,78280,46797,IN,Woodburn,"Fort Wayne, IN",Allen County,266359.3157426769,4.187308498884821,75.66777915417079,92.83232978230662,98.12144512503946,31.35795959009002,15.10412004563958,75.39864149849278,30.666666666666668,30.570373365650845,0.9953697503807503,39.56567612108054,Fast Flip
235,80810,52045,IA,,"Dubuque, IA",Dubuque County,310551.27134287806,6.216720998033609,88.78700930296257,95.84298286243632,69.284160106544,,24.06293942985177,75.38728239542569,28.5,26.353603987124025,,77.32655470399243,Fast Flip
236,88047,68522,NE,Lincoln,"Lincoln, NE",Lancaster County,267888.6164490396,4.355839481952734,76.7572554213158,93.52709587772117,81.39407572968189,,15.729455938554093,75.38306359974797,30.166666666666668,28.124392095069688,,42.201428859604825,Fast Flip
237,87996,68428,NE,Raymond,"Lincoln, NE",Lancaster County,558098.2841387978,4.3513647699224824,76.72832844023183,93.52709587772117,81.39407572968189,,15.729455938554093,75.37872455258537,30.166666666666668,28.124392095069688,,42.201428859604825,Fast Flip
238,65061,17372,PA,York Springs,"Gettysburg, PA",Adams County,337989.7818039286,5.600576126265709,84.80391252933407,91.90597498842057,81.92864903658712,,0.0,75.36984038449408,31.333333333333332,28.2025607697452,,-35.22087812050573,Fast Flip
239,77642,45389,OH,Christiansburg,"Urbana, OH",Champaign County,145718.7085713084,-1.6599782182797944,37.86772607445848,100.0,94.81405571910192,,19.407238131208235,75.35403474750467,24.0,30.08674606298083,,57.70305701788037,Fast Flip
240,65183,17776,PA,Waterville,"Williamsport, PA",Lycoming County,181830.66961672105,5.529128874123491,84.34203849202245,83.80037054191754,89.26847880701163,,20.941427905506025,75.34562656050271,37.166666666666664,29.275836891255075,,64.16957356497093,Fast Flip
241,78559,47361,IN,Mount Summit,"New Castle, IN",Henry County,144747.21434069518,4.55321907715165,78.03322486428318,87.96896711440482,91.25284831430551,,0.7338328454760233,75.34402594053434,34.166666666666664,29.566003894448073,,-21.004210031911295,Fast Flip
242,78221,46705,IN,Ashley,"Auburn, IN",De Kalb County,188556.7712871124,6.985616266012262,93.75756801646212,94.68503937007874,68.56226703738137,,19.76551415644098,75.33224144916427,29.333333333333332,26.248044237422786,,59.21316866404472,Fast Flip
243,77371,44865,OH,Plymouth,"Mansfield, OH",Richland County,164907.3706011146,2.315636111267733,63.568267188719474,95.84298286243632,85.27419602676565,,18.62634266829414,75.33015022026676,28.5,28.691767714627815,,54.41163015721497,Fast Flip
244,77593,45332,OH,Hollansburg,"Greenville, OH",Darke County,130270.27103666836,4.952236048276082,80.61268836894324,90.05326540064844,82.74281545710247,,20.601408664393443,75.32632044306372,32.666666666666664,28.3216133098457,,62.73641315299382,Fast Flip
245,78251,46765,IN,,"Fort Wayne, IN",Allen County,383651.061410772,4.104026641298385,75.12939976735137,92.83232978230662,98.12144512503946,31.35795959009002,15.10412004563958,75.31788459046986,30.666666666666668,30.570373365650845,0.9953697503807503,39.56567612108054,Fast Flip
246,79638,49254,MI,Michigan Center,"Jackson, MI",Jackson County,198245.17168418,5.5048443643980285,84.18505016546364,87.73737841593329,84.3666240696784,,17.564801056601144,75.30573604064584,34.333333333333336,28.559056828876933,,49.93729685605614,Fast Flip
247,79652,49269,MI,Parma,"Jackson, MI",Jackson County,248776.2779617456,5.477577901240941,84.00878486422427,87.73737841593329,84.3666240696784,,17.564801056601144,75.27929624545995,34.333333333333336,28.559056828876933,,49.93729685605614,Fast Flip
248,80792,52001,IA,Dubuque,"Dubuque, IA",Dubuque County,200932.0619736378,6.101634162139842,88.0430251756253,95.84298286243632,69.284160106544,,24.06293942985177,75.2756847763251,28.5,26.353603987124025,,77.32655470399243,Fast Flip
249,76839,43767,OH,Norwich,"Zanesville, OH",Muskingum County,270566.37359806645,2.8647370312398523,67.11795526201608,82.41083835108847,100.0,,27.132862089505966,75.26812981665867,38.166666666666664,32.68581936009434,,90.2660919173912,Fast Flip
250,76597,43230,OH,Gahanna,"Columbus, OH",Franklin County,332819.16888083244,2.435233874480935,64.34141241253809,98.853635942566,100.0,25.78554502405153,17.163776552659275,75.26528227422207,26.333333333333332,32.47348407681053,0.997430217768835,48.24700297326982,Fast Flip
251,65005,17301,PA,Abbottstown,"Gettysburg, PA",Adams County,320981.9032484642,5.4788938262200055,84.01729172158626,91.90597498842057,81.92864903658712,,0.0,75.25184726333191,31.333333333333332,28.2025607697452,,-35.22087812050573,Fast Flip
252,65046,17353,PA,Orrtanna,"Gettysburg, PA",Adams County,315127.2220596168,5.444136161475157,83.79259920421315,91.90597498842057,81.92864903658712,,0.0,75.21814338572595,31.333333333333332,28.2025607697452,,-35.22087812050573,Fast Flip
253,76558,43155,OH,Sugar Grove,"Columbus, OH",Fairfield County,338811.16753500723,2.5237533265070646,64.91365046875526,98.853635942566,100.0,25.78554502405153,14.33038297057497,75.20944830355045,26.333333333333332,32.47348407681053,0.997430217768835,36.30442142963089,Fast Flip
254,65018,17316,PA,East Berlin,"Gettysburg, PA",Adams County,344019.3540940338,5.432264917057406,83.71585700038106,91.90597498842057,81.92864903658712,,0.0,75.20663205515113,31.333333333333332,28.2025607697452,,-35.22087812050573,Fast Flip
255,85047,61547,IL,,"Peoria, IL",Peoria County,266556.1988061171,8.732275379509092,100.0,100.0,69.76764918621011,28.232351592901068,42.302455773016305,75.20350540378357,25.166666666666668,26.424302804460005,0.9965254815758762,154.20500626190812,Fast Flip
256,84986,61451,IL,Laura,"Peoria, IL",Peoria County,176203.61849524034,8.138714163754447,100.0,100.0,69.76764918621011,28.232351592901068,42.302455773016305,75.20350540378357,25.166666666666668,26.424302804460005,0.9965254815758762,154.20500626190812,Fast Flip
257,85022,61517,IL,Brimfield,"Peoria, IL",Peoria County,280943.7626609857,10.824811600756657,100.0,100.0,69.76764918621011,28.232351592901068,42.302455773016305,75.20350540378357,25.166666666666668,26.424302804460005,0.9965254815758762,154.20500626190812,Fast Flip
258,85025,61523,IL,Chillicothe,"Peoria, IL",Peoria County,177198.70011479416,10.099052628233004,100.0,100.0,69.76764918621011,28.232351592901068,42.302455773016305,75.20350540378357,25.166666666666668,26.424302804460005,0.9965254815758762,154.20500626190812,Fast Flip
259,85034,61533,IL,Glasford,"Peoria, IL",Peoria County,187215.48835575776,12.667682361636668,100.0,100.0,69.76764918621011,28.232351592901068,42.302455773016305,75.20350540378357,25.166666666666668,26.424302804460005,0.9965254815758762,154.20500626190812,Fast Flip
260,85073,61606,IL,Peoria,"Peoria, IL",Peoria County,118713.1442602552,9.006401517069216,100.0,100.0,69.76764918621011,28.232351592901068,42.302455773016305,75.20350540378357,25.166666666666668,26.424302804460005,0.9965254815758762,154.20500626190812,Fast Flip
261,85064,61569,IL,Trivoli,"Peoria, IL",Peoria County,256564.44912550724,12.97415842336008,100.0,100.0,69.76764918621011,28.232351592901068,42.302455773016305,75.20350540378357,25.166666666666668,26.424302804460005,0.9965254815758762,154.20500626190812,Fast Flip
262,85071,61604,IL,Peoria,"Peoria, IL",Peoria County,104644.80965928224,8.110424568006627,100.0,100.0,69.76764918621011,28.232351592901068,42.302455773016305,75.20350540378357,25.166666666666668,26.424302804460005,0.9965254815758762,154.20500626190812,Fast Flip
263,85028,61526,IL,Edelstein,"Peoria, IL",Peoria County,272083.3746106532,11.127285942923255,100.0,100.0,69.76764918621011,28.232351592901068,42.302455773016305,75.20350540378357,25.166666666666668,26.424302804460005,0.9965254815758762,154.20500626190812,Fast Flip
264,85079,61614,IL,Peoria,"Peoria, IL",Peoria County,193158.9352101532,9.592322067241925,100.0,100.0,69.76764918621011,28.232351592901068,42.302455773016305,75.20350540378357,25.166666666666668,26.424302804460005,0.9965254815758762,154.20500626190812,Fast Flip
265,85030,61529,IL,Elmwood,"Peoria, IL",Peoria County,177991.4772379461,8.417878769677168,100.0,100.0,69.76764918621011,28.232351592901068,42.302455773016305,75.20350540378357,25.166666666666668,26.424302804460005,0.9965254815758762,154.20500626190812,Fast Flip
266,85037,61536,IL,Hanna City,"Peoria, IL",Peoria County,218700.84586645008,10.564349655304158,100.0,100.0,69.76764918621011,28.232351592901068,42.302455773016305,75.20350540378357,25.166666666666668,26.424302804460005,0.9965254815758762,154.20500626190812,Fast Flip
267,85080,61615,IL,Peoria,"Peoria, IL",Peoria County,242444.5724709381,9.541407909589338,100.0,100.0,69.76764918621011,28.232351592901068,42.302455773016305,75.20350540378357,25.166666666666668,26.424302804460005,0.9965254815758762,154.20500626190812,Fast Flip
268,78887,47990,IN,Waynetown,"Crawfordsville, IN",Montgomery County,197759.7228965908,3.5460346889261327,71.52223520745254,89.82167670217693,91.45915092342408,,3.4542426472353247,75.2034219900976,32.833333333333336,29.5961707608602,,-9.537848247564453,Fast Flip
269,80817,52053,IA,,"Dubuque, IA",Dubuque County,323428.2154306423,6.0088254327988,87.44305888954361,95.84298286243632,69.284160106544,,24.06293942985177,75.18568983341284,28.5,26.353603987124025,,77.32655470399243,Fast Flip
270,65150,17728,PA,Cogan Station,"Williamsport, PA",Lycoming County,273144.8927432688,5.343716474135148,83.14343153118664,83.80037054191754,89.26847880701163,,20.941427905506025,75.16583551637733,37.166666666666664,29.275836891255075,,64.16957356497093,Fast Flip
271,85081,61616,IL,Peoria Heights,"Peoria, IL",Peoria County,113547.13149382318,7.910656588097453,99.73753359144419,100.0,69.76764918621011,28.232351592901068,42.302455773016305,75.1641354425002,25.166666666666668,26.424302804460005,0.9965254815758762,154.20500626190812,Fast Flip
272,77698,45601,OH,Chillicothe,"Chillicothe, OH",Ross County,194214.2074744237,3.3188079166984257,70.05331732009708,87.50578971746178,90.80310360791697,,26.19160593684689,75.14538019794776,34.5,29.5002393918315,,86.29875450699384,Fast Flip
273,88037,68507,NE,Lincoln,"Lincoln, NE",Lancaster County,240817.7601263316,4.106511355435825,75.14546231581637,93.52709587772117,81.39407572968189,,15.729455938554093,75.14129463392305,30.166666666666668,28.124392095069688,,42.201428859604825,Fast Flip
274,76658,43358,OH,West Mansfield,"Columbus, OH",Union County,260474.64541466616,3.18320480066034,69.17670475910067,98.853635942566,100.0,25.78554502405153,0.0,75.1323872985735,26.333333333333332,32.47348407681053,0.997430217768835,-37.512255635026634,Fast Flip
275,78554,47356,IN,Middletown,"New Castle, IN",Henry County,237137.3649242792,4.321295261311845,76.53394272313909,87.96896711440482,91.25284831430551,,0.7338328454760233,75.11913361936273,34.166666666666664,29.566003894448073,,-21.004210031911295,Fast Flip
276,65158,17740,PA,Jersey Shore,"Williamsport, PA",Lycoming County,210775.8233341025,5.294553744386782,82.82561681062975,83.80037054191754,89.26847880701163,,20.941427905506025,75.1181633082938,37.166666666666664,29.275836891255075,,64.16957356497093,Fast Flip
277,399594,49037,MI,Battle Creek,"Battle Creek, MI",Calhoun County,125113.4090674999,6.891134142439098,93.14678399664216,93.52709587772117,70.18479014320687,,17.212284227309308,75.1133129038659,30.166666666666668,26.485299781563263,,48.45145987035016,Fast Flip
278,78576,47386,IN,Springport,"New Castle, IN",Henry County,251424.1647877053,4.314857697896047,76.49232679927702,87.96896711440482,91.25284831430551,,0.7338328454760233,75.1128912307834,34.166666666666664,29.566003894448073,,-21.004210031911295,Fast Flip
279,77373,44867,OH,Republic,"Tiffin, OH",Seneca County,214316.67617641544,5.8060362117215245,86.1321186720556,97.00092635479388,67.88773228360083,,25.281407118922406,75.10614545183252,27.666666666666668,26.14940951877054,,82.46232187274236,Fast Flip
280,76589,43221,OH,Upper Arlington,"Columbus, OH",Franklin County,444813.0227900488,2.2481176267428657,63.1317908498032,98.853635942566,100.0,25.78554502405153,17.163776552659275,75.08383903981185,26.333333333333332,32.47348407681053,0.997430217768835,48.24700297326982,Fast Flip
281,78245,46755,IN,Kendallville,"Kendallville, IN",Noble County,215820.99064688428,4.601830364802302,78.34747476211594,87.04261232051874,88.68273094815231,,13.763556126995665,75.07589606988681,34.833333333333336,29.19018515139151,,33.91528077392657,Fast Flip
282,80819,52056,IA,Luxemburg,"Dubuque, IA",Dubuque County,226727.0576117883,5.870089252303299,86.54619248971203,95.84298286243632,69.284160106544,,24.06293942985177,75.0511598734381,28.5,26.353603987124025,,77.32655470399243,Fast Flip
283,76471,43026,OH,Hilliard,"Columbus, OH",Franklin County,370272.3734054907,2.1994676324728113,62.81729073125463,98.853635942566,100.0,25.78554502405153,17.163776552659275,75.03666402202956,26.333333333333332,32.47348407681053,0.997430217768835,48.24700297326982,Fast Flip
284,65140,17701,PA,Williamsport,"Williamsport, PA",Lycoming County,192277.98667751308,5.205817454832727,82.25197699827136,83.80037054191754,89.26847880701163,,20.941427905506025,75.03211733644004,37.166666666666664,29.275836891255075,,64.16957356497093,Fast Flip
285,67998,24127,VA,New Castle,"Roanoke, VA",Craig County,212154.77253345383,6.387195809044269,89.8890515349675,78.2422417786012,100.0,34.52937323412631,45.058600653723005,75.02694703226696,41.166666666666664,33.11355642455492,0.9941970819961169,165.82198922962888,Fast Flip
286,76458,43010,OH,Catawba,"Springfield, OH",Clark County,185384.94724622543,2.3082863772648126,63.520754496274165,89.59008800370542,94.74989790887327,,8.992592306406888,75.02174806827668,33.0,30.077364504023667,,13.805958571248794,Fast Flip
287,78296,46819,IN,Fort Wayne,"Fort Wayne, IN",Allen County,215822.8746677005,3.794753774585184,73.13009114040199,92.83232978230662,98.12144512503946,31.35795959009002,15.10412004563958,75.01798829642746,30.666666666666668,30.570373365650845,0.9953697503807503,39.56567612108054,Fast Flip
288,78249,46763,IN,Laotto,"Kendallville, IN",Noble County,332516.6619350328,4.531880329253924,77.89527955012221,87.04261232051874,88.68273094815231,,13.763556126995665,75.00806678808775,34.833333333333336,29.19018515139151,,33.91528077392657,Fast Flip
289,65155,17737,PA,Hughesville,"Williamsport, PA",Lycoming County,244192.6984890616,5.166576368642301,81.99830119739957,83.80037054191754,89.26847880701163,,20.941427905506025,74.99406596630928,37.166666666666664,29.275836891255075,,64.16957356497093,Fast Flip
290,78291,46809,IN,Fort Wayne,"Fort Wayne, IN",Allen County,178340.3958871665,3.7678160666708758,72.95595109250291,92.83232978230662,98.12144512503946,31.35795959009002,15.10412004563958,74.99186728924259,30.666666666666668,30.570373365650845,0.9953697503807503,39.56567612108054,Fast Flip
291,76511,43081,OH,Westerville,"Columbus, OH",Franklin County,347172.6229815167,2.143524059062631,62.45564093594598,98.853635942566,100.0,25.78554502405153,17.163776552659275,74.98241655273326,26.333333333333332,32.47348407681053,0.997430217768835,48.24700297326982,Fast Flip
292,76552,43149,OH,Rockbridge,"Columbus, OH",Hocking County,335829.29110621946,1.7107831807402853,59.6581676869725,98.853635942566,100.0,25.78554502405153,25.433347046377204,74.97627409007313,26.333333333333332,32.47348407681053,0.997430217768835,83.10273942180334,Fast Flip
293,79765,49453,MI,Saugatuck,"Holland, MI",Allegan County,606449.6860690258,6.718091768627725,92.02814363718993,89.82167670217693,75.48816844872697,,17.176562487765754,74.97267862791044,32.833333333333336,27.260793148123863,,48.30089491175175,Fast Flip
294,74425,37694,TN,Watauga,"Johnson City, TN",Carter County,233995.1207513051,6.32237096442025,89.46998835469296,74.30523390458544,100.0,,10.87325268707903,74.9709927541628,44.0,34.38620814854661,,21.73282764234553,Fast Flip
295,88034,68504,NE,Lincoln,"Lincoln, NE",Lancaster County,215028.31754194657,3.930346904836414,74.00663914782143,93.52709587772117,81.39407572968189,,15.729455938554093,74.97047115872381,30.166666666666668,28.124392095069688,,42.201428859604825,Fast Flip
296,76522,43105,OH,Baltimore,"Columbus, OH",Fairfield County,384136.9842807709,2.2583589436088634,63.197996312245195,98.853635942566,100.0,25.78554502405153,14.33038297057497,74.95210018007393,26.333333333333332,32.47348407681053,0.997430217768835,36.30442142963089,Fast Flip
297,87207,66523,KS,Osage City,"Topeka, KS",Osage County,185568.9716870938,5.32039404257733,82.99266260305362,97.2325150532654,67.47717143595477,,31.325976728067545,74.91587135449299,27.5,26.089374726685726,,107.93981497848823,Fast Flip
298,88041,68512,NE,Lincoln,"Lincoln, NE",Lancaster County,340140.49064074614,3.8673115192886702,73.59914400779172,93.52709587772117,81.39407572968189,,15.729455938554093,74.90934688771935,30.166666666666668,28.124392095069688,,42.201428859604825,Fast Flip
299,77758,45690,OH,Waverly,"Chillicothe, OH",Pike County,168550.4443820476,1.7582846433167143,59.965243069727734,87.50578971746178,90.80310360791697,,51.72278173380417,74.90872785024023,34.5,29.5002393918315,,193.9111069835764,Fast Flip
300,76521,43103,OH,Ashville,"Columbus, OH",Pickaway County,345974.4030401318,2.1458408245724176,62.4706177728071,98.853635942566,100.0,25.78554502405153,15.279038774372683,74.8904261893481,26.333333333333332,32.47348407681053,0.997430217768835,40.30294791932752,Fast Flip
301,65169,17756,PA,Muncy,"Williamsport, PA",Lycoming County,265188.46052778,5.048543305383361,81.23527104817637,83.80037054191754,89.26847880701163,,20.941427905506025,74.8796114439258,37.166666666666664,29.275836891255075,,64.16957356497093,Fast Flip
302,78276,46793,IN,Waterloo,"Auburn, IN",De Kalb County,240941.5802708545,6.509495216699143,90.67966166314902,94.68503937007874,68.56226703738137,,19.76551415644098,74.87055549616731,29.333333333333332,26.248044237422786,,59.21316866404472,Fast Flip
303,84889,61313,IL,Blackstone,"Pontiac, IL",Livingston County,257074.9929588499,9.906765015915314,100.0,93.29550717924965,68.8439180894863,,0.0,74.86440703510895,30.333333333333332,26.289229027571515,,-26.538521100052304,Fast Flip
304,84895,61319,IL,Cornell,"Pontiac, IL",Livingston County,166786.1614027382,13.530888730558722,100.0,93.29550717924965,68.8439180894863,,0.0,74.86440703510895,30.333333333333332,26.289229027571515,,-26.538521100052304,Fast Flip
305,84713,60929,IL,Cullom,"Pontiac, IL",Livingston County,135597.7412080555,11.110919780285137,100.0,93.29550717924965,68.8439180894863,,0.0,74.86440703510895,30.333333333333332,26.289229027571515,,-26.538521100052304,Fast Flip
306,85127,61741,IL,Forrest,"Pontiac, IL",Livingston County,161143.1792404681,13.581696766689413,100.0,93.29550717924965,68.8439180894863,,0.0,74.86440703510895,30.333333333333332,26.289229027571515,,-26.538521100052304,Fast Flip
307,85129,61743,IL,Graymont,"Pontiac, IL",Livingston County,190069.0481935201,8.883342242500039,100.0,93.29550717924965,68.8439180894863,,0.0,74.86440703510895,30.333333333333332,26.289229027571515,,-26.538521100052304,Fast Flip
308,85125,61739,IL,Fairbury,"Pontiac, IL",Livingston County,182158.5458099853,10.853319752340674,100.0,93.29550717924965,68.8439180894863,,0.0,74.86440703510895,30.333333333333332,26.289229027571515,,-26.538521100052304,Fast Flip
309,85147,61769,IL,Forrest,"Pontiac, IL",Livingston County,133045.70713242164,16.44214610141736,100.0,93.29550717924965,68.8439180894863,,0.0,74.86440703510895,30.333333333333332,26.289229027571515,,-26.538521100052304,Fast Flip
310,84511,60460,IL,Odell,"Pontiac, IL",Livingston County,178278.97829124462,10.726630781090158,100.0,93.29550717924965,68.8439180894863,,0.0,74.86440703510895,30.333333333333332,26.289229027571515,,-26.538521100052304,Fast Flip
311,84472,60420,IL,Dwight,"Pontiac, IL",Livingston County,191438.11827533093,8.47854869304424,100.0,93.29550717924965,68.8439180894863,,0.0,74.86440703510895,30.333333333333332,26.289229027571515,,-26.538521100052304,Fast Flip
312,85126,61740,IL,Flanagan,"Pontiac, IL",Livingston County,154719.46313358212,12.749740487437114,100.0,93.29550717924965,68.8439180894863,,0.0,74.86440703510895,30.333333333333332,26.289229027571515,,-26.538521100052304,Fast Flip
313,84718,60934,IL,Emington,"Pontiac, IL",Livingston County,202038.41950177963,10.348244148348988,100.0,93.29550717924965,68.8439180894863,,0.0,74.86440703510895,30.333333333333332,26.289229027571515,,-26.538521100052304,Fast Flip
314,84707,60921,IL,Chatsworth,"Pontiac, IL",Livingston County,98195.29287690518,10.388809637035285,100.0,93.29550717924965,68.8439180894863,,0.0,74.86440703510895,30.333333333333332,26.289229027571515,,-26.538521100052304,Fast Flip
315,85146,61764,IL,Pontiac,"Pontiac, IL",Livingston County,146724.9744885289,8.23780539780403,100.0,93.29550717924965,68.8439180894863,,0.0,74.86440703510895,30.333333333333332,26.289229027571515,,-26.538521100052304,Fast Flip
316,88024,68461,NE,Walton,"Lincoln, NE",Lancaster County,723109.2351109916,3.804988393614987,73.19625330437482,93.52709587772117,81.39407572968189,,15.729455938554093,74.84891328220682,30.166666666666668,28.124392095069688,,42.201428859604825,Fast Flip
317,84909,61333,IL,Long Point,"Pontiac, IL",Livingston County,144193.48120108375,7.9295200218175115,99.85947712361111,93.29550717924965,68.8439180894863,,0.0,74.84332860365062,30.333333333333332,26.289229027571515,,-26.538521100052304,Fast Flip
318,76490,43054,OH,New Albany,"Columbus, OH",Franklin County,562237.7235124297,1.9889918888432656,61.456660636302374,98.853635942566,100.0,25.78554502405153,17.163776552659275,74.83256950778672,26.333333333333332,32.47348407681053,0.997430217768835,48.24700297326982,Fast Flip
319,76562,43160,OH,Washington Court House,"Washington Court House, OH",Fayette County,219736.7155057808,2.8260616243591365,66.86793632097819,85.14358499305233,100.0,,0.0,74.83044519571504,36.2,37.04672739352265,,-24.511056564348568,Fast Flip
320,76524,43107,OH,Bremen,"Columbus, OH",Fairfield County,280331.54022923805,2.117926256762383,62.29016276932333,98.853635942566,100.0,25.78554502405153,14.33038297057497,74.81592514863566,26.333333333333332,32.47348407681053,0.997430217768835,36.30442142963089,Fast Flip
321,76849,43783,OH,Somerset,"Columbus, OH",Perry County,299303.6281880033,2.522250610762304,64.90393609392412,98.853635942566,100.0,25.78554502405153,6.146979563932923,74.79882097699367,26.333333333333332,32.47348407681053,0.997430217768835,1.8118740100725055,Fast Flip
322,76649,43345,OH,Ridgeway,"Bellefontaine, OH",Hardin County,231734.1969153825,7.965886959366028,100.0,81.25289485873088,83.6830189315296,,8.623542536666728,74.79044506027154,39.0,28.459095781514097,,12.250436247540817,Fast Flip
323,78573,47383,IN,Selma,"Muncie, IN",Delaware County,229856.30320952053,4.0323336088076065,74.66593687170752,89.82167670217693,85.89990932092816,,13.460147714940529,74.78546209249711,32.833333333333336,28.78326345206875,,32.63643277875006,Fast Flip
324,78217,46701,IN,Albion,"Kendallville, IN",Noble County,256715.793049391,4.272513094135016,76.21858816677458,87.04261232051874,88.68273094815231,,13.763556126995665,74.75656308058561,34.833333333333336,29.19018515139151,,33.91528077392657,Fast Flip
325,76582,43214,OH,Columbus,"Columbus, OH",Franklin County,390706.8941724964,1.904691059749673,60.91169406145538,98.853635942566,100.0,25.78554502405153,17.163776552659275,74.75082452155966,26.333333333333332,32.47348407681053,0.997430217768835,48.24700297326982,Fast Flip
326,76482,43040,OH,Marysville,"Columbus, OH",Union County,364810.9220217676,2.789683578396889,66.63276877493112,98.853635942566,100.0,25.78554502405153,0.0,74.75079690094807,26.333333333333332,32.47348407681053,0.997430217768835,-37.512255635026634,Fast Flip
327,78858,47954,IN,Ladoga,"Crawfordsville, IN",Montgomery County,225858.1422841642,3.0663015840407133,68.42097855528047,89.82167670217693,91.45915092342408,,3.4542426472353247,74.73823349227177,32.833333333333336,29.5961707608602,,-9.537848247564453,Fast Flip
328,87194,66507,KS,Maple Hill,"Topeka, KS",Wabaunsee County,288296.4892502585,5.207980465339557,82.26595987886624,97.2325150532654,67.47717143595477,,29.798922340300166,74.73051322647653,27.5,26.089374726685726,,101.5033736514531,Fast Flip
329,76557,43154,OH,Stoutsville,"Columbus, OH",Fairfield County,314892.9966431748,2.029021176442254,61.715431801318644,98.853635942566,100.0,25.78554502405153,14.33038297057497,74.72971550343495,26.333333333333332,32.47348407681053,0.997430217768835,36.30442142963089,Fast Flip
330,76531,43116,OH,Commercial Point,"Columbus, OH",Pickaway County,420841.1829201609,1.9616205519768812,61.27971737416084,98.853635942566,100.0,25.78554502405153,15.279038774372683,74.71179112955116,26.333333333333332,32.47348407681053,0.997430217768835,40.30294791932752,Fast Flip
331,76467,43021,OH,Galena,"Columbus, OH",Delaware County,627073.4823810202,2.0530749348980604,61.87092842571489,98.853635942566,100.0,25.78554502405153,13.460147714940529,74.70952823431266,26.333333333333332,32.47348407681053,0.997430217768835,32.63643277875006,Fast Flip
332,87933,68333,NE,Crete,"Lincoln, NE",Saline County,238430.1058687456,3.9976448809670835,74.44169000011316,93.52709587772117,81.39407572968189,,9.111023708934187,74.70480717508656,30.166666666666668,28.124392095069688,,14.305139726649504,Fast Flip
333,65040,17344,PA,McSherrystown,"Gettysburg, PA",Adams County,240321.8546874534,4.91059672343396,80.34350904434893,91.90597498842057,81.92864903658712,,0.0,74.70077986174631,31.333333333333332,28.2025607697452,,-35.22087812050573,Fast Flip
334,85055,61559,IL,Princeville,"Peoria, IL",Peoria County,218273.2739789488,7.417009107244183,96.54632681785738,100.0,69.76764918621011,28.232351592901068,42.302455773016305,74.68545442646217,25.166666666666668,26.424302804460005,0.9965254815758762,154.20500626190812,Fast Flip
335,79332,48722,MI,Bridgeport,"Saginaw, MI",Saginaw County,169771.12992295905,9.158612627489365,100.0,88.20055581287633,66.24754293323345,,45.00506844809853,74.68233369021999,34.0,25.90957070512428,,165.5963542402213,Fast Flip
336,79299,48637,MI,Merrill,"Saginaw, MI",Saginaw County,190404.11970980265,8.053569370040687,100.0,88.20055581287633,66.24754293323345,,45.00506844809853,74.68233369021999,34.0,25.90957070512428,,165.5963542402213,Fast Flip
337,79190,48417,MI,Burt,"Saginaw, MI",Saginaw County,197470.7345241912,9.593496974838859,100.0,88.20055581287633,66.24754293323345,,45.00506844809853,74.68233369021999,34.0,25.90957070512428,,165.5963542402213,Fast Flip
338,79188,48415,MI,Birch Run,"Saginaw, MI",Saginaw County,227535.33963136523,8.503967509725296,100.0,88.20055581287633,66.24754293323345,,45.00506844809853,74.68233369021999,34.0,25.90957070512428,,165.5963542402213,Fast Flip
339,79278,48616,MI,Chesaning,"Saginaw, MI",Saginaw County,205006.53008559687,8.253731372644427,100.0,88.20055581287633,66.24754293323345,,45.00506844809853,74.68233369021999,34.0,25.90957070512428,,165.5963542402213,Fast Flip
340,79691,49323,MI,Dorr,"Holland, MI",Allegan County,367009.88211036654,6.417178242923449,90.0828743534664,89.82167670217693,75.48816844872697,,17.176562487765754,74.6808882353519,32.833333333333336,27.260793148123863,,48.30089491175175,Fast Flip
341,88043,68516,NE,Lincoln,"Lincoln, NE",Lancaster County,376804.54689684976,3.628278979974063,72.05390719781161,93.52709587772117,81.39407572968189,,15.729455938554093,74.67756136622233,30.166666666666668,28.124392095069688,,42.201428859604825,Fast Flip
342,76491,43055,OH,Newark,"Columbus, OH",Licking County,240242.0582373953,1.8762976701638512,60.728143692648175,98.853635942566,100.0,25.78554502405153,15.486677108295455,74.6394369940204,26.333333333333332,32.47348407681053,0.997430217768835,41.17813086254358,Fast Flip
343,85050,61552,IL,Mossville,"Peoria, IL",Peoria County,119744.58950826337,7.349658625604295,96.11093654129397,100.0,69.76764918621011,28.232351592901068,42.302455773016305,74.62014588497766,25.166666666666668,26.424302804460005,0.9965254815758762,154.20500626190812,Fast Flip
344,84719,60935,IL,Essex,"Kankakee, IL",Kankakee County,271936.89900267567,6.646232707982852,91.56360744493158,86.3478462251042,76.61164012677037,,30.19869245661645,74.61913195004962,35.333333333333336,27.425074250404368,,103.1883803667239,Fast Flip
345,88051,68527,NE,Lincoln,"Lincoln, NE",Lancaster County,512476.4726618382,3.5649967741414503,71.64481647673371,93.52709587772117,81.39407572968189,,15.729455938554093,74.61619775806065,30.166666666666668,28.124392095069688,,42.201428859604825,Fast Flip
346,79300,48638,MI,Saginaw,"Saginaw, MI",Saginaw County,192344.4994760102,7.873339063739712,99.49629274423461,88.20055581287633,66.24754293323345,,45.00506844809853,74.60677760185519,34.0,25.90957070512428,,165.5963542402213,Fast Flip
347,76512,43082,OH,Westerville,"Columbus, OH",Delaware County,531534.8600953406,1.9410861421731584,61.146971740487224,98.853635942566,100.0,25.78554502405153,13.460147714940529,74.60093473152851,26.333333333333332,32.47348407681053,0.997430217768835,32.63643277875006,Fast Flip
348,76588,43220,OH,Upper Arlington,"Columbus, OH",Franklin County,355561.9917705983,1.7323198799426005,59.79739266641801,98.853635942566,100.0,25.78554502405153,17.163776552659275,74.58367931230406,26.333333333333332,32.47348407681053,0.997430217768835,48.24700297326982,Fast Flip
349,76559,43156,OH,Tarlton,"Columbus, OH",Pickaway County,162618.85669674995,1.8191366154002222,60.35862343330894,98.853635942566,100.0,25.78554502405153,15.279038774372683,74.57362703842338,26.333333333333332,32.47348407681053,0.997430217768835,40.30294791932752,Fast Flip
350,76476,43031,OH,Johnstown,"Columbus, OH",Licking County,423812.7928341133,1.8029479549760676,60.25397109575105,98.853635942566,100.0,25.78554502405153,15.486677108295455,74.56831110448583,26.333333333333332,32.47348407681053,0.997430217768835,41.17813086254358,Fast Flip
351,76462,43015,OH,Delaware,"Columbus, OH",Delaware County,399981.1291948836,1.8991509279921202,60.87587962569505,98.853635942566,100.0,25.78554502405153,13.460147714940529,74.5602709143097,26.333333333333332,32.47348407681053,0.997430217768835,32.63643277875006,Fast Flip
352,95274,87042,NM,Los Lunas,"Albuquerque, NM",Valencia County,397519.2884377231,6.474029697741217,90.45039318976052,78.47383047707271,100.0,37.57870140352734,20.19243426842624,74.5587616395663,41.0,31.283354714289107,0.9930695561858673,61.012610959051585,Fast Flip
353,85029,61528,IL,Edwards,"Peoria, IL",Peoria County,361210.260781073,7.283252742819846,95.68165266734113,100.0,69.76764918621011,28.232351592901068,42.302455773016305,74.55575330388473,25.166666666666668,26.424302804460005,0.9965254815758762,154.20500626190812,Fast Flip
354,85112,61726,IL,Chenoa,"Pontiac, IL",Livingston County,162519.7208960566,7.627312268048514,97.90584124322315,93.29550717924965,68.8439180894863,,0.0,74.55028322159242,30.333333333333332,26.289229027571515,,-26.538521100052304,Fast Flip
355,78859,47955,IN,Linden,"Crawfordsville, IN",Montgomery County,180050.30815239868,2.845975270290572,66.99666899813752,89.82167670217693,91.45915092342408,,3.4542426472353247,74.52458705870033,32.833333333333336,29.5961707608602,,-9.537848247564453,Fast Flip
356,76528,43112,OH,Carroll,"Columbus, OH",Fairfield County,416803.0265634377,1.7999932507958287,60.234870275105465,98.853635942566,100.0,25.78554502405153,14.33038297057497,74.50763127450297,26.333333333333332,32.47348407681053,0.997430217768835,36.30442142963089,Fast Flip
357,76474,43029,OH,Irwin,"Columbus, OH",Madison County,334551.2189544111,1.6983073385672847,59.577517033230954,98.853635942566,100.0,25.78554502405153,16.292524886788726,74.50713538403248,26.333333333333332,32.47348407681053,0.997430217768835,44.574730215089794,Fast Flip
358,80794,52003,IA,Dubuque,"Dubuque, IA",Dubuque County,324799.1696378526,5.305915520825413,82.89906553535181,95.84298286243632,69.284160106544,,24.06293942985177,74.50409083028406,28.5,26.353603987124025,,77.32655470399243,Fast Flip
359,88025,68462,NE,Waverly,"Lincoln, NE",Lancaster County,335494.3260276308,3.443911356957193,70.86205424561066,93.52709587772117,81.39407572968189,,15.729455938554093,74.4987834233922,30.166666666666668,28.124392095069688,,42.201428859604825,Fast Flip
360,76534,43123,OH,Grove City,"Columbus, OH",Franklin County,321729.60729638994,1.6443720189656577,59.22884968674561,98.853635942566,100.0,25.78554502405153,17.163776552659275,74.4983978653532,26.333333333333332,32.47348407681053,0.997430217768835,48.24700297326982,Fast Flip
361,79285,48623,MI,Freeland,"Saginaw, MI",Saginaw County,281079.7638768253,7.760247558238353,98.76520752170444,88.20055581287633,66.24754293323345,,45.00506844809853,74.49711481847567,34.0,25.90957070512428,,165.5963542402213,Fast Flip
362,80825,52068,IA,Peosta,"Dubuque, IA",Dubuque County,417912.8311970394,5.293086658551005,82.81613276697885,95.84298286243632,69.284160106544,,24.06293942985177,74.49165091502812,28.5,26.353603987124025,,77.32655470399243,Fast Flip
363,87177,66429,KS,Grantville,"Topeka, KS",Jefferson County,245902.99683949896,5.681808157424772,85.32904071922971,97.2325150532654,67.47717143595477,,15.807864769128013,74.49042247397244,27.5,26.089374726685726,,42.531917309494496,Fast Flip
364,88050,68526,NE,Lincoln,"Lincoln, NE",Lancaster County,451163.073297352,3.4227662278479105,70.72536058898493,93.52709587772117,81.39407572968189,,15.729455938554093,74.47827937489834,30.166666666666668,28.124392095069688,,42.201428859604825,Fast Flip
365,79266,48604,MI,Saginaw,"Saginaw, MI",Saginaw County,132727.04295024285,7.740519289873717,98.6376732263252,88.20055581287633,66.24754293323345,,45.00506844809853,74.47798467416878,34.0,25.90957070512428,,165.5963542402213,Fast Flip
366,88049,68524,NE,Lincoln,"Lincoln, NE",Lancaster County,251955.6805904761,3.4184664828796354,70.69756469049531,93.52709587772117,81.39407572968189,,15.729455938554093,74.47410999012489,30.166666666666668,28.124392095069688,,42.201428859604825,Fast Flip
367,78218,46702,IN,Andrews,"Huntington, IN",Huntington County,188930.3861474557,5.286199604209755,82.77161108842016,81.71607225567392,89.40980808527637,,21.860916533425577,74.46186480073926,38.666666666666664,29.296502948149605,,68.04516218309014,Fast Flip
368,79658,49277,MI,Rives Junction,"Jackson, MI",Jackson County,247302.19553335724,4.63224825901419,78.54411263390139,87.73737841593329,84.3666240696784,,17.564801056601144,74.4595954109115,34.333333333333336,28.559056828876933,,49.93729685605614,Fast Flip
369,77636,45382,OH,,"Greenville, OH",Preble County,191674.1917562634,4.330038922036052,76.59046651878533,90.05326540064844,82.74281545710247,,15.286016951049126,74.45721757987283,32.666666666666664,28.3216133098457,,40.332360509414286,Fast Flip
370,79643,49259,MI,Munith,"Jackson, MI",Jackson County,256577.109873749,4.6153886637771935,78.43512300748368,87.73737841593329,84.3666240696784,,17.564801056601144,74.44324696694885,34.333333333333336,28.559056828876933,,49.93729685605614,Fast Flip
371,80793,52002,IA,Dubuque,"Dubuque, IA",Dubuque County,330352.0641340427,5.237165555101606,82.45462822976191,95.84298286243632,69.284160106544,,24.06293942985177,74.43742523444557,28.5,26.353603987124025,,77.32655470399243,Fast Flip
372,77711,45628,OH,Frankfort,"Chillicothe, OH",Ross County,223361.0247116809,2.574845777379844,65.24393995999816,87.50578971746178,90.80310360791697,,26.19160593684689,74.42397359393293,34.5,29.5002393918315,,86.29875450699384,Fast Flip
373,76542,43137,OH,Lockbourne,"Columbus, OH",Franklin County,303018.17792083026,1.5653275799583004,58.717863286615234,98.853635942566,100.0,25.78554502405153,17.163776552659275,74.42174990533364,26.333333333333332,32.47348407681053,0.997430217768835,48.24700297326982,Fast Flip
374,85578,62601,IL,Alexander,"Jacksonville, IL",Morgan County,150587.55008516845,9.544417716272408,100.0,95.14821676702176,61.13759477412126,,16.644500696357944,74.41849959680582,29.0,25.162361912431635,,46.058286835584624,Fast Flip
375,85639,62695,IL,Woodson,"Jacksonville, IL",Morgan County,117933.4004903173,12.50466513565838,100.0,95.14821676702176,61.13759477412126,,16.644500696357944,74.41849959680582,29.0,25.162361912431635,,46.058286835584624,Fast Flip
376,76603,43240,OH,Columbus,"Columbus, OH",Delaware County,327937.55355180777,1.7487232909979433,59.903433269277485,98.853635942566,100.0,25.78554502405153,13.460147714940529,74.41440396084705,26.333333333333332,32.47348407681053,0.997430217768835,32.63643277875006,Fast Flip
377,88036,68506,NE,Lincoln,"Lincoln, NE",Lancaster County,271495.15563960694,3.3473999580207634,70.23815188216312,93.52709587772117,81.39407572968189,,15.729455938554093,74.40519806887507,30.166666666666668,28.124392095069688,,42.201428859604825,Fast Flip
378,76503,43071,OH,Saint Louisville,"Columbus, OH",Licking County,291924.2704459605,1.6286568402809225,59.127258193601214,98.853635942566,100.0,25.78554502405153,15.486677108295455,74.39930416916336,26.333333333333332,32.47348407681053,0.997430217768835,41.17813086254358,Fast Flip
379,85074,61607,IL,Bartonville,"Peoria, IL",Peoria County,155075.47438261367,7.116408304564313,94.60307914646339,100.0,69.76764918621011,28.232351592901068,42.302455773016305,74.39396727575306,25.166666666666668,26.424302804460005,0.9965254815758762,154.20500626190812,Fast Flip
380,76544,43140,OH,London,"Columbus, OH",Madison County,292402.8155981256,1.5721862575773495,58.76220152255218,98.853635942566,100.0,25.78554502405153,16.292524886788726,74.38483805743067,26.333333333333332,32.47348407681053,0.997430217768835,44.574730215089794,Fast Flip
381,76506,43074,OH,Sunbury,"Columbus, OH",Delaware County,474098.03768917616,1.6997006380973196,59.5865240819253,98.853635942566,100.0,25.78554502405153,13.460147714940529,74.36686758274423,26.333333333333332,32.47348407681053,0.997430217768835,32.63643277875006,Fast Flip
382,78287,46805,IN,Fort Wayne,"Fort Wayne, IN",Allen County,175295.9717192355,3.1215426974656646,68.77808726580702,92.83232978230662,98.12144512503946,31.35795959009002,15.10412004563958,74.3651877152382,30.666666666666668,30.570373365650845,0.9953697503807503,39.56567612108054,Fast Flip
383,84724,60941,IL,Herscher,"Kankakee, IL",Kankakee County,247352.9938916721,6.381794141279388,89.85413220603634,86.3478462251042,76.61164012677037,,30.19869245661645,74.36271066421534,35.333333333333336,27.425074250404368,,103.1883803667239,Fast Flip
384,87967,68372,NE,Hickman,"Lincoln, NE",Lancaster County,366605.24600778986,3.2895359074358774,69.8640870741052,93.52709587772117,81.39407572968189,,15.729455938554093,74.34908834766637,30.166666666666668,28.124392095069688,,42.201428859604825,Fast Flip
385,78259,46774,IN,New Haven,"Fort Wayne, IN",Allen County,237318.7756206052,3.0969570711664343,68.61915235735096,92.83232978230662,98.12144512503946,31.35795959009002,15.10412004563958,74.34134747896981,30.666666666666668,30.570373365650845,0.9953697503807503,39.56567612108054,Fast Flip
386,78522,47303,IN,Muncie,"Muncie, IN",Delaware County,136827.04525233904,3.5640057867583153,71.63841019335892,89.82167670217693,85.89990932092816,,13.460147714940529,74.33133309074483,32.833333333333336,28.78326345206875,,32.63643277875006,Fast Flip
387,80798,52032,IA,Bernard,"Dubuque, IA",Jackson County,282170.4332116458,5.4392630921596155,83.76109702419383,95.84298286243632,69.284160106544,,17.564801056601144,74.30848863494784,28.5,26.353603987124025,,49.93729685605614,Fast Flip
388,80799,52033,IA,Cascade,"Dubuque, IA",Dubuque County,276267.3520754715,5.09720309149534,81.54983446653601,95.84298286243632,69.284160106544,,24.06293942985177,74.30170616996169,28.5,26.353603987124025,,77.32655470399243,Fast Flip
389,87181,66436,KS,Holton,"Topeka, KS",Jackson County,219836.0266703424,5.393264680939069,83.46373818584321,97.2325150532654,67.47717143595477,,17.564801056601144,74.29847390833811,27.5,26.089374726685726,,49.93729685605614,Fast Flip
390,78223,46710,IN,Avilla,"Kendallville, IN",Noble County,274447.8877372585,3.799488239579349,73.16069730643078,87.04261232051874,88.68273094815231,,13.763556126995665,74.29787945153404,34.833333333333336,29.19018515139151,,33.91528077392657,Fast Flip
391,66090,19934,DE,Camden,"Dover, DE",Kent County,373311.1394727536,4.607486475092641,78.38403894641907,76.15794349235756,100.0,,17.319240564237678,74.27884809249989,42.666666666666664,30.870580184066927,,48.90227432248016,Fast Flip
392,76492,43056,OH,Heath,"Columbus, OH",Licking County,296045.84084825363,1.5039703165669989,58.321216444207316,98.853635942566,100.0,25.78554502405153,15.486677108295455,74.27839790675426,26.333333333333332,32.47348407681053,0.997430217768835,41.17813086254358,Fast Flip
393,65027,17325,PA,Gettysburg,"Gettysburg, PA",Adams County,360483.8451584258,4.464106375625447,77.45715171947248,91.90597498842057,81.92864903658712,,0.0,74.26782626301485,31.333333333333332,28.2025607697452,,-35.22087812050573,Fast Flip
394,78277,46794,IN,Wawaka,"Kendallville, IN",Noble County,217071.2960938032,3.76195242561596,72.91804531605696,87.04261232051874,88.68273094815231,,13.763556126995665,74.26148165297796,34.833333333333336,29.19018515139151,,33.91528077392657,Fast Flip
395,88035,68505,NE,Lincoln,"Lincoln, NE",Lancaster County,254260.12485065847,3.189496160349269,69.21737554226698,93.52709587772117,81.39407572968189,,15.729455938554093,74.25208161789064,30.166666666666668,28.124392095069688,,42.201428859604825,Fast Flip
396,87978,68404,NE,Martell,"Lincoln, NE",Lancaster County,509422.7811637225,3.1845571628583516,69.18544716653517,93.52709587772117,81.39407572968189,,15.729455938554093,74.24729236153087,30.166666666666668,28.124392095069688,,42.201428859604825,Fast Flip
397,78232,46732,IN,Cromwell,"Kendallville, IN",Noble County,224937.9152317828,3.7423412610660205,72.79126804365701,87.04261232051874,88.68273094815231,,13.763556126995665,74.24246506211797,34.833333333333336,29.19018515139151,,33.91528077392657,Fast Flip
398,78227,46721,IN,Butler,"Auburn, IN",De Kalb County,195679.63481385703,5.859178961415436,86.47566241403337,94.68503937007874,68.56226703738137,,19.76551415644098,74.23995560879996,29.333333333333332,26.248044237422786,,59.21316866404472,Fast Flip
399,79288,48626,MI,Hemlock,"Saginaw, MI",Saginaw County,237118.67964811003,7.49312898686539,97.0384072697457,88.20055581287633,66.24754293323345,,45.00506844809853,74.23809478068185,34.0,25.90957070512428,,165.5963542402213,Fast Flip
400,85019,61491,IL,Wyoming,"Peoria, IL",Stark County,130029.07841164296,12.782093495515051,100.0,100.0,69.76764918621011,28.232351592901068,22.47693653134891,74.21222944170019,25.166666666666668,26.424302804460005,0.9965254815758762,70.64164899107529,Fast Flip
401,85012,61483,IL,Toulon,"Peoria, IL",Stark County,136554.78464368774,9.239916227804065,100.0,100.0,69.76764918621011,28.232351592901068,22.47693653134891,74.21222944170019,25.166666666666668,26.424302804460005,0.9965254815758762,70.64164899107529,Fast Flip
402,76624,43316,OH,Carey,"Tiffin, OH",Wyandot County,179556.03794265224,5.21897641566654,82.33704370391654,97.00092635479388,67.88773228360083,,18.758619777240465,74.21074483952756,27.666666666666668,26.14940951877054,,54.96917012269559,Fast Flip
403,63855,15043,PA,Georgetown,"Pittsburgh, PA",Beaver County,253348.5063602345,9.42026943581943,100.0,82.87401574803148,81.84528616602078,42.59762097760563,24.185890279194783,74.19604576279707,37.833333333333336,28.19037092594802,0.9912137502361746,77.84478505272443,Fast Flip
404,63831,15010,PA,Beaver Falls,"Pittsburgh, PA",Beaver County,186103.408713052,8.167759096831492,100.0,82.87401574803148,81.84528616602078,42.59762097760563,24.185890279194783,74.19604576279707,37.833333333333336,28.19037092594802,0.9912137502361746,77.84478505272443,Fast Flip
405,63844,15027,PA,Conway,"Pittsburgh, PA",Beaver County,192310.00262695007,8.034036179583898,100.0,82.87401574803148,81.84528616602078,42.59762097760563,24.185890279194783,74.19604576279707,37.833333333333336,28.19037092594802,0.9912137502361746,77.84478505272443,Fast Flip
406,63861,15050,PA,Hookstown,"Pittsburgh, PA",Beaver County,263241.2826537148,9.237058387112741,100.0,82.87401574803148,81.84528616602078,42.59762097760563,24.185890279194783,74.19604576279707,37.833333333333336,28.19037092594802,0.9912137502361746,77.84478505272443,Fast Flip
407,76598,43231,OH,Minerva Park,"Columbus, OH",Franklin County,264895.208647698,1.3248035263080276,57.16298451382665,98.853635942566,100.0,25.78554502405153,17.163776552659275,74.18851808941535,26.333333333333332,32.47348407681053,0.997430217768835,48.24700297326982,Fast Flip
408,74501,37828,TN,Norris,"Knoxville, TN",Anderson County,365253.3157970404,5.998177350794274,87.3742238752135,66.89439555349696,100.0,59.112312156618046,16.47177628687434,74.1652232706733,49.333333333333336,32.53614792514818,0.9851072443049699,45.3302639594555,Fast Flip
409,79726,49408,MI,Fennville,"Holland, MI",Allegan County,346021.1166129334,5.884601007976122,86.64000439961927,89.82167670217693,75.48816844872697,,17.176562487765754,74.16445774227483,32.833333333333336,27.260793148123863,,48.30089491175175,Fast Flip
410,76499,43066,OH,Delaware,"Columbus, OH",Delaware County,404956.664246131,1.4901692726988736,58.231998963347486,98.853635942566,100.0,25.78554502405153,13.460147714940529,74.16368881495755,26.333333333333332,32.47348407681053,0.997430217768835,32.63643277875006,Fast Flip
411,78294,46816,IN,Fort Wayne,"Fort Wayne, IN",Allen County,201475.22658255653,2.909686070033925,67.40853038420231,92.83232978230662,98.12144512503946,31.35795959009002,15.10412004563958,74.1597541829975,30.666666666666668,30.570373365650845,0.9953697503807503,39.56567612108054,Fast Flip
412,79630,49246,MI,Horton,"Jackson, MI",Jackson County,290046.8164200746,4.308379205779015,76.45044628994926,87.73737841593329,84.3666240696784,,17.564801056601144,74.14554545931868,34.333333333333336,28.559056828876933,,49.93729685605614,Fast Flip
413,78269,46785,IN,Saint Joe,"Auburn, IN",De Kalb County,291335.4018845978,5.7538700127636275,85.7948878870854,94.68503937007874,68.56226703738137,,19.76551415644098,74.13783942975776,29.333333333333332,26.248044237422786,,59.21316866404472,Fast Flip
414,77827,45810,OH,Ada,"Findlay, OH",Hardin County,216061.40253952745,8.575389574346296,100.0,85.88466882816118,74.568900872532,,8.623542536666728,74.13303643482276,35.666666666666664,27.126372055309982,,12.250436247540817,Fast Flip
415,84697,60910,IL,Kankakee,"Kankakee, IL",Kankakee County,141350.27399932433,6.123200454437573,88.18244146099296,86.3478462251042,76.61164012677037,,30.19869245661645,74.11195705245883,35.333333333333336,27.425074250404368,,103.1883803667239,Fast Flip
416,78847,47940,IN,Darlington,"Crawfordsville, IN",Montgomery County,207933.56907214152,2.4106968302135905,64.18279156485464,89.82167670217693,91.45915092342408,,3.4542426472353247,74.10250544370791,32.833333333333336,29.5961707608602,,-9.537848247564453,Fast Flip
417,87159,66409,KS,Berryton,"Topeka, KS",Shawnee County,363946.9720227022,4.355737494031551,76.75659611572321,97.2325150532654,67.47717143595477,,33.65086684382859,74.09670588718149,27.5,26.089374726685726,,117.73908535272682,Fast Flip
418,88038,68508,NE,Lincoln,"Lincoln, NE",Lancaster County,207872.9527766899,3.022164278100552,68.13565091734611,93.52709587772117,81.39407572968189,,15.729455938554093,74.08982292415251,30.166666666666668,28.124392095069688,,42.201428859604825,Fast Flip
419,63843,15026,PA,Clinton,"Pittsburgh, PA",Beaver County,321287.27894549497,7.817107228112727,99.13277946460866,82.87401574803148,81.84528616602078,42.59762097760563,24.185890279194783,74.06596268248838,37.833333333333336,28.19037092594802,0.9912137502361746,77.84478505272443,Fast Flip
420,79608,49202,MI,Jackson,"Jackson, MI",Jackson County,134195.739876112,4.221325521528171,75.88768375672052,87.73737841593329,84.3666240696784,,17.564801056601144,74.06113107933437,34.333333333333336,28.559056828876933,,49.93729685605614,Fast Flip
421,65141,17702,PA,Williamsport,"Williamsport, PA",Lycoming County,204155.27228597287,4.193358884599834,75.70689215003412,83.80037054191754,89.26847880701163,,20.941427905506025,74.05035460920446,37.166666666666664,29.275836891255075,,64.16957356497093,Fast Flip
422,79311,48655,MI,Saint Charles,"Saginaw, MI",Saginaw County,192029.3567219936,7.2975234529254225,95.77390632712705,88.20055581287633,66.24754293323345,,45.00506844809853,74.04841963928905,34.0,25.90957070512428,,165.5963542402213,Fast Flip
423,65037,17340,PA,Littlestown,"Gettysburg, PA",Adams County,331480.270417732,4.23502535829575,75.97624697963855,91.90597498842057,81.92864903658712,,0.0,74.04569055203976,31.333333333333332,28.2025607697452,,-35.22087812050573,Fast Flip
424,76546,43143,OH,Mount Sterling,"Columbus, OH",Pickaway County,284278.7549299049,1.2746003765073362,56.83844395013848,98.853635942566,100.0,25.78554502405153,15.279038774372683,74.04560011594782,26.333333333333332,32.47348407681053,0.997430217768835,40.30294791932752,Fast Flip
425,77722,45644,OH,Kingston,"Chillicothe, OH",Ross County,247463.5515371501,2.172044336232969,62.640011575361044,87.50578971746178,90.80310360791697,,26.19160593684689,74.03338433623736,34.5,29.5002393918315,,86.29875450699384,Fast Flip
426,85115,61729,IL,Congerville,"Peoria, IL",Woodford County,282436.9588877068,14.376282168374486,100.0,100.0,69.76764918621011,28.232351592901068,18.761247942671567,74.02644501226632,25.166666666666668,26.424302804460005,0.9965254815758762,54.98024768007045,Fast Flip
427,85149,61771,IL,,"Peoria, IL",Woodford County,216483.23600513744,16.227323691686177,100.0,100.0,69.76764918621011,28.232351592901068,18.761247942671567,74.02644501226632,25.166666666666668,26.424302804460005,0.9965254815758762,54.98024768007045,Fast Flip
428,85045,61545,IL,Lowpoint,"Peoria, IL",Woodford County,195566.7137153648,14.172642658163417,100.0,100.0,69.76764918621011,28.232351592901068,18.761247942671567,74.02644501226632,25.166666666666668,26.424302804460005,0.9965254815758762,54.98024768007045,Fast Flip
429,85031,61530,IL,Eureka,"Peoria, IL",Woodford County,206351.12012614508,8.866238062285325,100.0,100.0,69.76764918621011,28.232351592901068,18.761247942671567,74.02644501226632,25.166666666666668,26.424302804460005,0.9965254815758762,54.98024768007045,Fast Flip
430,85057,61561,IL,Roanoke,"Peoria, IL",Woodford County,167757.81434518934,12.050588270488184,100.0,100.0,69.76764918621011,28.232351592901068,18.761247942671567,74.02644501226632,25.166666666666668,26.424302804460005,0.9965254815758762,54.98024768007045,Fast Flip
431,85111,61725,IL,Carlock,"Peoria, IL",Woodford County,280190.49759105954,8.150316458066643,100.0,100.0,69.76764918621011,28.232351592901068,18.761247942671567,74.02644501226632,25.166666666666668,26.424302804460005,0.9965254815758762,54.98024768007045,Fast Flip
432,85048,61548,IL,,"Peoria, IL",Woodford County,281144.2814191006,8.978416677691566,100.0,100.0,69.76764918621011,28.232351592901068,18.761247942671567,74.02644501226632,25.166666666666668,26.424302804460005,0.9965254815758762,54.98024768007045,Fast Flip
433,85124,61738,IL,Minonk,"Peoria, IL",Woodford County,196560.7548991733,9.5490387842945,100.0,100.0,69.76764918621011,28.232351592901068,18.761247942671567,74.02644501226632,25.166666666666668,26.424302804460005,0.9965254815758762,54.98024768007045,Fast Flip
434,85021,61516,IL,Benson,"Peoria, IL",Woodford County,152668.16131346332,14.946886732181412,100.0,100.0,69.76764918621011,28.232351592901068,18.761247942671567,74.02644501226632,25.166666666666668,26.424302804460005,0.9965254815758762,54.98024768007045,Fast Flip
435,85144,61760,IL,Minonk,"Peoria, IL",Woodford County,150713.11162952162,9.034949866035792,100.0,100.0,69.76764918621011,28.232351592901068,18.761247942671567,74.02644501226632,25.166666666666668,26.424302804460005,0.9965254815758762,54.98024768007045,Fast Flip
436,85128,61742,IL,Goodfield,"Peoria, IL",Woodford County,297448.45516003016,10.049264773018516,100.0,100.0,69.76764918621011,28.232351592901068,18.761247942671567,74.02644501226632,25.166666666666668,26.424302804460005,0.9965254815758762,54.98024768007045,Fast Flip
437,76550,43147,OH,Pickerington,"Columbus, OH",Fairfield County,412103.9013184544,1.2981501347512168,56.99068244205645,98.853635942566,100.0,25.78554502405153,14.33038297057497,74.02100309954561,26.333333333333332,32.47348407681053,0.997430217768835,36.30442142963089,Fast Flip
438,74106,37019,TN,Belfast,"Lewisburg, TN",Marshall County,316370.9418966592,7.496115942339208,97.05771658035735,67.82075034738304,100.0,,14.158277788780646,74.00383399807669,48.666666666666664,32.822091984371355,,35.57900856053363,Fast Flip
439,77725,45647,OH,South Bloomingville,"Chillicothe, OH",Vinton County,189828.7902151305,2.0478380386823156,61.837074270017844,87.50578971746178,90.80310360791697,,27.895503290614894,73.99813860812428,34.5,29.5002393918315,,93.48057817527358,Fast Flip
440,88040,68510,NE,Lincoln,"Lincoln, NE",Lancaster County,245299.28648410825,2.9195769561825933,67.47247047120497,93.52709587772117,81.39407572968189,,15.729455938554093,73.99034585723133,30.166666666666668,28.124392095069688,,42.201428859604825,Fast Flip
441,76496,43062,OH,Pataskala,"Columbus, OH",Licking County,376540.8847998123,1.1552311404009,56.066776050279465,98.853635942566,100.0,25.78554502405153,15.486677108295455,73.94023184766509,26.333333333333332,32.47348407681053,0.997430217768835,41.17813086254358,Fast Flip
442,65010,17307,PA,Biglerville,"Gettysburg, PA",Adams County,304486.5387235513,4.113549993674678,75.1909639154312,91.90597498842057,81.92864903658712,,0.0,73.92789809240865,31.333333333333332,28.2025607697452,,-35.22087812050573,Fast Flip
443,76596,43229,OH,Columbus,"Columbus, OH",Franklin County,265121.0130922809,1.0510693919584764,55.39341765168386,98.853635942566,100.0,25.78554502405153,17.163776552659275,73.92308306009394,26.333333333333332,32.47348407681053,0.997430217768835,48.24700297326982,Fast Flip
444,87220,66539,KS,Silver Lake,"Topeka, KS",Shawnee County,268624.3105976198,4.174995945974818,75.58818409135665,97.2325150532654,67.47717143595477,,33.65086684382859,73.9214440835265,27.5,26.089374726685726,,117.73908535272682,Fast Flip
445,76620,43310,OH,Belle Center,"Bellefontaine, OH",Logan County,273558.8024161094,6.784607073380874,92.45813487447639,81.25289485873088,83.6830189315296,,13.846989064917498,73.92033761785554,39.0,28.459095781514097,,34.266945530583435,Fast Flip
446,78560,47362,IN,New Castle,"New Castle, IN",Henry County,163939.32732259968,3.083683083365551,68.5333420546032,87.96896711440482,91.25284831430551,,0.7338328454760233,73.91904351908234,34.166666666666664,29.566003894448073,,-21.004210031911295,Fast Flip
447,63828,15006,PA,Bairdford,"Pittsburgh, PA",Allegheny County,183381.5798687531,9.498959841041271,100.0,82.87401574803148,81.84528616602078,42.59762097760563,18.481860003443842,73.91084424900953,37.833333333333336,28.19037092594802,0.9912137502361746,53.80264451627635,Fast Flip
448,63859,15047,PA,Greenock,"Pittsburgh, PA",Allegheny County,151430.91476398168,12.229366135129034,100.0,82.87401574803148,81.84528616602078,42.59762097760563,18.481860003443842,73.91084424900953,37.833333333333336,28.19037092594802,0.9912137502361746,53.80264451627635,Fast Flip
449,63850,15034,PA,Dravosburg,"Pittsburgh, PA",Allegheny County,114726.259546021,8.400769858328983,100.0,82.87401574803148,81.84528616602078,42.59762097760563,18.481860003443842,73.91084424900953,37.833333333333336,28.19037092594802,0.9912137502361746,53.80264451627635,Fast Flip
450,76796,43701,OH,Zanesville,"Zanesville, OH",Muskingum County,194213.7377742621,1.4562905031388744,58.012988104193944,82.41083835108847,100.0,,27.132862089505966,73.90238474298535,38.166666666666664,32.68581936009434,,90.2660919173912,Fast Flip
451,64918,17088,PA,Schaefferstown,"Lebanon, PA",Lebanon County,288071.65420753224,8.837321824783254,100.0,100.0,52.05210412841915,,17.772434700969974,73.90164776715329,21.666666666666668,23.83382426684133,,50.81246003308769,Fast Flip
452,77629,45372,OH,Tremont City,"Springfield, OH",Clark County,122737.588255971,1.1315256856606706,55.91353105122221,89.59008800370542,94.74989790887327,,8.992592306406888,73.88066455151889,33.0,30.077364504023667,,13.805958571248794,Fast Flip
453,85143,61759,IL,Minier,"Peoria, IL",Tazewell County,165385.01776419973,9.56191820114833,100.0,100.0,69.76764918621011,28.232351592901068,15.616069977369737,73.86918611400124,25.166666666666668,26.424302804460005,0.9965254815758762,41.72351393246225,Fast Flip
454,85046,61546,IL,Manito,"Peoria, IL",Tazewell County,134921.04702940068,13.636453895107445,100.0,100.0,69.76764918621011,28.232351592901068,15.616069977369737,73.86918611400124,25.166666666666668,26.424302804460005,0.9965254815758762,41.72351393246225,Fast Flip
455,85120,61734,IL,,"Peoria, IL",Tazewell County,150285.93675038902,8.802507650759054,100.0,100.0,69.76764918621011,28.232351592901068,15.616069977369737,73.86918611400124,25.166666666666668,26.424302804460005,0.9965254815758762,41.72351393246225,Fast Flip
456,85035,61534,IL,Green Valley,"Peoria, IL",Tazewell County,167290.70251097588,11.127390876270866,100.0,100.0,69.76764918621011,28.232351592901068,15.616069977369737,73.86918611400124,25.166666666666668,26.424302804460005,0.9965254815758762,41.72351393246225,Fast Flip
457,85132,61747,IL,Hopedale,"Peoria, IL",Tazewell County,184711.15794608693,8.691036784299294,100.0,100.0,69.76764918621011,28.232351592901068,15.616069977369737,73.86918611400124,25.166666666666668,26.424302804460005,0.9965254815758762,41.72351393246225,Fast Flip
458,85119,61733,IL,Mackinaw,"Peoria, IL",Tazewell County,191582.39680731087,17.001441481532698,100.0,100.0,69.76764918621011,28.232351592901068,15.616069977369737,73.86918611400124,25.166666666666668,26.424302804460005,0.9965254815758762,41.72351393246225,Fast Flip
459,85052,61554,IL,Pekin,"Peoria, IL",Tazewell County,132975.11138889843,10.18982505420909,100.0,100.0,69.76764918621011,28.232351592901068,15.616069977369737,73.86918611400124,25.166666666666668,26.424302804460005,0.9965254815758762,41.72351393246225,Fast Flip
460,85076,61611,IL,East Peoria,"Peoria, IL",Tazewell County,179103.21706390489,11.25410111216651,100.0,100.0,69.76764918621011,28.232351592901068,15.616069977369737,73.86918611400124,25.166666666666668,26.424302804460005,0.9965254815758762,41.72351393246225,Fast Flip
461,85107,61721,IL,Armington,"Peoria, IL",Tazewell County,136068.27385512178,13.589667529220945,100.0,100.0,69.76764918621011,28.232351592901068,15.616069977369737,73.86918611400124,25.166666666666668,26.424302804460005,0.9965254815758762,41.72351393246225,Fast Flip
462,85140,61755,IL,Mackinaw,"Peoria, IL",Tazewell County,242215.14424905984,9.489781457824138,100.0,100.0,69.76764918621011,28.232351592901068,15.616069977369737,73.86918611400124,25.166666666666668,26.424302804460005,0.9965254815758762,41.72351393246225,Fast Flip
463,87226,66546,KS,Wakarusa,"Topeka, KS",Shawnee County,312486.3566935861,4.118028412999,75.21991486248766,97.2325150532654,67.47717143595477,,33.65086684382859,73.86620369919615,27.5,26.089374726685726,,117.73908535272682,Fast Flip
464,65022,17320,PA,Fairfield,"Gettysburg, PA",Adams County,339023.142143347,4.038910335624094,74.70845242375394,91.90597498842057,81.92864903658712,,0.0,73.85552136865707,31.333333333333332,28.2025607697452,,-35.22087812050573,Fast Flip
465,64251,15692,PA,Westmoreland City,"Pittsburgh, PA",Westmoreland County,173895.70469224337,12.183274120346558,100.0,82.87401574803148,81.84528616602078,42.59762097760563,17.35142186397199,73.85432234203594,37.833333333333336,28.19037092594802,0.9912137502361746,49.03791654270944,Fast Flip
466,64237,15678,PA,Rillton,"Pittsburgh, PA",Westmoreland County,177839.13702884316,26.599483839536852,100.0,82.87401574803148,81.84528616602078,42.59762097760563,17.35142186397199,73.85432234203594,37.833333333333336,28.19037092594802,0.9912137502361746,49.03791654270944,Fast Flip
467,64234,15675,PA,Penn,"Pittsburgh, PA",Westmoreland County,129476.80888657107,15.043182622170209,100.0,82.87401574803148,81.84528616602078,42.59762097760563,17.35142186397199,73.85432234203594,37.833333333333336,28.19037092594802,0.9912137502361746,49.03791654270944,Fast Flip
468,76873,43844,OH,Warsaw,"Coshocton, OH",Coshocton County,208118.230658429,6.959777344364832,93.59053112276435,93.52709587772117,63.202713034992584,,25.413693885241113,73.84442617862727,30.166666666666668,25.464336506776892,,83.01990254345993,Fast Flip
469,63824,15001,PA,Aliquippa,"Pittsburgh, PA",Beaver County,191833.8674881019,7.584442297905568,97.62870635565692,82.87401574803148,81.84528616602078,42.59762097760563,24.185890279194783,73.8403517161456,37.833333333333336,28.19037092594802,0.9912137502361746,77.84478505272443,Fast Flip
470,87345,66856,KS,,"Topeka, KS",Coffey County,208187.2751108316,4.172378138459646,75.57126115464902,97.2325150532654,67.47717143595477,,31.8871189594159,73.83071824879974,27.5,26.089374726685726,,110.30499533953342,Fast Flip
471,76643,43338,OH,Mount Gilead,"Columbus, OH",Morrow County,252259.3477986809,0.821896792392192,53.9119208742825,98.853635942566,100.0,25.78554502405153,19.644436426949316,73.82489153719824,26.333333333333332,32.47348407681053,0.997430217768835,58.70283340151155,Fast Flip
472,76469,43023,OH,Granville,"Columbus, OH",Licking County,508880.7129511336,1.0318926145280813,55.26944849473474,98.853635942566,100.0,25.78554502405153,15.486677108295455,73.82063271433339,26.333333333333332,32.47348407681053,0.997430217768835,41.17813086254358,Fast Flip
473,80895,52225,IA,Elberon,"Cedar Rapids, IA",Tama County,224978.6954089734,14.261364355485071,100.0,82.64242704955997,80.96031652921984,41.28808631977306,27.951474930605237,73.82011961013582,38.0,28.060965093776414,0.9916979664451544,93.71649523209987,Fast Flip
474,80894,52224,IA,Dysart,"Cedar Rapids, IA",Tama County,238931.65432653585,9.648419610851043,100.0,82.64242704955997,80.96031652921984,41.28808631977306,27.951474930605237,73.82011961013582,38.0,28.060965093776414,0.9916979664451544,93.71649523209987,Fast Flip
475,78870,47968,IN,New Ross,"Crawfordsville, IN",Montgomery County,234353.87655097907,2.1162719872979188,62.27946866852246,89.82167670217693,91.45915092342408,,3.4542426472353247,73.81700700925808,32.833333333333336,29.5961707608602,,-9.537848247564453,Fast Flip
476,76523,43106,OH,Bloomingburg,"Washington Court House, OH",Fayette County,239511.0192279929,1.7750899504396307,60.073881748142874,85.14358499305233,100.0,,0.0,73.81133700978975,36.2,37.04672739352265,,-24.511056564348568,Fast Flip
477,76574,43205,OH,Columbus,"Columbus, OH",Franklin County,276467.1498732238,0.9223184145625158,54.561101055108274,98.853635942566,100.0,25.78554502405153,17.163776552659275,73.7982355706076,26.333333333333332,32.47348407681053,0.997430217768835,48.24700297326982,Fast Flip
478,84936,61369,IL,Toluca,"Peoria, IL",Marshall County,99999.27884224003,13.439034916018846,100.0,100.0,69.76764918621011,28.232351592901068,14.158277788780646,73.79629650457177,25.166666666666668,26.424302804460005,0.9965254815758762,35.57900856053363,Fast Flip
479,85040,61540,IL,Lacon,"Peoria, IL",Marshall County,130121.62200544792,8.680525329839227,100.0,100.0,69.76764918621011,28.232351592901068,14.158277788780646,73.79629650457177,25.166666666666668,26.424302804460005,0.9965254815758762,35.57900856053363,Fast Flip
480,78544,47342,IN,Gaston,"Muncie, IN",Delaware County,191224.213662142,2.993970469047371,67.95339074604288,89.82167670217693,85.89990932092816,,13.460147714940529,73.77858017364743,32.833333333333336,28.78326345206875,,32.63643277875006,Fast Flip
481,65179,17771,PA,Trout Run,"Williamsport, PA",Lycoming County,255446.1348413317,3.898451037393555,73.8004468503197,83.80037054191754,89.26847880701163,,20.941427905506025,73.7643878142473,37.166666666666664,29.275836891255075,,64.16957356497093,Fast Flip
482,76822,43746,OH,Hopewell,"Zanesville, OH",Muskingum County,257302.51125034885,1.313904714701905,57.09252864649114,82.41083835108847,100.0,,27.132862089505966,73.76431582432993,38.166666666666664,32.68581936009434,,90.2660919173912,Fast Flip
483,79617,49230,MI,Brooklyn,"Jackson, MI",Jackson County,271755.1373646492,3.914615489479568,73.90494269196573,87.73737841593329,84.3666240696784,,17.564801056601144,73.76371991962115,34.333333333333336,28.559056828876933,,49.93729685605614,Fast Flip
484,78235,46738,IN,Garrett,"Auburn, IN",De Kalb County,196365.5021441766,5.367408574104821,83.29659019771732,94.68503937007874,68.56226703738137,,19.76551415644098,73.76309477635256,29.333333333333332,26.248044237422786,,59.21316866404472,Fast Flip
485,87998,68430,NE,Roca,"Lincoln, NE",Lancaster County,599319.9357268361,2.6849845552631733,65.95593713945975,93.52709587772117,81.39407572968189,,15.729455938554093,73.76286585746955,30.166666666666668,28.124392095069688,,42.201428859604825,Fast Flip
486,85186,61842,IL,Farmer City,"Bloomington, IL",Dewitt County,169581.9109640045,12.641430201730069,100.0,100.0,68.88994666525419,27.30188148359329,21.574254013492077,73.76157566370681,18.333333333333332,26.29595961572192,0.9968695341033929,66.83689710426107,Fast Flip
487,76836,43762,OH,New Concord,"Zanesville, OH",Muskingum County,246737.10953931263,1.3085146500497535,57.057684326414225,82.41083835108847,100.0,,27.132862089505966,73.7590891763184,38.166666666666664,32.68581936009434,,90.2660919173912,Fast Flip
488,76526,43110,OH,Columbus,"Columbus, OH",Franklin County,323670.7329970155,0.8623068272315102,54.17315339729105,98.853635942566,100.0,25.78554502405153,17.163776552659275,73.74004342193503,26.333333333333332,32.47348407681053,0.997430217768835,48.24700297326982,Fast Flip
489,76498,43065,OH,Powell,"Columbus, OH",Delaware County,540003.4871014514,1.0425730113321732,55.33849240956825,98.853635942566,100.0,25.78554502405153,13.460147714940529,73.72966283189068,26.333333333333332,32.47348407681053,0.997430217768835,32.63643277875006,Fast Flip
490,85027,61525,IL,Dunlap,"Peoria, IL",Peoria County,363143.9586414553,6.427290642917778,90.14824642688069,100.0,69.76764918621011,28.232351592901068,42.302455773016305,73.72574236781566,25.166666666666668,26.424302804460005,0.9965254815758762,154.20500626190812,Fast Flip
491,79508,49015,MI,Battle Creek,"Battle Creek, MI",Calhoun County,201326.7091917201,5.428998682964403,83.69474228033084,93.52709587772117,70.18479014320687,,17.212284227309308,73.6955066464192,30.166666666666668,26.485299781563263,,48.45145987035016,Fast Flip
492,76510,43080,OH,Utica,"Columbus, OH",Licking County,273207.97734359297,0.899237534285942,54.411893646307895,98.853635942566,100.0,25.78554502405153,15.486677108295455,73.69199948706935,26.333333333333332,32.47348407681053,0.997430217768835,41.17813086254358,Fast Flip
493,79305,48649,MI,Oakley,"Saginaw, MI",Saginaw County,180237.2395191587,6.9265101103642746,93.37547356327356,88.20055581287633,66.24754293323345,,45.00506844809853,73.68865472471103,34.0,25.90957070512428,,165.5963542402213,Fast Flip
494,76470,43025,OH,Hebron,"Columbus, OH",Licking County,354231.8288041195,0.895137735775897,54.385390310865,98.853635942566,100.0,25.78554502405153,15.486677108295455,73.68802398675292,26.333333333333332,32.47348407681053,0.997430217768835,41.17813086254358,Fast Flip
495,76501,43068,OH,Reynoldsburg,"Columbus, OH",Franklin County,288027.115026243,0.8050969561456043,53.80331756259824,98.853635942566,100.0,25.78554502405153,17.163776552659275,73.6845680467311,26.333333333333332,32.47348407681053,0.997430217768835,48.24700297326982,Fast Flip
496,76862,43821,OH,Dresden,"Zanesville, OH",Muskingum County,212201.9027435868,1.2286346868629576,56.541296641917285,82.41083835108847,100.0,,27.132862089505966,73.68163102364386,38.166666666666664,32.68581936009434,,90.2660919173912,Fast Flip
497,79725,49406,MI,Douglas,"Holland, MI",Allegan County,606586.7980113057,5.372763050692276,83.33120445711832,89.82167670217693,75.48816844872697,,17.176562487765754,73.66813775089969,32.833333333333336,27.260793148123863,,48.30089491175175,Fast Flip
498,87917,68317,NE,Bennet,"Lincoln, NE",Lancaster County,390975.0589366856,2.5799837461646553,65.27715459478212,93.52709587772117,81.39407572968189,,15.729455938554093,73.66104847576791,30.166666666666668,28.124392095069688,,42.201428859604825,Fast Flip
499,77382,44883,OH,Tiffin,"Tiffin, OH",Seneca County,184327.99331514383,4.288983828307165,76.32506398300939,97.00092635479388,67.88773228360083,,25.281407118922406,73.63508724847559,27.666666666666668,26.14940951877054,,82.46232187274236,Fast Flip
500,79629,49245,MI,Homer,"Battle Creek, MI",Calhoun County,140344.082705362,5.366189592525145,83.28871003540553,93.52709587772117,70.18479014320687,,17.212284227309308,73.63460180968042,30.166666666666668,26.485299781563263,,48.45145987035016,Fast Flip
501,74405,37657,TN,Flag Pond,"Johnson City, TN",Unicoi County,249621.85720122032,4.180143611916284,75.62146141385443,74.30523390458544,100.0,,21.408227449479757,73.42046245115705,44.0,34.38620814854661,,66.13710523924642,Fast Flip
502,93031,79701,TX,Midland,"Midland, TX",Midland County,212114.7096079198,5.590504318627145,84.73880286706476,72.22093561834181,100.0,,7.754742832507954,73.37588503810474,45.5,33.22583030941546,,8.588498358780251,Fast Flip
503,66104,19953,DE,Hartly,"Dover, DE",Kent County,361347.2738394404,3.6288772522494206,72.05777475636629,76.15794349235756,100.0,,17.319240564237678,73.32990846399197,42.666666666666664,30.870580184066927,,48.90227432248016,Fast Flip
504,80967,52352,IA,Walker,"Cedar Rapids, IA",Linn County,306913.0239035017,7.211936282865519,95.22062414212493,82.64242704955997,80.96031652921984,41.28808631977306,29.968244427022295,73.20405170627542,38.0,28.060965093776414,0.9916979664451544,102.21705594416537,Fast Flip
505,95249,87013,NM,Cuba,"Albuquerque, NM",Sandoval County,214777.899283105,5.480674568980502,84.02880341480808,78.47383047707271,100.0,37.57870140352734,9.734923648659153,73.07264764233508,41.0,31.283354714289107,0.9930695561858673,16.934840009853964,Fast Flip
506,66092,19938,DE,Clayton,"Dover, DE",Kent County,413996.3939446125,3.3621225457562436,70.33332672560603,76.15794349235756,100.0,,17.319240564237678,73.07124125937794,42.666666666666664,30.870580184066927,,48.90227432248016,Fast Flip
507,66105,19954,DE,Houston,"Dover, DE",Kent County,335362.3762648809,3.302666013225252,69.9489672449926,76.15794349235756,100.0,,17.319240564237678,73.01358733728593,42.666666666666664,30.870580184066927,,48.90227432248016,Fast Flip
508,74424,37692,TN,Unicoi,"Johnson City, TN",Unicoi County,296715.29413786327,3.7391008712330613,72.77032039501078,74.30523390458544,100.0,,21.408227449479757,72.9927912983305,44.0,34.38620814854661,,66.13710523924642,Fast Flip
509,80823,52065,IA,,"Dubuque, IA",Delaware County,313384.58611766325,4.211670627427877,75.82526925113471,95.84298286243632,69.284160106544,,13.460147714940529,72.91288180190594,28.5,26.353603987124025,,32.63643277875006,Fast Flip
510,80816,52052,IA,Guttenberg,"Dubuque, IA",Clayton County,264596.94115888164,4.046713003584836,74.75889312853649,95.84298286243632,69.284160106544,,16.401333780080694,72.89998468677321,28.5,26.353603987124025,,45.033353079569,Fast Flip
511,95259,87024,NM,Jemez Pueblo,"Albuquerque, NM",Sandoval County,340436.00901823695,5.183043212271788,82.10475186304296,78.47383047707271,100.0,37.57870140352734,9.734923648659153,72.78403990957031,41.0,31.283354714289107,0.9930695561858673,16.934840009853964,Fast Flip
512,69027,26440,WV,Grafton,"Clarksburg, WV",Taylor County,174653.336174638,4.361744048056133,76.79542575961406,84.72672533580361,82.18055090569078,,20.366061503440722,72.73710853306811,36.5,28.239395447050942,,61.7444391898587,Fast Flip
513,66123,19979,DE,Viola,"Dover, DE",Kent County,337871.09253841056,2.9597756799340242,67.73233696399731,76.15794349235756,100.0,,17.319240564237678,72.68109279513662,42.666666666666664,30.870580184066927,,48.90227432248016,Fast Flip
514,70361,29206,SC,Columbia,"Columbia, SC",Richland County,380089.16225201054,6.074097825601021,87.8650152655361,71.75775822139877,97.13387933647242,45.45370748670096,18.62634266829414,72.60049613219299,45.833333333333336,30.425965278209905,0.9901576778568141,54.41163015721497,Fast Flip
515,66081,19901,DE,Dover,"Dover, DE",Kent County,324705.04468035226,2.8445831151160847,66.98766934718209,76.15794349235756,100.0,,17.319240564237678,72.56939265261434,42.666666666666664,30.870580184066927,,48.90227432248016,Fast Flip
516,66103,19952,DE,,"Dover, DE",Kent County,335657.66647593555,2.7894899100219184,66.63151679684147,76.15794349235756,100.0,,17.319240564237678,72.51596977006325,42.666666666666664,30.870580184066927,,48.90227432248016,Fast Flip
517,67957,24064,VA,Blue Ridge,"Roanoke, VA",Botetourt County,298456.21144419926,3.9801658155697655,74.3286957804415,78.2422417786012,100.0,34.52937323412631,38.3590242737605,72.35791485008994,41.166666666666664,33.11355642455492,0.9941970819961169,137.5836824403962,Fast Flip
518,70400,29320,SC,Spartanburg,"Spartanburg, SC",Spartanburg County,120410.41965402836,6.100788146397177,88.03755606806722,62.262621584066686,100.0,57.374314332003095,16.93868867926183,72.31934826499712,52.666666666666664,31.068293907115454,0.9857498899293652,47.29827128292843,Fast Flip
519,67967,24077,VA,Troutville,"Roanoke, VA",Botetourt County,260511.1621006305,3.934951036185402,74.0364027660252,78.2422417786012,100.0,34.52937323412631,38.3590242737605,72.3140708979275,41.166666666666664,33.11355642455492,0.9941970819961169,137.5836824403962,Fast Flip
520,86785,65337,MO,La Monte,"Sedalia, MO",Pettis County,202827.7575559308,8.972173220872133,100.0,67.82075034738304,86.47611161569368,,36.432353459808176,72.1779081984979,48.666666666666664,28.867519379450464,,129.4628821926422,Fast Flip
521,86782,65334,MO,Hughesville,"Sedalia, MO",Pettis County,276078.205044919,9.420642189321567,100.0,67.82075034738304,86.47611161569368,,36.432353459808176,72.1779081984979,48.666666666666664,28.867519379450464,,129.4628821926422,Fast Flip
522,86794,65350,MO,Smithton,"Sedalia, MO",Pettis County,247261.24373172183,12.452371686506833,100.0,67.82075034738304,86.47611161569368,,36.432353459808176,72.1779081984979,48.666666666666664,28.867519379450464,,129.4628821926422,Fast Flip
523,86780,65332,MO,Green Ridge,"Sedalia, MO",Pettis County,270697.7067340655,9.949987925435568,100.0,67.82075034738304,86.47611161569368,,36.432353459808176,72.1779081984979,48.666666666666664,28.867519379450464,,129.4628821926422,Fast Flip
524,86790,65345,MO,Mora,"Sedalia, MO",Pettis County,360957.1755418039,14.880339986375127,100.0,67.82075034738304,86.47611161569368,,36.432353459808176,72.1779081984979,48.666666666666664,28.867519379450464,,129.4628821926422,Fast Flip
525,68993,26354,WV,Grafton,"Clarksburg, WV",Taylor County,158503.00667271705,3.7348121134989505,72.7425955240002,84.72672533580361,82.18055090569078,,20.366061503440722,72.12918399772602,36.5,28.239395447050942,,61.7444391898587,Fast Flip
526,76338,42368,KY,,"Owensboro, KY",Ohio County,180785.8761808549,7.871187494158153,99.48238382402572,81.4844835572024,67.59434059823289,,33.63309400503625,72.02216666843472,38.833333333333336,26.106507939305608,,117.66417391864947,Fast Flip
527,69010,26411,WV,New Milton,"Clarksburg, WV",Doddridge County,161264.26577072436,2.743408354902654,66.33362047094546,84.72672533580361,82.18055090569078,,36.98013157342327,71.99854124326694,36.5,28.239395447050942,,131.77173361061455,Fast Flip
528,67971,24083,VA,Daleville,"Roanoke, VA",Botetourt County,452734.89456784,3.6004577220676746,71.8740554004782,78.2422417786012,100.0,34.52937323412631,38.3590242737605,71.98971879309543,41.166666666666664,33.11355642455492,0.9941970819961169,137.5836824403962,Fast Flip
529,74428,37705,TN,Andersonville,"Knoxville, TN",Anderson County,404856.4654004529,3.699269267859372,72.51282716873274,66.89439555349696,100.0,59.112312156618046,16.47177628687434,71.93601376470117,49.333333333333336,32.53614792514818,0.9851072443049699,45.3302639594555,Fast Flip
530,70360,29205,SC,Columbia,"Columbia, SC",Richland County,300374.5587351583,5.38504075627448,83.41057424778414,71.75775822139877,97.13387933647242,45.45370748670096,18.62634266829414,71.9323299795302,45.833333333333336,30.425965278209905,0.9901576778568141,54.41163015721497,Fast Flip
531,69008,26408,WV,Mount Clare,"Clarksburg, WV",Harrison County,197394.85678704263,3.735242172205681,72.74537565822793,84.72672533580361,82.18055090569078,,15.950583292122378,71.90882710729426,36.5,28.239395447050942,,43.133467199853925,Fast Flip
532,59082,3258,NH,Chichester,"Concord, NH",Merrimack County,540061.8993224147,6.928165652378183,93.38617589052866,100.0,48.88225762495529,,13.10079847833287,71.88353071373477,22.5,23.370309353358184,,31.121797611942632,Fast Flip
533,67963,24070,VA,Catawba,"Roanoke, VA",Craig County,338123.8831199079,3.1370525308499895,68.87835129484188,78.2422417786012,100.0,34.52937323412631,45.058600653723005,71.87534199624811,41.166666666666664,33.11355642455492,0.9941970819961169,165.82198922962888,Fast Flip
534,66111,19962,DE,Magnolia,"Dover, DE",Kent County,412995.4061920286,2.037413958220698,61.76968732393229,76.15794349235756,100.0,,17.319240564237678,71.78669534912687,42.666666666666664,30.870580184066927,,48.90227432248016,Fast Flip
535,93033,79703,TX,Midland,"Midland, TX",Midland County,233961.42436375268,3.938035636375201,74.0563433053803,72.22093561834181,100.0,,7.754742832507954,71.77351610385207,45.5,33.22583030941546,,8.588498358780251,Fast Flip
536,66084,19904,DE,Dover,"Dover, DE",Kent County,332820.19081635354,1.9880731781525804,61.45072158891979,76.15794349235756,100.0,,17.319240564237678,71.738850488875,42.666666666666664,30.870580184066927,,48.90227432248016,Fast Flip
537,74404,37656,TN,Fall Branch,"Johnson City, TN",Washington County,275298.45227023005,3.5443790813863703,71.51153245660255,74.30523390458544,100.0,,0.0,71.7335617350953,44.0,34.38620814854661,,-37.19437346980591,Fast Flip
538,67921,24018,VA,Roanoke,"Roanoke, VA",Roanoke County,366976.1058724541,4.584081279663456,78.23273498744486,78.2422417786012,100.0,34.52937323412631,13.632858542625156,71.70721244458367,41.166666666666664,33.11355642455492,0.9941970819961169,33.36439840842292,Fast Flip
539,66096,19943,DE,Felton,"Dover, DE",Kent County,381291.76893557375,1.932177110680902,61.08937889792871,76.15794349235756,100.0,,17.319240564237678,71.68464908522633,42.666666666666664,30.870580184066927,,48.90227432248016,Fast Flip
540,86767,65301,MO,Sedalia,"Sedalia, MO",Pettis County,180629.6870484039,7.438321746835479,96.68410335367439,67.82075034738304,86.47611161569368,,36.432353459808176,71.68052370154905,48.666666666666664,28.867519379450464,,129.4628821926422,Fast Flip
541,100282,99587,AK,Anchorage,"Anchorage, AK",Anchorage Borough,686134.2904224767,23.92212367518034,100.0,96.30616025937934,72.77623623681933,19.310577888761486,16.906296235464914,71.60864553951313,28.166666666666668,26.864237345437232,0.9998244148378213,47.16173910332287,Fast Flip
542,93035,79705,TX,Midland,"Midland, TX",Midland County,347566.8464428195,3.7377133083186562,72.76135043093122,72.22093561834181,100.0,,7.754742832507954,71.57926717268471,45.5,33.22583030941546,,8.588498358780251,Fast Flip
543,59063,3235,NH,Franklin,"Concord, NH",Merrimack County,367690.0456121026,6.574272753940434,91.09841902267888,100.0,48.88225762495529,,13.10079847833287,71.54036718355731,22.5,23.370309353358184,,31.121797611942632,Fast Flip
544,70403,29323,SC,Chesnee,"Spartanburg, SC",Spartanburg County,280669.2227860328,5.289266565408037,82.79143759970584,62.262621584066686,100.0,57.374314332003095,16.93868867926183,71.53243049474291,52.666666666666664,31.068293907115454,0.9857498899293652,47.29827128292843,Fast Flip
545,66122,19977,DE,Smyrna,"Dover, DE",Kent County,387357.7961671792,1.6309018854713808,59.141771391169684,76.15794349235756,100.0,,17.319240564237678,71.39250795921248,42.666666666666664,30.870580184066927,,48.90227432248016,Fast Flip
546,68029,24175,VA,Troutville,"Roanoke, VA",Botetourt County,324498.4019823705,2.980045930031476,67.86337492513807,78.2422417786012,100.0,34.52937323412631,38.3590242737605,71.38811672179442,41.166666666666664,33.11355642455492,0.9941970819961169,137.5836824403962,Fast Flip
547,93037,79707,TX,Midland,"Midland, TX",Midland County,410533.35396067816,3.5256243326178183,71.39029152328781,72.22093561834181,100.0,,7.754742832507954,71.3736083365382,45.5,33.22583030941546,,8.588498358780251,Fast Flip
548,74406,37658,TN,Hampton,"Johnson City, TN",Carter County,204642.39664216168,2.5376151144812056,65.00326063267353,74.30523390458544,100.0,,10.87325268707903,71.30098359585989,44.0,34.38620814854661,,21.73282764234553,Fast Flip
549,66099,19946,DE,Frederica,"Dover, DE",Kent County,359559.7700300011,1.5314147447841198,58.498632208736915,76.15794349235756,100.0,,17.319240564237678,71.29603708184756,42.666666666666664,30.870580184066927,,48.90227432248016,Fast Flip
550,95280,87048,NM,Corrales,"Albuquerque, NM",Sandoval County,691623.9387320504,3.640225746935454,72.13113762058974,78.47383047707271,100.0,37.57870140352734,9.734923648659153,71.28799777320233,41.0,31.283354714289107,0.9930695561858673,16.934840009853964,Fast Flip
551,100326,99645,AK,Palmer,"Anchorage, AK",Matanuska Susitna Borough,421505.503970604,8.03463507313615,100.0,96.30616025937934,72.77623623681933,19.310577888761486,10.164346165579314,71.27154803601886,28.166666666666668,26.864237345437232,0.9998244148378213,18.744829789396388,Fast Flip
552,74548,37902,TN,Knoxville,"Knoxville, TN",Knox County,636618.5600004203,3.5475078489578094,71.53175851802132,66.89439555349696,100.0,59.112312156618046,5.886286961035119,71.2595790008025,49.333333333333336,32.53614792514818,0.9851072443049699,0.7130705513450136,Fast Flip
553,69976,28466,NC,Wallace,"Wilmington, NC",Duplin County,210727.0899080294,4.566779330445736,78.12088574343696,58.55720240852244,94.65817573383538,68.83644183082126,31.317339120373088,71.21085296014014,55.333333333333336,30.063952310095438,0.9815116302612275,107.90340798763272,Fast Flip
554,67918,24015,VA,Roanoke,"Roanoke, VA",Roanoke City,297153.1196802128,4.048000113144874,74.76721370730101,78.2422417786012,100.0,34.52937323412631,13.99874261317665,71.20567845608967,41.166666666666664,33.11355642455492,0.9941970819961169,34.90657750267547,Fast Flip
555,95244,87008,NM,Cedar Crest,"Albuquerque, NM",Bernalillo County,450860.2883725918,3.3270419144291554,70.10654637595408,78.47383047707271,100.0,37.57870140352734,13.477484389084388,71.17143712352825,41.0,31.283354714289107,0.9930695561858673,32.709505805373574,Fast Flip
556,68980,26330,WV,Bridgeport,"Clarksburg, WV",Harrison County,299362.06602263567,2.9724594555442336,67.81433181297739,84.72672533580361,82.18055090569078,,15.950583292122378,71.16917053050668,36.5,28.239395447050942,,43.133467199853925,Fast Flip
557,82599,56068,MN,Minnesota Lake,"Mankato, MN",Faribault County,202666.2506632215,9.181947494125843,100.0,76.15794349235756,70.0690904628509,,39.883141321303135,71.16670990410303,42.666666666666664,26.468381445842077,,144.0077430571138,Fast Flip
558,67475,23002,VA,Amelia Court House,"Richmond, VA",Amelia County,323706.3146349751,6.283746106291087,89.22029618837712,98.15886984715146,74.41305492546597,19.34317233370419,18.316970199300226,71.12639558283193,26.833333333333332,27.10358327970458,0.9998123626493056,53.107644024939326,Fast Flip
559,86296,64040,MO,,"Warrensburg, MO",Johnson County,272495.056580233,4.935651820608766,80.50547886880527,74.07364520611394,91.567741825712,,4.46802477135702,71.11693434745652,44.166666666666664,29.612049606294526,,-5.264818280474415,Fast Flip
560,59040,3106,NH,Hooksett,"Concord, NH",Merrimack County,509416.28628180205,6.135137480801868,88.25960891523455,100.0,48.88225762495529,,13.10079847833287,71.11454566744065,22.5,23.370309353358184,,31.121797611942632,Fast Flip
561,95260,87025,NM,Jemez Springs,"Albuquerque, NM",Sandoval County,340153.2474011181,3.431333088970993,70.78074145550349,78.47383047707271,100.0,37.57870140352734,9.734923648659153,71.0854383484394,41.0,31.283354714289107,0.9930695561858673,16.934840009853964,Fast Flip
562,74440,37721,TN,Corryton,"Knoxville, TN",Knox County,321636.3002880113,3.3273499721786384,70.10853782939999,66.89439555349696,100.0,59.112312156618046,5.886286961035119,71.0460958975093,49.333333333333336,32.53614792514818,0.9851072443049699,0.7130705513450136,Fast Flip
563,74485,37807,TN,Maynardville,"Knoxville, TN",Union County,279022.00884552184,3.601587566062512,71.88135932878588,66.89439555349696,100.0,59.112312156618046,0.0,71.01770477436543,49.333333333333336,32.53614792514818,0.9851072443049699,-37.512255635026634,Fast Flip
564,74437,37716,TN,Clinton,"Knoxville, TN",Anderson County,320884.135670298,2.744460051822233,66.34041921390211,66.89439555349696,100.0,59.112312156618046,16.47177628687434,71.01015257147658,49.333333333333336,32.53614792514818,0.9851072443049699,45.3302639594555,Fast Flip
565,82484,55918,MN,Brownsdale,"Austin, MN",Mower County,197210.6925395974,9.213166851527966,100.0,75.46317739694302,72.21425601159228,,30.088389649830322,70.97009557431964,43.166666666666664,26.782061058607347,,102.7234607477677,Fast Flip
566,82514,55953,MN,Lyle,"Austin, MN",Mower County,197256.2755578592,10.367344363962527,100.0,75.46317739694302,72.21425601159228,,30.088389649830322,70.97009557431964,43.166666666666664,26.782061058607347,,102.7234607477677,Fast Flip
567,82529,55970,MN,Rose Creek,"Austin, MN",Mower County,291943.8858961456,9.307967559508581,100.0,75.46317739694302,72.21425601159228,,30.088389649830322,70.97009557431964,43.166666666666664,26.782061058607347,,102.7234607477677,Fast Flip
568,82480,55909,MN,Adams,"Austin, MN",Mower County,239623.5950078652,8.989972873298191,100.0,75.46317739694302,72.21425601159228,,30.088389649830322,70.97009557431964,43.166666666666664,26.782061058607347,,102.7234607477677,Fast Flip
569,86781,65333,MO,Houstonia,"Sedalia, MO",Pettis County,244112.322479406,6.625930437081172,91.43236248383373,67.82075034738304,86.47611161569368,,36.432353459808176,70.89276257107295,48.666666666666664,28.867519379450464,,129.4628821926422,Fast Flip
570,74503,37830,TN,Oak Ridge,"Knoxville, TN",Anderson County,317130.0750590661,2.602065769621967,65.41990484787704,66.89439555349696,100.0,59.112312156618046,16.47177628687434,70.87207541657283,49.333333333333336,32.53614792514818,0.9851072443049699,45.3302639594555,Fast Flip
571,82491,55925,MN,Winona,"Winona, MN",Winona County,330996.20576946833,7.823086657601314,99.17143376069295,83.80037054191754,62.32461025686228,,21.59044613659253,70.86651962482028,37.166666666666664,25.3359347899147,,66.90514591787966,Fast Flip
572,68033,24179,VA,Vinton,"Roanoke, VA",Roanoke County,276087.15961124655,3.706837020642554,72.56174925357915,78.2422417786012,100.0,34.52937323412631,13.632858542625156,70.85656458450381,41.166666666666664,33.11355642455492,0.9941970819961169,33.36439840842292,Fast Flip
573,95299,87104,NM,Albuquerque,"Albuquerque, NM",Bernalillo County,344975.63444671914,2.9731239280829236,67.81862732616965,78.47383047707271,100.0,37.57870140352734,13.477484389084388,70.82824926606058,41.0,31.283354714289107,0.9930695561858673,32.709505805373574,Fast Flip
574,74400,37643,TN,Elizabethton,"Johnson City, TN",Carter County,227592.02753400823,1.9872300507629597,61.44527115325241,74.30523390458544,100.0,,10.87325268707903,70.76728517394672,44.0,34.38620814854661,,21.73282764234553,Fast Flip
575,95239,87002,NM,Belen,"Albuquerque, NM",Valencia County,259945.67789763995,2.5179998722668175,64.87645700002477,78.47383047707271,100.0,37.57870140352734,20.19243426842624,70.72267121110595,41.0,31.283354714289107,0.9930695561858673,61.012610959051585,Fast Flip
576,74509,37846,TN,Philadelphia,"Knoxville, TN",Loudon County,271740.6367304069,2.107146872573219,62.22047894600047,66.89439555349696,100.0,59.112312156618046,22.406528956908613,70.68889916479304,49.333333333333336,32.53614792514818,0.9851072443049699,70.34488534893259,Fast Flip
577,69004,26385,WV,West Milford,"Clarksburg, WV",Harrison County,162889.02164372816,2.47143326836134,64.57542505401092,84.72672533580361,82.18055090569078,,15.950583292122378,70.68333451666172,36.5,28.239395447050942,,43.133467199853925,Fast Flip
578,83813,58746,ND,Kenmare,"Minot, ND",Ward County,235902.6869746678,5.809095431924353,86.15189514132125,87.04261232051874,65.74153470118665,,15.37329969498778,70.5917472434258,34.833333333333336,25.835578995543823,,40.700251964181106,Fast Flip
579,82602,56072,MN,New Richland,"Owatonna, MN",Waseca County,267348.6327668713,6.793494530240869,92.51558824683545,88.20055581287633,60.17089677343574,,15.853602324717897,70.58293708112687,34.0,25.02100524432091,,42.72469832329107,Fast Flip
580,70402,29322,SC,Campobello,"Spartanburg, SC",Spartanburg County,367144.7665675853,4.243066855299488,76.02823160571978,62.262621584066686,100.0,57.374314332003095,16.93868867926183,70.51794959564502,52.666666666666664,31.068293907115454,0.9857498899293652,47.29827128292843,Fast Flip
581,67522,23083,VA,Jetersville,"Richmond, VA",Amelia County,298925.7935279412,5.647336174333883,85.10619500400703,98.15886984715146,74.41305492546597,19.34317233370419,18.316970199300226,70.50928040517641,26.833333333333332,27.10358327970458,0.9998123626493056,53.107644024939326,Fast Flip
582,67919,24016,VA,Roanoke,"Roanoke, VA",Roanoke City,161605.02350130447,3.3197156227968927,70.05918522778872,78.2422417786012,100.0,34.52937323412631,13.99874261317665,70.49947418416282,41.166666666666664,33.11355642455492,0.9941970819961169,34.90657750267547,Fast Flip
583,59128,3450,NH,Harrisville,"Keene, NH",Cheshire County,514250.8430746971,10.36797046763375,100.0,99.77999073645206,39.27562170496323,,14.735733533261056,70.47868886066209,25.666666666666668,21.965566564565933,,38.01294938679433,Fast Flip
584,59172,3609,NH,Walpole,"Keene, NH",Cheshire County,282732.05473675183,8.914391326434446,100.0,99.77999073645206,39.27562170496323,,14.735733533261056,70.47868886066209,25.666666666666668,21.965566564565933,,38.01294938679433,Fast Flip
585,82492,55926,MN,Dexter,"Austin, MN",Mower County,282279.4063892364,7.44118006806042,96.70258110228632,75.46317739694302,72.21425601159228,,30.088389649830322,70.47548273966258,43.166666666666664,26.782061058607347,,102.7234607477677,Fast Flip
586,95316,87122,NM,Albuquerque,"Albuquerque, NM",Bernalillo County,733812.1580052009,2.60518870212961,65.44009318825836,78.47383047707271,100.0,37.57870140352734,13.477484389084388,70.47146914537389,41.0,31.283354714289107,0.9930695561858673,32.709505805373574,Fast Flip
587,67564,23148,VA,Aylett,"Richmond, VA",King and Queen County,278970.7998373053,5.51891903325845,84.27603650763179,98.15886984715146,74.41305492546597,19.34317233370419,19.86749558252138,70.46228289988119,26.833333333333332,27.10358327970458,0.9998123626493056,59.6430141696613,Fast Flip
588,95297,87102,NM,Albuquerque,"Albuquerque, NM",Bernalillo County,242936.035231813,2.593210685873598,65.36266075298239,78.47383047707271,100.0,37.57870140352734,13.477484389084388,70.4598542800825,41.0,31.283354714289107,0.9930695561858673,32.709505805373574,Fast Flip
589,68989,26347,WV,Bridgeport,"Clarksburg, WV",Taylor County,139767.77899705622,2.0055905922232706,61.56396371534873,84.72672533580361,82.18055090569078,,20.366061503440722,70.45238922642831,36.5,28.239395447050942,,61.7444391898587,Fast Flip
590,74464,37757,TN,Jacksboro,"Knoxville, TN",Campbell County,280530.48121387284,2.395886821148922,64.08705158222094,66.89439555349696,100.0,59.112312156618046,11.484098127480136,70.42276351875469,49.333333333333336,32.53614792514818,0.9851072443049699,24.30750400523326,Fast Flip
591,69527,27828,NC,Farmville,"Greenville, NC",Pitt County,205570.624845645,3.2000444876255827,69.28556568758283,76.62112088930058,89.43712003233254,,16.21397718117982,70.38020603153475,42.333333333333336,29.300496673007565,,44.24365641537785,Fast Flip
592,67922,24019,VA,Roanoke,"Roanoke, VA",Roanoke County,298238.82260078075,3.2083294062139935,69.339123923659,78.2422417786012,100.0,34.52937323412631,13.632858542625156,70.3731707850158,41.166666666666664,33.11355642455492,0.9941970819961169,33.36439840842292,Fast Flip
593,74474,37772,TN,Lenoir City,"Knoxville, TN",Loudon County,491501.8710514969,1.7761258897194863,60.080578625115045,66.89439555349696,100.0,59.112312156618046,22.406528956908613,70.36791411666023,49.333333333333336,32.53614792514818,0.9851072443049699,70.34488534893259,Fast Flip
594,70433,29374,SC,Pauline,"Spartanburg, SC",Spartanburg County,315889.6973595777,4.087926706107255,75.0253209981304,62.262621584066686,100.0,57.374314332003095,16.93868867926183,70.3675130045066,52.666666666666664,31.068293907115454,0.9857498899293652,47.29827128292843,Fast Flip
595,59489,4427,ME,Corinth,"Bangor, ME",Penobscot County,256859.50730058787,7.907926774265215,99.71988658476441,68.9786938397406,82.22208545078443,,14.009357438376972,70.35651506623883,47.833333333333336,28.245468889741183,,34.95131834500951,Fast Flip
596,83719,58530,ND,Center,"Bismarck, ND",Oliver County,234550.7178406893,8.79631069260555,100.0,81.25289485873088,57.63484272741053,,,70.34722388240843,39.0,24.65016745440035,,,Fast Flip
597,93036,79706,TX,Midland,"Midland, TX",Midland County,376670.3791755288,2.441907280786392,64.38455295357369,72.22093561834181,100.0,,7.754742832507954,70.32274755108108,45.5,33.22583030941546,,8.588498358780251,Fast Flip
598,68019,24153,VA,Salem,"Roanoke, VA",Salem City,296051.477521702,3.081436539205584,68.51881916687762,78.2422417786012,100.0,34.52937323412631,15.029302295456603,70.31994725914015,41.166666666666664,33.11355642455492,0.9941970819961169,39.250323856530514,Fast Flip
599,74569,37934,TN,Farragut,"Knoxville, TN",Knox County,635767.5395200885,2.5728497552251968,65.23103658326234,66.89439555349696,100.0,59.112312156618046,5.886286961035119,70.31447071058865,49.333333333333336,32.53614792514818,0.9851072443049699,0.7130705513450136,Fast Flip
600,74130,37047,TN,Cornersville,"Lewisburg, TN",Marshall County,300234.1862925098,3.6779734995732,72.37515969824125,67.82075034738304,100.0,,14.158277788780646,70.30145046575927,48.666666666666664,32.822091984371355,,35.57900856053363,Fast Flip
601,67952,24059,VA,Bent Mountain,"Roanoke, VA",Roanoke County,328912.15244035603,3.0993223404994508,68.63444274940123,78.2422417786012,100.0,34.52937323412631,13.632858542625156,70.26746860887712,41.166666666666664,33.11355642455492,0.9941970819961169,33.36439840842292,Fast Flip
602,86784,65336,MO,Knob Noster,"Warrensburg, MO",Johnson County,260724.0974119737,4.059068773275351,74.8387675682097,74.07364520611394,91.567741825712,,4.46802477135702,70.26692765236717,44.166666666666664,29.612049606294526,,-5.264818280474415,Fast Flip
603,69536,27837,NC,Grimesland,"Greenville, NC",Pitt County,311043.8570090363,3.064626941812085,68.41015275381159,76.62112088930058,89.43712003233254,,16.21397718117982,70.24889409146907,42.333333333333336,29.300496673007565,,44.24365641537785,Fast Flip
604,67917,24014,VA,Roanoke,"Roanoke, VA",Roanoke City,281853.5899466519,3.022491811003832,68.13776826881667,78.2422417786012,100.0,34.52937323412631,13.99874261317665,70.21126164031702,41.166666666666664,33.11355642455492,0.9941970819961169,34.90657750267547,Fast Flip
605,67455,22952,VA,Lyndhurst,"Staunton, VA",Augusta County,325644.0291483682,6.521033660297382,90.75425246082452,88.43214451134784,59.61164225106778,,14.7420538623239,70.20440170397856,33.833333333333336,24.939227526924444,,38.03958918921815,Fast Flip
606,95279,87047,NM,Sandia Park,"Albuquerque, NM",Bernalillo County,519611.1263260375,2.326021326633872,63.635402889613346,78.47383047707271,100.0,37.57870140352734,13.477484389084388,70.20076560057714,41.0,31.283354714289107,0.9930695561858673,32.709505805373574,Fast Flip
607,93822,81624,CO,Collbran,"Grand Junction, CO",Mesa County,410324.3754495972,7.06845595152014,94.2930889616062,67.82075034738304,85.42628010041685,,19.221189288475397,70.19885545535298,48.666666666666664,28.71400640541728,,56.918872466363844,Fast Flip
608,95302,87107,NM,Albuquerque,"Albuquerque, NM",Bernalillo County,338480.7133386297,2.310589046963357,63.535640210117215,78.47383047707271,100.0,37.57870140352734,13.477484389084388,70.18580119865271,41.0,31.283354714289107,0.9930695561858673,32.709505805373574,Fast Flip
609,67958,24065,VA,Boones Mill,"Roanoke, VA",Roanoke County,316322.22583819675,2.9597818377505756,67.73237677148474,78.2422417786012,100.0,34.52937323412631,13.632858542625156,70.13215871218965,41.166666666666664,33.11355642455492,0.9941970819961169,33.36439840842292,Fast Flip
610,67915,24012,VA,Roanoke,"Roanoke, VA",Roanoke City,225150.7824015227,2.9106921347786896,67.41503413587266,78.2422417786012,100.0,34.52937323412631,13.99874261317665,70.10285152037542,41.166666666666664,33.11355642455492,0.9941970819961169,34.90657750267547,Fast Flip
611,86579,64748,MO,Golden City,"Joplin, MO",Barton County,142976.67951301843,11.121238393462022,100.0,74.30523390458544,68.45798296548053,,39.231936750159925,70.08292444548303,44.0,26.232795163843996,,141.2629554138993,Fast Flip
612,93837,81643,CO,Mesa,"Grand Junction, CO",Mesa County,519250.6731259752,6.8967132750888505,93.1828505554583,67.82075034738304,85.42628010041685,,19.221189288475397,70.0323196944308,48.666666666666664,28.71400640541728,,56.918872466363844,Fast Flip
613,82186,55334,MN,Gaylord,"Mankato, MN",Sibley County,244201.7223144103,8.733247058251276,100.0,76.15794349235756,70.0690904628509,,16.767220161022315,70.01091384608898,42.666666666666664,26.468381445842077,,46.57554191197533,Fast Flip
614,99906,98603,WA,Cougar,"Longview, WA",Cowlitz County,549267.4523020156,6.155803241305638,88.39320367153101,67.58916164891151,88.7228699229901,,18.270200684294156,70.00941464281092,48.833333333333336,29.196054525012254,,52.91051336499566,Fast Flip
615,69122,26716,WV,Eglon,"Morgantown, WV",Preston County,136725.9676357106,7.065566001825394,94.27440674930104,85.88466882816118,52.56766214963085,,53.114861089988175,69.9984536941587,35.666666666666664,23.909212406720137,,199.7786367653775,Fast Flip
616,100334,99654,AK,Wasilla,"Anchorage, AK",Matanuska Susitna Borough,410730.7954432555,6.625758375911498,91.43125018651342,96.30616025937934,72.77623623681933,19.310577888761486,10.164346165579314,69.98623556399588,28.166666666666668,26.864237345437232,0.9998244148378213,18.744829789396388,Fast Flip
617,82606,56078,MN,Pemberton,"Mankato, MN",Waseca County,234880.8070242176,11.060813966550201,100.0,76.15794349235756,70.0690904628509,,15.853602324717897,69.96523295427377,42.666666666666664,26.468381445842077,,42.72469832329107,Fast Flip
618,82604,56074,MN,Nicollet,"Mankato, MN",Nicollet County,312272.06326693826,8.187051118488881,100.0,76.15794349235756,70.0690904628509,,15.355932976345327,69.94034948685514,42.666666666666664,26.468381445842077,,40.62705230182414,Fast Flip
619,82590,56054,MN,Lafayette,"Mankato, MN",Nicollet County,240885.02008173976,10.272475791601808,100.0,76.15794349235756,70.0690904628509,,15.355932976345327,69.94034948685514,42.666666666666664,26.468381445842077,,40.62705230182414,Fast Flip
620,82561,56021,MN,Courtland,"Mankato, MN",Nicollet County,329690.73097697867,9.498615054275017,100.0,76.15794349235756,70.0690904628509,,15.355932976345327,69.94034948685514,42.666666666666664,26.468381445842077,,40.62705230182414,Fast Flip
621,95286,87059,NM,Tijeras,"Albuquerque, NM",Bernalillo County,433113.2159332286,2.055576229740972,61.88709816091061,78.47383047707271,100.0,37.57870140352734,13.477484389084388,69.93851989127172,41.0,31.283354714289107,0.9930695561858673,32.709505805373574,Fast Flip
622,82616,56090,MN,Vernon Center,"Mankato, MN",Blue Earth County,221523.83552868429,8.111973156340829,100.0,76.15794349235756,70.0690904628509,,15.266330342380346,69.9358693551569,42.666666666666664,26.468381445842077,,40.24938265175582,Fast Flip
623,82577,56037,MN,Good Thunder,"Mankato, MN",Blue Earth County,322209.9571303828,8.123053384912247,100.0,76.15794349235756,70.0690904628509,,15.266330342380346,69.9358693551569,42.666666666666664,26.468381445842077,,40.24938265175582,Fast Flip
624,82591,56055,MN,Lake Crystal,"Mankato, MN",Blue Earth County,277426.4115322712,8.131166548832274,100.0,76.15794349235756,70.0690904628509,,15.266330342380346,69.9358693551569,42.666666666666664,26.468381445842077,,40.24938265175582,Fast Flip
625,82519,55959,MN,,"Winona, MN",Winona County,313869.5197572573,6.842626371310019,92.83320328610934,83.80037054191754,62.32461025686228,,21.59044613659253,69.91578505363275,37.166666666666664,25.3359347899147,,66.90514591787966,Fast Flip
626,95265,87031,NM,Los Lunas,"Albuquerque, NM",Valencia County,314566.2512214619,1.614809672790346,59.037742544469296,78.47383047707271,100.0,37.57870140352734,20.19243426842624,69.84686404277262,41.0,31.283354714289107,0.9930695561858673,61.012610959051585,Fast Flip
627,95314,87120,NM,Albuquerque,"Albuquerque, NM",Bernalillo County,350372.30644564395,1.9589340726981497,61.26235050568909,78.47383047707271,100.0,37.57870140352734,13.477484389084388,69.8448077429885,41.0,31.283354714289107,0.9930695561858673,32.709505805373574,Fast Flip
628,95317,87123,NM,Albuquerque,"Albuquerque, NM",Bernalillo County,333894.0656304376,1.9566705640369508,61.24771795016747,78.47383047707271,100.0,37.57870140352734,13.477484389084388,69.84261285966025,41.0,31.283354714289107,0.9930695561858673,32.709505805373574,Fast Flip
629,90477,74630,OK,Billings,"Enid, OK",Noble County,63997.07367921186,11.656962056193622,100.0,69.90504863362668,78.58510429268473,,13.763556126995665,69.8012209012903,47.166666666666664,27.71364660591947,,33.91528077392657,Fast Flip
630,59110,3301,NH,Concord,"Concord, NH",Merrimack County,451923.8145334391,4.757604394972173,79.35448312234857,100.0,48.88225762495529,,13.10079847833287,69.77877679850775,22.5,23.370309353358184,,31.121797611942632,Fast Flip
631,82539,55982,MN,Waltham,"Austin, MN",Mower County,282024.75952079106,6.722526946030091,92.05681504485928,75.46317739694302,72.21425601159228,,30.088389649830322,69.77861783104854,43.166666666666664,26.782061058607347,,102.7234607477677,Fast Flip
632,95952,89701,NV,Carson City,"Carson City, NV",Carson City,463769.1010568617,2.333178333376228,63.681669687846245,70.36822603056969,100.0,,11.289953409729552,69.7456272343628,46.833333333333336,31.604261298999397,,23.48919583313049,Fast Flip
633,90270,74061,OK,,"Bartlesville, OK",Washington County,257665.1609590974,8.263544261999114,100.0,71.06299212598424,79.3787176091494,,0.0,69.71672664638183,46.333333333333336,27.82969374174079,,-37.19437346980591,Fast Flip
634,95954,89703,NV,Carson City,"Carson City, NV",Carson City,610795.3883227443,2.285975516231175,63.376524912174936,70.36822603056969,100.0,,11.289953409729552,69.6998555180121,46.833333333333336,31.604261298999397,,23.48919583313049,Fast Flip
635,70356,29201,SC,Columbia,"Columbia, SC",Richland County,235797.8729621429,3.071519429398386,68.45470955583204,71.75775822139877,97.13387933647242,45.45370748670096,18.62634266829414,69.68895027573738,45.833333333333336,30.425965278209905,0.9901576778568141,54.41163015721497,Fast Flip
636,90165,73754,OK,Lahoma,"Enid, OK",Garfield County,146230.21126538122,5.021156114018488,81.05822529390242,69.90504863362668,78.58510429268473,,68.21219570926245,69.68238667448901,47.166666666666664,27.71364660591947,,263.412983550921,Fast Flip
637,69528,27829,NC,,"Greenville, NC",Pitt County,181229.302354392,2.471859564321919,64.57818086379365,76.62112088930058,89.43712003233254,,16.21397718117982,69.67409830796637,42.333333333333336,29.300496673007565,,44.24365641537785,Fast Flip
638,95300,87105,NM,Albuquerque,"Albuquerque, NM",Bernalillo County,270082.070397876,1.7804633874403553,60.108618578004766,78.47383047707271,100.0,37.57870140352734,13.477484389084388,69.67174795383585,41.0,31.283354714289107,0.9930695561858673,32.709505805373574,Fast Flip
639,95315,87121,NM,Albuquerque,"Albuquerque, NM",Bernalillo County,281198.11173371325,1.7661706101509425,60.01622226389717,78.47383047707271,100.0,37.57870140352734,13.477484389084388,69.65788850671971,41.0,31.283354714289107,0.9930695561858673,32.709505805373574,Fast Flip
640,95240,87004,NM,Bernalillo,"Albuquerque, NM",Sandoval County,336930.0660759888,1.9399863095204244,61.13986182187657,78.47383047707271,100.0,37.57870140352734,9.734923648659153,69.63930640339535,41.0,31.283354714289107,0.9930695561858673,16.934840009853964,Fast Flip
641,86339,64093,MO,Warrensburg,"Warrensburg, MO",Johnson County,260248.93169746184,3.40962634011917,70.640417182302,74.07364520611394,91.567741825712,,4.46802477135702,69.63717509448102,44.166666666666664,29.612049606294526,,-5.264818280474415,Fast Flip
642,62901,13026,NY,Aurora,"Auburn, NY",Cayuga County,326499.4856179395,5.505535880016125,84.18952049988263,89.3584993052339,58.890561908748104,,20.029967125310982,69.62804166526684,33.166666666666664,24.83378661925921,,60.327821836536266,Fast Flip
643,86798,65360,MO,Windsor,"Sedalia, MO",Henry County,174004.52554773472,7.161812399875927,94.89659600237148,67.82075034738304,86.47611161569368,,0.7338328454760233,69.627471568137,48.666666666666664,28.867519379450464,,-21.004210031911295,Fast Flip
644,70298,29078,SC,Lugoff,"Columbia, SC",Kershaw County,255212.70889511533,2.8684456927119477,67.14193007414363,71.75775822139877,97.13387933647242,45.45370748670096,20.730955718518164,69.59726400599531,45.833333333333336,30.425965278209905,0.9901576778568141,63.28244610351833,Fast Flip
645,59112,3303,NH,Boscawen,"Concord, NH",Merrimack County,412320.6549483832,4.548869720285112,78.00510824740256,100.0,48.88225762495529,,13.10079847833287,69.57637056726585,22.5,23.370309353358184,,31.121797611942632,Fast Flip
646,82826,56374,MN,Saint Joseph,"St. Cloud, MN",Stearns County,327580.3113706688,5.759687471163128,85.83249511363793,68.51551644279758,87.18688921397023,,18.195172969111503,69.56178597397297,48.166666666666664,28.97145375501436,,52.59427611074784,Fast Flip
647,69555,27858,NC,Greenville,"Greenville, NC",Pitt County,259708.3282256433,2.328185836875251,63.649395465310974,76.62112088930058,89.43712003233254,,16.21397718117982,69.53478049819397,42.333333333333336,29.300496673007565,,44.24365641537785,Fast Flip
648,59068,3242,NH,Henniker,"Concord, NH",Merrimack County,482508.3324533607,4.497214602250696,77.67118136849511,100.0,48.88225762495529,,13.10079847833287,69.52628153542973,22.5,23.370309353358184,,31.121797611942632,Fast Flip
649,69068,26568,WV,Shinnston,"Clarksburg, WV",Harrison County,94171.95177036592,1.1965791752743757,56.33407231751588,84.72672533580361,82.18055090569078,,15.950583292122378,69.44713160618745,36.5,28.239395447050942,,43.133467199853925,Fast Flip
650,69580,27884,NC,Stokes,"Greenville, NC",Pitt County,227507.6844440387,2.2358930631103644,63.05276459770778,76.62112088930058,89.43712003233254,,16.21397718117982,69.44528586805349,42.333333333333336,29.300496673007565,,44.24365641537785,Fast Flip
651,82500,55936,MN,Grand Meadow,"Austin, MN",Mower County,262032.24912037028,6.276592860675392,89.17405370411997,75.46317739694302,72.21425601159228,,30.088389649830322,69.34620362993765,43.166666666666664,26.782061058607347,,102.7234607477677,Fast Flip
652,94436,84071,UT,,"Salt Lake City, UT",Tooele County,611854.6574730325,4.683961636120575,78.87841613125073,74.99999999999999,100.0,27.053600054379572,14.878868895201428,69.23642587532359,43.5,35.336829323051596,0.9969613391516173,38.61625622794757,Fast Flip
653,83821,58759,ND,Max,"Minot, ND",Ward County,168121.1705027501,4.354863516499365,76.75094624789473,87.04261232051874,65.74153470118665,,15.37329969498778,69.18160490941182,34.833333333333336,25.835578995543823,,40.700251964181106,Fast Flip
654,93812,81527,CO,Whitewater,"Grand Junction, CO",Mesa County,544057.1535225558,5.922132794543536,86.88263035470716,67.82075034738304,85.42628010041685,,19.221189288475397,69.08728666431811,48.666666666666664,28.71400640541728,,56.918872466363844,Fast Flip
655,69055,26542,WV,Masontown,"Morgantown, WV",Preston County,164765.2298660977,6.062664068462578,87.79110121827979,85.88466882816118,52.56766214963085,,53.114861089988175,69.0259578645055,35.666666666666664,23.909212406720137,,199.7786367653775,Fast Flip
656,94266,83670,ID,Horseshoe Bend,"Boise City, ID",Boise County,640169.0830429988,2.443242653891655,64.39318553423918,79.63177396943028,100.0,27.184203232183563,20.91216744044573,69.01254773789547,40.166666666666664,32.96762557134984,0.9969130470539178,64.04624248516723,Fast Flip
657,70054,28590,NC,Winterville,"Greenville, NC",Pitt County,276508.30949777755,1.761103603457892,59.98346636680898,76.62112088930058,89.43712003233254,,16.21397718117982,68.98489113341867,42.333333333333336,29.300496673007565,,44.24365641537785,Fast Flip
658,100376,99701,AK,Fairbanks,"Fairbanks, AK",Fairbanks North Star Borough,248810.6891438425,1.0639393775090624,55.47661626336119,92.36915238536359,67.64023838084483,,27.915394746307392,68.95652510690802,31.0,26.113219402057258,,93.5644194506726,Fast Flip
659,93808,81523,CO,Glade Park,"Grand Junction, CO",Mesa County,591818.7532409296,5.787001563745935,86.00906831748367,67.82075034738304,85.42628010041685,,19.221189288475397,68.9562523587346,48.666666666666664,28.71400640541728,,56.918872466363844,Fast Flip
660,94219,83604,ID,,"Boise City, ID",Owyhee County,495220.292849967,2.3998033807979793,64.11237036164555,79.63177396943028,100.0,27.184203232183563,20.40702789304141,68.94516848463621,40.166666666666664,32.96762557134984,0.9969130470539178,61.9171100293242,Fast Flip
661,90133,73703,OK,Enid,"Enid, OK",Garfield County,188273.21257731025,4.250957532902197,76.07924125286804,69.90504863362668,78.58510429268473,,68.21219570926245,68.93553906833385,47.166666666666664,27.71364660591947,,263.412983550921,Fast Flip
662,70297,29075,SC,Little Mountain,"Columbia, SC",Richland County,324586.2650147395,2.2373470127863766,63.06216372205158,71.75775822139877,97.13387933647242,45.45370748670096,18.62634266829414,68.88006840067031,45.833333333333336,30.425965278209905,0.9901576778568141,54.41163015721497,Fast Flip
663,94159,83431,ID,Lewisville,"Idaho Falls, ID",Jefferson County,381468.74822302297,4.467255749338108,77.47751099023594,61.33626679018062,100.0,,15.807864769128013,68.879713263555,53.333333333333336,31.866335061146362,,42.531917309494496,Fast Flip
664,69137,26764,WV,Terra Alta,"Morgantown, WV",Preston County,172799.17874955715,5.902088017950714,86.75304997737496,85.88466882816118,52.56766214963085,,53.114861089988175,68.87025017836977,35.666666666666664,23.909212406720137,,199.7786367653775,Fast Flip
665,94161,83434,ID,Menan,"Idaho Falls, ID",Jefferson County,408565.7251726464,4.406509207765804,77.08481218702839,61.33626679018062,100.0,,15.807864769128013,68.82080844307387,53.333333333333336,31.866335061146362,,42.531917309494496,Fast Flip
666,62943,13081,NY,King Ferry,"Auburn, NY",Cayuga County,315002.0317170768,4.655537347935282,78.69466601703056,89.3584993052339,58.890561908748104,,20.029967125310982,68.80381349283901,33.166666666666664,24.83378661925921,,60.327821836536266,Fast Flip
667,100355,99676,AK,Talkeetna,"Anchorage, AK",Matanuska Susitna Borough,247756.8280616117,5.384709744830851,83.40843440913001,96.30616025937934,72.77623623681933,19.310577888761486,10.164346165579314,68.78281319738836,28.166666666666668,26.864237345437232,0.9998244148378213,18.744829789396388,Fast Flip
668,70397,29316,SC,Boiling Springs,"Spartanburg, SC",Spartanburg County,279814.2982540275,2.4289704390516103,64.3009221470283,62.262621584066686,100.0,57.374314332003095,16.93868867926183,68.7588531768413,52.666666666666664,31.068293907115454,0.9857498899293652,47.29827128292843,Fast Flip
669,70420,29349,SC,Inman,"Spartanburg, SC",Spartanburg County,299772.7254214483,2.4076384477404518,64.16302051113098,62.262621584066686,100.0,57.374314332003095,16.93868867926183,68.73816793145669,52.666666666666664,31.068293907115454,0.9857498899293652,47.29827128292843,Fast Flip
670,94260,83656,ID,Notus,"Boise City, ID",Canyon County,335406.4531038526,2.589114684999737,65.33618196753271,79.63177396943028,100.0,27.184203232183563,12.225405283173508,68.71965909502589,40.166666666666664,32.96762557134984,0.9969130470539178,27.432068559811867,Fast Flip
671,94465,84105,UT,Salt Lake City,"Salt Lake City, UT",Salt Lake County,692542.3259117006,4.299751833184198,76.39467424424724,74.99999999999999,100.0,27.053600054379572,11.839060973610513,68.71187419619352,43.5,35.336829323051596,0.9969613391516173,25.803650803079737,Fast Flip
672,94284,83712,ID,Boise,"Boise City, ID",Ada County,770018.8584501917,2.5123323886125664,64.83981929208919,79.63177396943028,100.0,27.184203232183563,12.720666155968917,68.66996773734913,40.166666666666664,32.96762557134984,0.9969130470539178,29.519563003270733,Fast Flip
673,94275,83702,ID,Boise,"Boise City, ID",Ada County,692326.5015102741,2.4949232135042645,64.72727688139534,79.63177396943028,100.0,27.184203232183563,12.720666155968917,68.65308637574505,40.166666666666664,32.96762557134984,0.9969130470539178,29.519563003270733,Fast Flip
674,70296,29074,SC,Liberty Hill,"Columbia, SC",Kershaw County,431056.0980309702,1.8916128378757286,60.82714929651814,71.75775822139877,97.13387933647242,45.45370748670096,20.730955718518164,68.65004688935149,45.833333333333336,30.425965278209905,0.9901576778568141,63.28244610351833,Fast Flip
675,422747,99623,AK,Meadow Lakes,"Anchorage, AK",Matanuska Susitna Borough,351216.7058984078,5.246872278571047,82.51737778868092,96.30616025937934,72.77623623681933,19.310577888761486,10.164346165579314,68.649154704321,28.166666666666668,26.864237345437232,0.9998244148378213,18.744829789396388,Fast Flip
676,69994,28513,NC,Ayden,"Greenville, NC",Pitt County,222687.662637801,1.4063769240698338,57.69031948377727,76.62112088930058,89.43712003233254,,16.21397718117982,68.64091910096391,42.333333333333336,29.300496673007565,,44.24365641537785,Fast Flip
677,70009,28530,NC,Grifton,"Greenville, NC",Pitt County,173928.7008445093,1.391746698485154,57.59574171969302,76.62112088930058,89.43712003233254,,16.21397718117982,68.62673243635128,42.333333333333336,29.300496673007565,,44.24365641537785,Fast Flip
678,83452,57790,SD,Wall,"Rapid City, SD",Pennington County,306799.0957873908,5.433424098636183,83.72335058284524,67.1259842519685,86.68513563424995,,16.210858117436672,68.53442389005006,49.166666666666664,28.8980841874849,,44.23050975148763,Fast Flip
679,59124,3446,NH,Swanzey,"Keene, NH",Cheshire County,364384.8142600511,5.9435233190148224,87.02091038090187,99.77999073645206,39.27562170496323,,14.735733533261056,68.53182541779736,25.666666666666668,21.965566564565933,,38.01294938679433,Fast Flip
680,100234,99516,AK,Anchorage,"Anchorage, AK",Anchorage Borough,657452.5909848859,4.7755763897877666,79.47066390684533,96.30616025937934,72.77623623681933,19.310577888761486,16.906296235464914,68.52924512553994,28.166666666666668,26.864237345437232,0.9998244148378213,47.16173910332287,Fast Flip
681,70396,29307,SC,Spartanburg,"Spartanburg, SC",Spartanburg County,257502.46761412543,2.1871453636442424,62.737632859439465,62.262621584066686,100.0,57.374314332003095,16.93868867926183,68.52435978370296,52.666666666666664,31.068293907115454,0.9857498899293652,47.29827128292843,Fast Flip
682,100227,99508,AK,Anchorage,"Anchorage, AK",Anchorage Borough,327863.0742241431,4.76882841032092,79.42704128418877,96.30616025937934,72.77623623681933,19.310577888761486,16.906296235464914,68.52270173214146,28.166666666666668,26.864237345437232,0.9998244148378213,47.16173910332287,Fast Flip
683,100226,99507,AK,Anchorage,"Anchorage, AK",Anchorage Borough,399628.2057619868,4.757469278491059,79.35360965566134,96.30616025937934,72.77623623681933,19.310577888761486,16.906296235464914,68.51168698786235,28.166666666666668,26.864237345437232,0.9998244148378213,47.16173910332287,Fast Flip
684,69078,26585,WV,,"Fairmont, WV",Wetzel County,109985.93175524772,3.2944170196385207,69.89564124773693,83.33719314497452,70.57042788350611,,24.30231991618989,68.51008675458765,37.5,26.541690159972852,,78.33552888820934,Fast Flip
685,59115,3307,NH,Loudon,"Concord, NH",Merrimack County,496194.57346832,3.4411690908705252,70.84432674076119,100.0,48.88225762495529,,13.10079847833287,68.50225334126965,22.5,23.370309353358184,,31.121797611942632,Fast Flip
686,94468,84108,UT,Salt Lake City,"Salt Lake City, UT",Salt Lake County,897899.1103216828,4.0735849365476655,74.93260797124597,74.99999999999999,100.0,27.053600054379572,11.839060973610513,68.49256425524332,43.5,35.336829323051596,0.9969613391516173,25.803650803079737,Fast Flip
687,76345,42376,KY,Utica,"Owensboro, KY",Daviess County,237735.512014082,4.679243863712221,78.84791787520827,81.4844835572024,67.59434059823289,,24.91082191910167,68.49088317181538,38.833333333333336,26.106507939305608,,80.90032780467182,Fast Flip
688,70390,29301,SC,Spartanburg,"Spartanburg, SC",Spartanburg County,232300.82494720115,2.1438607060035,62.4578172055304,62.262621584066686,100.0,57.374314332003095,16.93868867926183,68.4823874356166,52.666666666666664,31.068293907115454,0.9857498899293652,47.29827128292843,Fast Flip
689,70364,29209,SC,Columbia,"Columbia, SC",Richland County,221554.8078546585,1.8080009495123313,60.286636410609226,71.75775822139877,97.13387933647242,45.45370748670096,18.62634266829414,68.46373930395396,45.833333333333336,30.425965278209905,0.9901576778568141,54.41163015721497,Fast Flip
690,94269,83676,ID,Wilder,"Boise City, ID",Canyon County,527052.5049507277,2.3220421669464897,63.6096794293708,79.63177396943028,100.0,27.184203232183563,12.225405283173508,68.46068371430161,40.166666666666664,32.96762557134984,0.9969130470539178,27.432068559811867,Fast Flip
691,93811,81526,CO,Palisade,"Grand Junction, CO",Mesa County,552407.6534725433,5.260718132317753,82.60688494505534,67.82075034738304,85.42628010041685,,19.221189288475397,68.44592485287033,48.666666666666664,28.71400640541728,,56.918872466363844,Fast Flip
692,69312,27349,NC,,"Burlington, NC",Alamance County,305695.0955460442,2.9302904716531812,67.54172848317653,69.67345993515515,91.57228875260046,,20.698614913105196,68.44497318358616,47.333333333333336,29.612714486572173,,63.14613157655903,Fast Flip
693,70410,29333,SC,Spartanburg,"Spartanburg, SC",Spartanburg County,144611.88827069837,2.0934927802597962,62.13221144020371,62.262621584066686,100.0,57.374314332003095,16.93868867926183,68.4335465708176,52.666666666666664,31.068293907115454,0.9857498899293652,47.29827128292843,Fast Flip
694,70427,29365,SC,Lyman,"Spartanburg, SC",Spartanburg County,303844.0281766211,2.0576553690424895,61.900538852253284,62.262621584066686,100.0,57.374314332003095,16.93868867926183,68.39879568262504,52.666666666666664,31.068293907115454,0.9857498899293652,47.29827128292843,Fast Flip
695,59087,3263,NH,Pittsfield,"Concord, NH",Merrimack County,404078.96344321663,3.3186583465909787,70.05235041727974,100.0,48.88225762495529,,13.10079847833287,68.38345689274743,22.5,23.370309353358184,,31.121797611942632,Fast Flip
696,59062,3234,NH,Epsom,"Concord, NH",Merrimack County,470330.8807127105,3.302824486532136,69.94999170295092,100.0,48.88225762495529,,13.10079847833287,68.36810308559811,22.5,23.370309353358184,,31.121797611942632,Fast Flip
697,70440,29385,SC,Lyman,"Spartanburg, SC",Spartanburg County,268422.5259551809,1.9993054017645875,61.5233328134542,62.262621584066686,100.0,57.374314332003095,16.93868867926183,68.34221477680516,52.666666666666664,31.068293907115454,0.9857498899293652,47.29827128292843,Fast Flip
698,93959,82639,WY,Kaycee,"Casper, WY",Johnson County,388585.29043957154,7.206064555907976,95.1826660939907,84.72672533580361,56.691727551228254,,4.46802477135702,68.32808690800478,36.5,24.51225921536888,,-5.264818280474415,Fast Flip
699,94484,84124,UT,Holladay,"Salt Lake City, UT",Salt Lake County,791363.5786780184,3.8952864061752828,73.77998894671165,74.99999999999999,100.0,27.053600054379572,11.839060973610513,68.31967140156318,43.5,35.336829323051596,0.9969613391516173,25.803650803079737,Fast Flip
700,83751,58579,ND,Wilton,"Bismarck, ND",McLean County,237895.32180833435,7.791169583926615,98.9651043745332,81.25289485873088,57.63484272741053,,12.472268049563779,68.3156029410666,39.0,24.65016745440035,,28.472580099170745,Fast Flip
701,59135,3461,NH,Rindge,"Keene, NH",Cheshire County,455950.37903633126,5.719348859974737,85.57172431209558,99.77999073645206,39.27562170496323,,14.735733533261056,68.31444750747642,25.666666666666668,21.965566564565933,,38.01294938679433,Fast Flip
702,94288,83716,ID,Boise,"Boise City, ID",Ada County,612327.7113521352,2.114687975593163,62.269228752230546,79.63177396943028,100.0,27.184203232183563,12.720666155968917,68.28437915637033,40.166666666666664,32.96762557134984,0.9969130470539178,29.519563003270733,Fast Flip
703,70274,29045,SC,Elgin,"Columbia, SC",Kershaw County,294730.98419847613,1.5070661770741198,58.341229776400006,71.75775822139877,97.13387933647242,45.45370748670096,20.730955718518164,68.27715896133377,45.833333333333336,30.425965278209905,0.9901576778568141,63.28244610351833,Fast Flip
704,83733,58558,ND,Menoken,"Bismarck, ND",Burleigh County,367134.6152791148,7.428331579929845,96.61952146166631,81.25289485873088,57.63484272741053,,18.705670334835624,68.27543561840017,39.0,24.65016745440035,,54.74599144479907,Fast Flip
705,100220,99501,AK,Anchorage,"Anchorage, AK",Anchorage Borough,338888.58447939105,4.505149210971869,77.72247501037293,96.30616025937934,72.77623623681933,19.310577888761486,16.906296235464914,68.26701679106908,28.166666666666668,26.864237345437232,0.9998244148378213,47.16173910332287,Fast Flip
706,94169,83444,ID,Roberts,"Idaho Falls, ID",Jefferson County,394726.717506004,3.828303387729969,73.34697415281764,61.33626679018062,100.0,,15.807864769128013,68.26013273794226,53.333333333333336,31.866335061146362,,42.531917309494496,Fast Flip
707,70391,29302,SC,Spartanburg,"Spartanburg, SC",Spartanburg County,265374.0913022482,1.9130234637392465,60.965559269084565,62.262621584066686,100.0,57.374314332003095,16.93868867926183,68.25854874514972,52.666666666666664,31.068293907115454,0.9857498899293652,47.29827128292843,Fast Flip
708,83786,58701,ND,Minot,"Minot, ND",Ward County,278255.2105812776,3.397650005267573,70.56299561654194,87.04261232051874,65.74153470118665,,15.37329969498778,68.2534123147089,34.833333333333336,25.835578995543823,,40.700251964181106,Fast Flip
709,90261,74051,OK,Ochelata,"Bartlesville, OK",Washington County,177467.67157491678,6.433019920772316,90.18528360625727,71.06299212598424,79.3787176091494,,0.0,68.24451918732042,46.333333333333336,27.82969374174079,,-37.19437346980591,Fast Flip
710,59047,3216,NH,Andover,"Concord, NH",Merrimack County,432207.2653262361,3.141913578202444,68.9097757583296,100.0,48.88225762495529,,13.10079847833287,68.2120706939049,22.5,23.370309353358184,,31.121797611942632,Fast Flip
711,83788,58703,ND,Minot,"Minot, ND",Ward County,261209.1361460765,3.3549246671038238,70.28679570903657,87.04261232051874,65.74153470118665,,15.37329969498778,68.2119823285831,34.833333333333336,25.835578995543823,,40.700251964181106,Fast Flip
712,94254,83650,ID,Murphy,"Boise City, ID",Owyhee County,407435.9658178322,1.609555063123632,59.00377387935632,79.63177396943028,100.0,27.184203232183563,20.40702789304141,68.17887901229282,40.166666666666664,32.96762557134984,0.9969130470539178,61.9171100293242,Fast Flip
713,76322,42343,KY,Fordsville,"Owensboro, KY",Ohio County,146409.99056898605,3.906473986643635,73.85231157359702,81.4844835572024,67.59434059823289,,33.63309400503625,68.17765583087042,38.833333333333336,26.106507939305608,,117.66417391864947,Fast Flip
714,90138,73718,OK,Ames,"Enid, OK",Major County,161806.37052173613,4.845049809813968,79.91977801594327,69.90504863362668,78.58510429268473,,40.775002869556936,68.13975994080985,47.166666666666664,27.71364660591947,,147.7668852154799,Fast Flip
715,94469,84109,UT,Millcreek,"Salt Lake City, UT",Salt Lake County,774265.7584198788,3.696519300088673,72.49504987599374,74.99999999999999,100.0,27.053600054379572,11.839060973610513,68.1269305409555,43.5,35.336829323051596,0.9969613391516173,25.803650803079737,Fast Flip
716,86284,64019,MO,Centerview,"Warrensburg, MO",Johnson County,309628.6499447692,1.845901744102108,60.531647834976596,74.07364520611394,91.567741825712,,4.46802477135702,68.12085969238221,44.166666666666664,29.612049606294526,,-5.264818280474415,Fast Flip
717,100367,99688,AK,Willow,"Anchorage, AK",Matanuska Susitna Borough,256354.99630154416,4.6923737349625085,78.932796529907,96.30616025937934,72.77623623681933,19.310577888761486,10.164346165579314,68.11146751550491,28.166666666666668,26.864237345437232,0.9998244148378213,18.744829789396388,Fast Flip
718,59501,4448,ME,Howland,"Bangor, ME",Penobscot County,184312.5974710544,5.56969275134434,84.60426553616004,68.9786938397406,82.22208545078443,,14.009357438376972,68.08917190894817,47.833333333333336,28.245468889741183,,34.95131834500951,Fast Flip
719,59143,3470,NH,Winchester,"Keene, NH",Cheshire County,324496.4357958464,5.450410900467658,83.83316254212534,99.77999073645206,39.27562170496323,,14.735733533261056,68.05366324198089,25.666666666666668,21.965566564565933,,38.01294938679433,Fast Flip
720,59097,3278,NH,Sutton,"Concord, NH",Merrimack County,446446.3955892773,2.9401453968563422,67.60543609899817,100.0,48.88225762495529,,13.10079847833287,68.0164197450052,22.5,23.370309353358184,,31.121797611942632,Fast Flip
721,69533,27834,NC,Greenville,"Greenville, NC",Pitt County,207811.30839013905,0.7316084386011461,53.328247671502346,76.62112088930058,89.43712003233254,,16.21397718117982,67.98660832912267,42.333333333333336,29.300496673007565,,44.24365641537785,Fast Flip
722,69062,26559,WV,Barrackville,"Fairmont, WV",Marion County,160243.47209374778,2.9834650449051034,67.88547795000419,83.33719314497452,70.57042788350611,,19.840944687846413,67.98549349851055,37.5,26.541690159972852,,59.53110376416123,Fast Flip
723,94286,83714,ID,Boise,"Boise City, ID",Ada County,548294.7181783995,1.806456254829541,60.27665066100848,79.63177396943028,100.0,27.184203232183563,12.720666155968917,67.98549244268702,40.166666666666664,32.96762557134984,0.9969130470539178,29.519563003270733,Fast Flip
724,75631,40328,KY,Gravel Switch,"Danville, KY",Marion County,248881.2708919441,8.98599656549296,100.0,59.715145900880024,84.33976353641187,,19.840944687846413,67.9772891838033,54.5,28.555129112585455,,59.53110376416123,Fast Flip
725,94411,84044,UT,Magna,"Salt Lake City, UT",Salt Lake County,439697.0007302966,3.5160130080622367,71.32815867502148,74.99999999999999,100.0,27.053600054379572,11.839060973610513,67.95189686080965,43.5,35.336829323051596,0.9969613391516173,25.803650803079737,Fast Flip
726,93810,81525,CO,Mack,"Grand Junction, CO",Mesa County,469321.2696011995,4.717365090511219,79.0943542936989,67.82075034738304,85.42628010041685,,19.221189288475397,67.91904525516688,48.666666666666664,28.71400640541728,,56.918872466363844,Fast Flip
727,93809,81524,CO,Loma,"Grand Junction, CO",Mesa County,622381.6137004722,4.7152007743476165,79.08036297262593,67.82075034738304,85.42628010041685,,19.221189288475397,67.91694655700594,48.666666666666664,28.71400640541728,,56.918872466363844,Fast Flip
728,94178,83454,ID,Idaho Falls,"Idaho Falls, ID",Bonneville County,344325.50101899134,3.580935685449572,71.74785429968009,61.33626679018062,100.0,,13.44246588526749,67.90199481577861,53.333333333333336,31.866335061146362,,32.5619049425729,Fast Flip
729,86563,64726,MO,Blairstown,"Warrensburg, MO",Henry County,311331.98773274623,1.7560153835724475,59.95057333606595,74.07364520611394,91.567741825712,,0.7338328454760233,67.84698892125157,44.166666666666664,29.612049606294526,,-21.004210031911295,Fast Flip
730,59058,3229,NH,Hopkinton,"Concord, NH",Merrimack County,537346.8283626213,2.7133948004287256,66.13959647193496,100.0,48.88225762495529,,13.10079847833287,67.79654380094571,22.5,23.370309353358184,,31.121797611942632,Fast Flip
731,95957,89706,NV,Carson City,"Carson City, NV",Carson City,441661.7325855733,0.3184411054564182,50.657308502771606,70.36822603056969,100.0,,11.289953409729552,67.7919730566016,46.833333333333336,31.604261298999397,,23.48919583313049,Fast Flip
732,59059,3230,NH,Danbury,"Concord, NH",Merrimack County,372491.7085690797,2.702829817831471,66.07129865753323,100.0,48.88225762495529,,13.10079847833287,67.78629912878544,22.5,23.370309353358184,,31.121797611942632,Fast Flip
733,69060,26554,WV,Pleasant Valley,"Fairmont, WV",Marion County,179343.90520676575,2.7656810715785354,66.47760346909506,83.33719314497452,70.57042788350611,,19.840944687846413,67.77431232637419,37.5,26.541690159972852,,59.53110376416123,Fast Flip
734,94262,83660,ID,Parma,"Boise City, ID",Canyon County,485383.1005246164,1.6059958147305518,58.980764954928624,79.63177396943028,100.0,27.184203232183563,12.225405283173508,67.76634654313528,40.166666666666664,32.96762557134984,0.9969130470539178,27.432068559811867,Fast Flip
735,68999,26374,WV,Independence,"Morgantown, WV",Preston County,192796.58900321543,4.7589543712917,79.36321010616221,85.88466882816118,52.56766214963085,,53.114861089988175,67.76177419768787,35.666666666666664,23.909212406720137,,199.7786367653775,Fast Flip
736,94247,83641,ID,Melba,"Boise City, ID",Canyon County,633821.9339412317,1.5459106663276037,58.59234175818906,79.63177396943028,100.0,27.184203232183563,12.225405283173508,67.70808306362434,40.166666666666664,32.96762557134984,0.9969130470539178,27.432068559811867,Fast Flip
737,86122,63626,MO,Cadet,"Farmington, MO",Washington County,267895.2431764176,5.205573275462757,82.25039848953863,75.92635479388605,75.0698807123728,,0.0,67.6792541293841,42.833333333333336,27.199628481722698,,-37.19437346980591,Fast Flip
738,100236,99518,AK,Anchorage,"Anchorage, AK",Anchorage Borough,325904.4103599536,3.8865037212838724,73.72321287754727,96.30616025937934,72.77623623681933,19.310577888761486,16.906296235464914,67.66712747114524,28.166666666666668,26.864237345437232,0.9998244148378213,47.16173910332287,Fast Flip
739,59069,3243,NH,Hill,"Concord, NH",Merrimack County,380591.8124006248,2.5576808328738716,65.13297638923098,100.0,48.88225762495529,,13.10079847833287,67.64555078854012,22.5,23.370309353358184,,31.121797611942632,Fast Flip
740,59095,3275,NH,Pembroke,"Concord, NH",Merrimack County,436808.46567561367,2.5544418696907534,65.11203796322808,100.0,48.88225762495529,,13.10079847833287,67.64241002463969,22.5,23.370309353358184,,31.121797611942632,Fast Flip
741,75692,40464,KY,Parksville,"Danville, KY",Boyle County,191460.16173824505,10.2713060006275,100.0,59.715145900880024,84.33976353641187,,12.512923048269334,67.61088810182444,54.5,28.555129112585455,,28.643938444960625,Fast Flip
742,94236,83629,ID,Horseshoe Bend,"Boise City, ID",Boise County,490480.637366862,0.9838103302657962,54.95861836356075,79.63177396943028,100.0,27.184203232183563,20.91216744044573,67.5973626622937,40.166666666666664,32.96762557134984,0.9969130470539178,64.04624248516723,Fast Flip
743,94456,84093,UT,Sandy,"Salt Lake City, UT",Salt Lake County,766056.7585940372,3.148973764404116,68.95541665573805,74.99999999999999,100.0,27.053600054379572,11.839060973610513,67.59598555791715,43.5,35.336829323051596,0.9969613391516173,25.803650803079737,Fast Flip
744,399729,81507,CO,Grand Junction,"Grand Junction, CO",Mesa County,613224.5424926081,4.375524417554861,76.88450959006502,67.82075034738304,85.42628010041685,,19.221189288475397,67.58756854962179,48.666666666666664,28.71400640541728,,56.918872466363844,Fast Flip
745,94477,84117,UT,Holladay,"Salt Lake City, UT",Salt Lake County,671011.6622084688,3.132204158905162,68.84700877210793,74.99999999999999,100.0,27.053600054379572,11.839060973610513,67.57972437537262,43.5,35.336829323051596,0.9969613391516173,25.803650803079737,Fast Flip
746,59508,4456,ME,Levant,"Bangor, ME",Penobscot County,317591.8305634023,5.024601821695591,81.08050022916588,68.9786938397406,82.22208545078443,,14.009357438376972,67.56060711289905,47.833333333333336,28.245468889741183,,34.95131834500951,Fast Flip
747,94175,83450,ID,,"Idaho Falls, ID",Jefferson County,379117.2232097344,3.1007047314903406,68.6433792793441,61.33626679018062,100.0,,15.807864769128013,67.55459350692124,53.333333333333336,31.866335061146362,,42.531917309494496,Fast Flip
748,83433,57761,SD,New Underwood,"Rapid City, SD",Pennington County,401016.8643710623,4.410346345670852,77.10961754094735,67.1259842519685,86.68513563424995,,16.210858117436672,67.54236393376539,49.166666666666664,28.8980841874849,,44.23050975148763,Fast Flip
749,94232,83624,ID,Grand View,"Boise City, ID",Owyhee County,425672.6963056785,0.9258280092774657,54.58378899105709,79.63177396943028,100.0,27.184203232183563,20.40702789304141,67.51588127904795,40.166666666666664,32.96762557134984,0.9969130470539178,61.9171100293242,Fast Flip
750,94265,83669,ID,Star,"Boise City, ID",Ada County,574259.2221985771,1.294081730973233,56.9643820592984,79.63177396943028,100.0,27.184203232183563,12.720666155968917,67.4886521524305,40.166666666666664,32.96762557134984,0.9969130470539178,29.519563003270733,Fast Flip
751,69034,26456,WV,West Union,"Clarksburg, WV",Doddridge County,102941.2540949754,-1.9258917048048596,36.14871614875179,84.72672533580361,82.18055090569078,,36.98013157342327,67.47080559493789,36.5,28.239395447050942,,131.77173361061455,Fast Flip
752,76304,42303,KY,Owensboro,"Owensboro, KY",Daviess County,207034.15187295448,3.606774668966083,71.91489159333335,81.4844835572024,67.59434059823289,,24.91082191910167,67.45092922953415,38.833333333333336,26.106507939305608,,80.90032780467182,Fast Flip
753,69031,26448,WV,Wallace,"Clarksburg, WV",Harrison County,93276.49800822196,-0.8738097072707597,42.9499484595017,84.72672533580361,82.18055090569078,,15.950583292122378,67.43951302748533,36.5,28.239395447050942,,43.133467199853925,Fast Flip
754,94397,84029,UT,Grantsville,"Salt Lake City, UT",Tooele County,528712.9358174909,2.8307204089400404,66.8980532475055,74.99999999999999,100.0,27.053600054379572,14.878868895201428,67.43937144276181,43.5,35.336829323051596,0.9969613391516173,38.61625622794757,Fast Flip
755,69018,26425,WV,Rowlesburg,"Morgantown, WV",Preston County,88573.77040048917,4.424662911195966,77.20216763519532,85.88466882816118,52.56766214963085,,53.114861089988175,67.43761782704284,35.666666666666664,23.909212406720137,,199.7786367653775,Fast Flip
756,94282,83709,ID,Boise,"Boise City, ID",Ada County,469339.1821350294,1.2049665999188748,56.38829320869152,79.63177396943028,100.0,27.184203232183563,12.720666155968917,67.40223882483947,40.166666666666664,32.96762557134984,0.9969130470539178,29.519563003270733,Fast Flip
757,83799,58722,ND,Burlington,"Minot, ND",Ward County,290742.4454642087,2.5009798500272193,64.76643028589322,87.04261232051874,65.74153470118665,,15.37329969498778,67.3839275151116,34.833333333333336,25.835578995543823,,40.700251964181106,Fast Flip
758,60447,6794,CT,Washington,"Torrington, CT",Litchfield County,855697.8578494835,9.733566827574949,100.0,86.81102362204724,43.06608705842157,,24.608047536378823,67.38078240914086,35.0,22.51983227378851,,79.62415220455182,Fast Flip
759,60428,6759,CT,Litchfield,"Torrington, CT",Litchfield County,535918.8022404663,9.056058141013915,100.0,86.81102362204724,43.06608705842157,,24.608047536378823,67.38078240914086,35.0,22.51983227378851,,79.62415220455182,Fast Flip
760,60426,6757,CT,Kent,"Torrington, CT",Litchfield County,543743.2983275965,8.471186817680291,100.0,86.81102362204724,43.06608705842157,,24.608047536378823,67.38078240914086,35.0,22.51983227378851,,79.62415220455182,Fast Flip
761,60434,6778,CT,Litchfield,"Torrington, CT",Litchfield County,418832.7284462362,10.135902211358356,100.0,86.81102362204724,43.06608705842157,,24.608047536378823,67.38078240914086,35.0,22.51983227378851,,79.62415220455182,Fast Flip
762,60433,6777,CT,New Preston,"Torrington, CT",Litchfield County,705322.3422157312,9.395984616447592,100.0,86.81102362204724,43.06608705842157,,24.608047536378823,67.38078240914086,35.0,22.51983227378851,,79.62415220455182,Fast Flip
763,60440,6785,CT,Kent,"Torrington, CT",Litchfield County,811106.097134985,9.62167541629457,100.0,86.81102362204724,43.06608705842157,,24.608047536378823,67.38078240914086,35.0,22.51983227378851,,79.62415220455182,Fast Flip
764,60126,6069,CT,Sharon,"Torrington, CT",Litchfield County,669836.8727169958,10.990596347953618,100.0,86.81102362204724,43.06608705842157,,24.608047536378823,67.38078240914086,35.0,22.51983227378851,,79.62415220455182,Fast Flip
765,89918,73092,OK,Verden,"Oklahoma City, OK",Grady County,131305.12225356448,14.613213251091404,100.0,59.25196850393699,87.87651021607712,42.96400065271766,21.548699650468176,67.37755164346417,54.833333333333336,29.072294479881773,0.9910782769394055,66.72918701903382,Fast Flip
766,94458,84095,UT,South Jordan,"Salt Lake City, UT",Salt Lake County,737057.6330706632,2.9181089129472135,67.46298023840046,74.99999999999999,100.0,27.053600054379572,11.839060973610513,67.3721200953165,43.5,35.336829323051596,0.9969613391516173,25.803650803079737,Fast Flip
767,100233,99515,AK,Anchorage,"Anchorage, AK",Anchorage Borough,452515.997243165,3.5784435564937995,71.73174381778202,96.30616025937934,72.77623623681933,19.310577888761486,16.906296235464914,67.36840711218045,28.166666666666668,26.864237345437232,0.9998244148378213,47.16173910332287,Fast Flip
768,86308,64061,MO,Kingsville,"Warrensburg, MO",Johnson County,345379.7065005371,1.0277832222942305,55.24288314022442,74.07364520611394,91.567741825712,,4.46802477135702,67.3275449881694,44.166666666666664,29.612049606294526,,-5.264818280474415,Fast Flip
769,69991,28510,NC,Minnesott Beach,"New Bern, NC",Pamlico County,334980.5074985603,5.489139339318134,84.08352431076325,65.7364520611394,81.07703016850256,,28.374575574345627,67.30827318885619,50.166666666666664,28.07803169695588,,95.49983870085961,Fast Flip
770,94466,84106,UT,,"Salt Lake City, UT",Salt Lake County,577587.8518553468,2.8508620615876046,67.02825988453532,74.99999999999999,100.0,27.053600054379572,11.839060973610513,67.30691204223673,43.5,35.336829323051596,0.9969613391516173,25.803650803079737,Fast Flip
771,86904,65650,MO,Flemington,"Springfield, MO",Hickory County,205836.90699998767,4.60277049205092,78.35355225781923,73.6104678091709,78.0289058682188,44.922917536089955,24.88099852102778,67.25255647220678,44.5,27.632315770399813,0.9903539438327561,80.77462399646885,Fast Flip
772,94481,84121,UT,Cottonwood Heights,"Salt Lake City, UT",Salt Lake County,716398.6862011763,2.7689334352686785,66.49862852329005,74.99999999999999,100.0,27.053600054379572,11.839060973610513,67.22746733804993,43.5,35.336829323051596,0.9969613391516173,25.803650803079737,Fast Flip
773,76347,42378,KY,Whitesville,"Owensboro, KY",Daviess County,207479.31873219472,3.3536097401831126,70.27829530366856,81.4844835572024,67.59434059823289,,24.91082191910167,67.20543978608443,38.833333333333336,26.106507939305608,,80.90032780467182,Fast Flip
774,94451,84088,UT,West Jordan,"Salt Lake City, UT",Salt Lake County,562937.8727924548,2.678757710166879,65.9156834138355,74.99999999999999,100.0,27.053600054379572,11.839060973610513,67.14002557163175,43.5,35.336829323051596,0.9969613391516173,25.803650803079737,Fast Flip
775,69059,26547,WV,Arthurdale,"Morgantown, WV",Preston County,186023.9245727694,4.10976062413878,75.16646736232477,85.88466882816118,52.56766214963085,,53.114861089988175,67.13226278611225,35.666666666666664,23.909212406720137,,199.7786367653775,Fast Flip
776,69002,26378,WV,Jane Lew,"Clarksburg, WV",Lewis County,182634.27315657388,-0.3811342800798624,46.13487134761968,84.72672533580361,82.18055090569078,,0.0,67.11972229609691,36.5,28.239395447050942,,-33.8672854264697,Fast Flip
777,86915,65663,MO,Halfway,"Springfield, MO",Polk County,342645.4151574002,5.016508994875122,81.02818377913091,73.6104678091709,78.0289058682188,44.922917536089955,13.761546540815075,67.09777860139289,44.5,27.632315770399813,0.9903539438327561,33.906810490453616,Fast Flip
778,399651,84096,UT,Herriman,"Salt Lake City, UT",Salt Lake County,593487.4953487717,2.547253251688967,65.06556681255923,74.99999999999999,100.0,27.053600054379572,11.839060973610513,67.01250808144032,43.5,35.336829323051596,0.9969613391516173,25.803650803079737,Fast Flip
779,99917,98616,WA,Cougar,"Longview, WA",Cowlitz County,286267.44135016925,3.048042534385942,68.30294209161445,67.58916164891151,88.7228699229901,,18.270200684294156,66.99587540582343,48.833333333333336,29.196054525012254,,52.91051336499566,Fast Flip
780,86611,64832,MO,Oronogo,"Joplin, MO",Jasper County,277701.4026826528,5.598017674260795,84.78737329904395,74.30523390458544,68.45798296548053,,23.079882401695915,66.99342772291641,44.0,26.232795163843996,,73.18302914685387,Fast Flip
781,90154,73738,OK,Garber,"Enid, OK",Garfield County,96251.8061787146,2.2428721503907028,63.097881227420906,69.90504863362668,78.58510429268473,,68.21219570926245,66.98833506451678,47.166666666666664,27.71364660591947,,263.412983550921,Fast Flip
782,94455,84092,UT,Sandy,"Salt Lake City, UT",Salt Lake County,834008.314121243,2.4995905649916357,64.75744918908232,74.99999999999999,100.0,27.053600054379572,11.839060973610513,66.96629043791879,43.5,35.336829323051596,0.9969613391516173,25.803650803079737,Fast Flip
783,59517,4468,ME,Old Town,"Bangor, ME",Penobscot County,245243.4784951101,4.388478484942234,76.96825175263137,68.9786938397406,82.22208545078443,,14.009357438376972,66.94376984141887,47.833333333333336,28.245468889741183,,34.95131834500951,Fast Flip
784,94447,84084,UT,West Jordan,"Salt Lake City, UT",Salt Lake County,505949.9493585242,2.4433177871329006,64.39367123652205,74.99999999999999,100.0,27.053600054379572,11.839060973610513,66.91172374503473,43.5,35.336829323051596,0.9969613391516173,25.803650803079737,Fast Flip
785,83706,58501,ND,Bismarck,"Bismarck, ND",Burleigh County,289180.4739317427,6.012115531241913,87.4643278817793,81.25289485873088,57.63484272741053,,18.705670334835624,66.9021565814171,39.0,24.65016745440035,,54.74599144479907,Fast Flip
786,94475,84115,UT,South Salt Lake,"Salt Lake City, UT",Salt Lake County,442724.96150224,2.4043944896958815,64.1420497956172,74.99999999999999,100.0,27.053600054379572,11.839060973610513,66.87398052889901,43.5,35.336829323051596,0.9969613391516173,25.803650803079737,Fast Flip
787,90152,73736,OK,,"Enid, OK",Garfield County,228801.5981904422,2.078286287548962,62.033908370860715,69.90504863362668,78.58510429268473,,68.21219570926245,66.82873913603275,47.166666666666664,27.71364660591947,,263.412983550921,Fast Flip
788,94430,84065,UT,Riverton,"Salt Lake City, UT",Salt Lake County,627618.8153739478,2.333106855010068,63.68120761267093,74.99999999999999,100.0,27.053600054379572,11.839060973610513,66.80485420145708,43.5,35.336829323051596,0.9969613391516173,25.803650803079737,Fast Flip
789,62991,13147,NY,Scipio Center,"Auburn, NY",Cayuga County,223547.54412102848,2.5634014133030014,65.16995734370225,89.3584993052339,58.890561908748104,,20.029967125310982,66.77510719183978,33.166666666666664,24.83378661925921,,60.327821836536266,Fast Flip
790,100265,99567,AK,Chugiak,"Anchorage, AK",Anchorage Borough,484470.5504158221,2.9604119578270685,67.73645021161008,96.30616025937934,72.77623623681933,19.310577888761486,16.906296235464914,66.76911307125465,28.166666666666668,26.864237345437232,0.9998244148378213,47.16173910332287,Fast Flip
791,83401,57702,SD,Rapid City,"Rapid City, SD",Pennington County,435960.7425286542,3.611713261868875,71.94681735358668,67.1259842519685,86.68513563424995,,16.210858117436672,66.76794390566128,49.166666666666664,28.8980841874849,,44.23050975148763,Fast Flip
792,94483,84123,UT,Taylorsville,"Salt Lake City, UT",Salt Lake County,523607.01460068766,2.2808163942159143,63.34317353136285,74.99999999999999,100.0,27.053600054379572,11.839060973610513,66.75414908926086,43.5,35.336829323051596,0.9969613391516173,25.803650803079737,Fast Flip
793,422745,84129,UT,Taylorsville,"Salt Lake City, UT",Salt Lake County,481725.7966080239,2.2493209492846544,63.13956978354662,74.99999999999999,100.0,27.053600054379572,11.839060973610513,66.72360852708843,43.5,35.336829323051596,0.9969613391516173,25.803650803079737,Fast Flip
794,76336,42366,KY,Philpot,"Owensboro, KY",Daviess County,258464.52331642635,2.847071561904779,67.00375602554224,81.4844835572024,67.59434059823289,,24.91082191910167,66.71425889436549,38.833333333333336,26.106507939305608,,80.90032780467182,Fast Flip
795,83808,58736,ND,Drake,"Minot, ND",McHenry County,90785.77361043934,1.8746014313670474,60.71717827917412,87.04261232051874,65.74153470118665,,13.840475537191022,66.6998985062139,34.833333333333336,25.835578995543823,,34.23949140754807,Fast Flip
796,83414,57730,SD,Custer,"Rapid City, SD",Custer County,469955.6840930361,2.4546979144927867,64.46723859161597,67.1259842519685,86.68513563424995,,36.89267049726797,66.68009771035726,49.166666666666664,28.8980841874849,,131.4030904964056,Fast Flip
797,93806,81521,CO,Fruita,"Grand Junction, CO",Mesa County,469940.55654819217,3.438941492748477,70.82992633056641,67.82075034738304,85.42628010041685,,19.221189288475397,66.679381060697,48.666666666666664,28.71400640541728,,56.918872466363844,Fast Flip
798,100221,99502,AK,Anchorage,"Anchorage, AK",Anchorage Borough,425928.5614121319,2.849578792305344,67.01996413142258,96.30616025937934,72.77623623681933,19.310577888761486,16.906296235464914,66.66164015922654,28.166666666666668,26.864237345437232,0.9998244148378213,47.16173910332287,Fast Flip
799,100223,99504,AK,Anchorage,"Anchorage, AK",Anchorage Borough,344192.0460702998,2.8234714812034483,66.85119222179084,96.30616025937934,72.77623623681933,19.310577888761486,16.906296235464914,66.63632437278177,28.166666666666668,26.864237345437232,0.9998244148378213,47.16173910332287,Fast Flip
800,60419,6750,CT,Litchfield,"Torrington, CT",Litchfield County,423786.0160226847,7.1668346876788664,94.92906281214418,86.81102362204724,43.06608705842157,,24.608047536378823,66.6201418309625,35.0,22.51983227378851,,79.62415220455182,Fast Flip
801,86923,65674,MO,Humansville,"Springfield, MO",Polk County,225416.95950331268,4.496922532112166,77.66929326769325,73.6104678091709,78.0289058682188,44.922917536089955,13.761546540815075,66.59394502467725,44.5,27.632315770399813,0.9903539438327561,33.906810490453616,Fast Flip
802,76302,42301,KY,Owensboro,"Owensboro, KY",Daviess County,197286.66974266488,2.717439949836501,66.16574652575058,81.4844835572024,67.59434059823289,,24.91082191910167,66.58855746939673,38.833333333333336,26.106507939305608,,80.90032780467182,Fast Flip
803,59735,4953,ME,Newport,"Bangor, ME",Penobscot County,254163.62762722743,4.018063039192966,74.57368412013172,68.9786938397406,82.22208545078443,,14.009357438376972,66.58458469654391,47.833333333333336,28.245468889741183,,34.95131834500951,Fast Flip
804,83841,58785,ND,Surrey,"Minot, ND",Ward County,328544.53096708894,1.621513787697848,59.08108160267079,87.04261232051874,65.74153470118665,,15.37329969498778,66.53112521262824,34.833333333333336,25.835578995543823,,40.700251964181106,Fast Flip
805,62898,13021,NY,Auburn,"Auburn, NY",Cayuga County,210486.7737112237,2.288558573647252,63.393223205273685,89.3584993052339,58.890561908748104,,20.029967125310982,66.50859707107549,33.166666666666664,24.83378661925921,,60.327821836536266,Fast Flip
806,100235,99517,AK,Anchorage,"Anchorage, AK",Anchorage Borough,387160.91057735,2.680509835491969,65.92701010833404,96.30616025937934,72.77623623681933,19.310577888761486,16.906296235464914,66.49769705576325,28.166666666666668,26.864237345437232,0.9998244148378213,47.16173910332287,Fast Flip
807,75648,40358,KY,Olympia,"Mount Sterling, KY",Bath County,196041.8942528415,9.898594343095853,100.0,59.25196850393699,77.32192804811699,,28.462304969752335,66.49178623689481,54.833333333333336,27.528937022324502,,95.86961276438663,Fast Flip
808,59492,4430,ME,East Millinocket,"Bangor, ME",Penobscot County,164380.91697030372,3.9162281204053446,73.91536761852412,68.9786938397406,82.22208545078443,,14.009357438376972,66.48583722130277,47.833333333333336,28.245468889741183,,34.95131834500951,Fast Flip
809,83781,58652,ND,Richardton,"Dickinson, ND",Stark County,240157.2322128364,8.384707818968684,100.0,68.74710514126909,65.13497315695524,,22.47693653134891,66.46907691525044,48.0,25.746883747559608,,70.64164899107529,Fast Flip
810,83758,58622,ND,Belfield,"Dickinson, ND",Stark County,242283.13830693523,11.325162199640035,100.0,68.74710514126909,65.13497315695524,,22.47693653134891,66.46907691525044,48.0,25.746883747559608,,70.64164899107529,Fast Flip
811,69931,28409,NC,Wilmington,"Wilmington, NC",New Hanover County,497914.9455449912,0.47042342614278976,51.639805183199215,58.55720240852244,94.65817573383538,68.83644183082126,15.739573944943208,66.459802617333,55.333333333333336,30.063952310095438,0.9815116302612275,42.24407564087979,Fast Flip
812,93803,81505,CO,Grand Junction,"Grand Junction, CO",Mesa County,492216.4323092901,3.1998021488018358,69.28399907714554,67.82075034738304,85.42628010041685,,19.221189288475397,66.44749197268386,48.666666666666664,28.71400640541728,,56.918872466363844,Fast Flip
813,83754,58601,ND,Dickinson,"Dickinson, ND",Stark County,316253.89112826245,7.920785509722711,99.80301246969913,68.74710514126909,65.13497315695524,,22.47693653134891,66.4395287857053,48.0,25.746883747559608,,70.64164899107529,Fast Flip
814,83797,58718,ND,Berthold,"Minot, ND",Ward County,323591.1300751969,1.5240850389151923,58.451248989082096,87.04261232051874,65.74153470118665,,15.37329969498778,66.43665032058993,34.833333333333336,25.835578995543823,,40.700251964181106,Fast Flip
815,93864,82054,WY,Carpenter,"Cheyenne, WY",Laramie County,475287.0927060256,5.422401563459048,83.65209489881224,77.08429828624362,65.02823336083935,,12.861116776221035,66.427432814028,42.0,25.73127558252455,,30.111553821567732,Fast Flip
816,62984,13140,NY,Port Byron,"Auburn, NY",Cayuga County,182391.9710909653,2.1864154125140063,62.73291405688999,89.3584993052339,58.890561908748104,,20.029967125310982,66.40955069881794,33.166666666666664,24.83378661925921,,60.327821836536266,Fast Flip
817,90222,74006,OK,Bartlesville,"Bartlesville, OK",Washington County,217229.1588161169,4.510123897371449,77.75463409869111,71.06299212598424,79.3787176091494,,0.0,66.3799217611855,46.333333333333336,27.82969374174079,,-37.19437346980591,Fast Flip
818,69933,28411,NC,Wilmington,"Wilmington, NC",New Hanover County,455490.46148406295,0.33946872281614426,50.793242499304434,58.55720240852244,94.65817573383538,68.83644183082126,15.739573944943208,66.33281821474877,55.333333333333336,30.063952310095438,0.9815116302612275,42.24407564087979,Fast Flip
819,89911,73082,OK,Rush Springs,"Oklahoma City, OK",Grady County,159727.2621245832,6.871081587675371,93.01715333696754,59.25196850393699,87.87651021607712,42.96400065271766,21.548699650468176,66.3301246440093,54.833333333333336,29.072294479881773,0.9910782769394055,66.72918701903382,Fast Flip
820,76326,42348,KY,Hawesville,"Owensboro, KY",Hancock County,197323.42025356143,3.4873236468701543,71.14269498419539,81.4844835572024,67.59434059823289,,4.8011670470956265,66.32961699456315,38.833333333333336,26.106507939305608,,-3.860643859102629,Fast Flip
821,100380,99705,AK,North Pole,"Fairbanks, AK",Fairbanks North Star Borough,311990.3118244198,-1.6823621781278628,37.7230239397218,92.36915238536359,67.64023838084483,,27.915394746307392,66.29348625836211,31.0,26.113219402057258,,93.5644194506726,Fast Flip
822,60444,6791,CT,Harwinton,"Torrington, CT",Litchfield County,425907.6936424325,6.824051644400668,92.71312611235734,86.81102362204724,43.06608705842157,,24.608047536378823,66.28775132599446,35.0,22.51983227378851,,79.62415220455182,Fast Flip
823,90151,73735,OK,Drummond,"Enid, OK",Garfield County,160429.38096225934,1.4785026566317951,58.15657958887049,69.90504863362668,78.58510429268473,,68.21219570926245,66.24713981873421,47.166666666666664,27.71364660591947,,263.412983550921,Fast Flip
824,75699,40484,KY,Stanford,"Danville, KY",Lincoln County,210545.49380771947,6.6553322878517935,91.62243209620776,59.715145900880024,84.33976353641187,,10.286085589995086,66.24291104334189,54.5,28.555129112585455,,19.257954055772224,Fast Flip
825,59502,4449,ME,Hudson,"Bangor, ME",Penobscot County,251282.34134122988,3.6444103093838915,72.15818891639877,68.9786938397406,82.22208545078443,,14.009357438376972,66.22226041598398,47.833333333333336,28.245468889741183,,34.95131834500951,Fast Flip
826,83785,58656,ND,Taylor,"Dickinson, ND",Stark County,255326.39290466745,7.679776812968384,98.24500069934363,68.74710514126909,65.13497315695524,,22.47693653134891,66.20582702015197,48.0,25.746883747559608,,70.64164899107529,Fast Flip
827,90299,74108,OK,Tulsa,"Tulsa, OK",Tulsa County,174328.87228824795,7.445244597930895,96.72885644199167,63.18897637795274,82.66517967613358,39.16604543554387,21.044631961713556,66.17720580281005,52.0,28.31026091714792,0.9924826166154387,64.6045723821794,Fast Flip
828,83823,58761,ND,Mohall,"Minot, ND",Renville County,160167.6761549056,0.7242740720548485,53.28083432268497,87.04261232051874,65.74153470118665,,25.466547282339253,66.16575049999793,34.833333333333336,25.835578995543823,,83.24267639623282,Fast Flip
829,59509,4457,ME,Lincoln,"Bangor, ME",Penobscot County,214462.74784339743,3.5841522733353406,71.76864807954736,68.9786938397406,82.22208545078443,,14.009357438376972,66.16382929045626,47.833333333333336,28.245468889741183,,34.95131834500951,Fast Flip
830,75676,40419,KY,Crab Orchard,"Danville, KY",Lincoln County,179543.65224659373,6.52194556635603,90.7601475193513,59.715145900880024,84.33976353641187,,10.286085589995086,66.11356835681342,54.5,28.555129112585455,,19.257954055772224,Fast Flip
831,83923,59071,MT,Fishtail,"Billings, MT",Carbon County,485766.23632321256,8.745340489881604,100.0,61.33626679018062,74.43116012856234,,19.915275848797293,66.07124720114366,53.333333333333336,27.106230736493934,,59.8444050847057,Fast Flip
832,83889,59029,MT,Fromberg,"Billings, MT",Carbon County,370379.5326205434,9.730946312856029,100.0,61.33626679018062,74.43116012856234,,19.915275848797293,66.07124720114366,53.333333333333336,27.106230736493934,,59.8444050847057,Fast Flip
833,93801,81503,CO,Grand Junction,"Grand Junction, CO",Mesa County,390058.16713724006,2.773523934687943,66.5283040172591,67.82075034738304,85.42628010041685,,19.221189288475397,66.0341377137009,48.666666666666664,28.71400640541728,,56.918872466363844,Fast Flip
834,69242,27215,NC,Burlington,"Burlington, NC",Alamance County,290683.8483920866,0.4419345460947524,51.45563751192081,69.67345993515515,91.57228875260046,,20.698614913105196,66.0320595378978,47.333333333333336,29.612714486572173,,63.14613157655903,Fast Flip
835,69256,27244,NC,Elon,"Burlington, NC",Alamance County,310976.3862272635,0.41188303902339135,51.26136816660408,69.67345993515515,91.57228875260046,,20.698614913105196,66.00291913610029,47.333333333333336,29.612714486572173,,63.14613157655903,Fast Flip
836,100274,99577,AK,Eagle River,"Anchorage, AK",Anchorage Borough,463279.9556585291,2.1543487871688343,62.52561788709955,96.30616025937934,72.77623623681933,19.310577888761486,16.906296235464914,65.98748822257808,28.166666666666668,26.864237345437232,0.9998244148378213,47.16173910332287,Fast Flip
837,59522,4474,ME,Orrington,"Bangor, ME",Penobscot County,327560.2585056591,3.3959130675446514,70.55176710299398,68.9786938397406,82.22208545078443,,14.009357438376972,65.98129714397326,47.833333333333336,28.245468889741183,,34.95131834500951,Fast Flip
838,69287,27302,NC,Mebane,"Burlington, NC",Alamance County,347688.3491035218,0.3880182702632523,51.107093274760615,69.67345993515515,91.57228875260046,,20.698614913105196,65.97977790232378,47.333333333333336,29.612714486572173,,63.14613157655903,Fast Flip
839,75629,40322,KY,Frenchburg,"Mount Sterling, KY",Menifee County,143916.89626818497,14.1809597048767,100.0,59.25196850393699,77.32192804811699,,18.173295281148157,65.9773357524646,54.833333333333336,27.528937022324502,,52.502062987184416,Fast Flip
840,69261,27253,NC,Graham,"Burlington, NC",Alamance County,295390.1417398837,0.38212087823258956,51.068969313584475,69.67345993515515,91.57228875260046,,20.698614913105196,65.97405930814735,47.333333333333336,29.612714486572173,,63.14613157655903,Fast Flip
841,83425,57751,SD,Keystone,"Rapid City, SD",Pennington County,520566.64851030026,2.7709673266694828,66.51177670750393,67.1259842519685,86.68513563424995,,16.210858117436672,65.95268780874888,49.166666666666664,28.8980841874849,,44.23050975148763,Fast Flip
842,69925,28403,NC,Wilmington,"Wilmington, NC",New Hanover County,379379.7414177896,-0.08958206888129659,48.019623984507184,58.55720240852244,94.65817573383538,68.83644183082126,15.739573944943208,65.91677543752918,55.333333333333336,30.063952310095438,0.9815116302612275,42.24407564087979,Fast Flip
843,83732,58554,ND,Mandan,"Bismarck, ND",Morton County,335284.59907914145,5.96026849319715,87.12916032716547,81.25289485873088,57.63484272741053,,0.0,65.91659793148327,39.0,24.65016745440035,,-34.09266349524739,Fast Flip
844,60114,6057,CT,New Hartford,"Torrington, CT",Litchfield County,448453.91015665577,6.412611848636953,90.05335468823333,86.81102362204724,43.06608705842157,,24.608047536378823,65.88878561237587,35.0,22.51983227378851,,79.62415220455182,Fast Flip
845,89909,73079,OK,Pocasset,"Oklahoma City, OK",Grady County,275841.6226295548,6.415650339481462,90.07299715161167,59.25196850393699,87.87651021607712,42.96400065271766,21.548699650468176,65.88850121620592,54.833333333333336,29.072294479881773,0.9910782769394055,66.72918701903382,Fast Flip
846,93804,81506,CO,Grand Junction,"Grand Junction, CO",Mesa County,505143.4269825581,2.5813880417880744,65.28623272822631,67.82075034738304,85.42628010041685,,19.221189288475397,65.84782702034599,48.666666666666664,28.71400640541728,,56.918872466363844,Fast Flip
847,83738,58563,ND,New Salem,"Bismarck, ND",Morton County,225249.967929374,5.876083068328635,86.58493978822273,81.25289485873088,57.63484272741053,,0.0,65.83496485064185,39.0,24.65016745440035,,-34.09266349524739,Fast Flip
848,93805,81520,CO,Clifton,"Grand Junction, CO",Mesa County,323491.7692817065,2.5524957410770046,65.09945712557499,67.82075034738304,85.42628010041685,,19.221189288475397,65.81981067994829,48.666666666666664,28.71400640541728,,56.918872466363844,Fast Flip
849,75194,39179,MS,Vaughan,"Jackson, MS",Yazoo County,150860.6752214018,10.119859827293514,100.0,58.55720240852244,57.76438516843895,65.36161760526139,56.223922930985815,65.81963680269415,55.333333333333336,24.6691099657428,0.98279648836201,212.88314324661854,Fast Flip
850,60420,6751,CT,Bethlehem,"Torrington, CT",Litchfield County,500053.65250330354,6.3185770114500395,89.44546217176527,86.81102362204724,43.06608705842157,,24.608047536378823,65.79760173490567,35.0,22.51983227378851,,79.62415220455182,Fast Flip
851,99301,97456,OR,Monroe,"Corvallis, OR",Benton County,569336.9953620603,1.0881395491350194,55.63305938240887,80.09495136637331,75.78417474415906,,9.165157139082721,65.7824934285859,39.833333333333336,27.304077052334286,,14.533308840842999,Fast Flip
852,75681,40440,KY,Junction City,"Danville, KY",Boyle County,188477.9706068814,6.0634329955253055,87.79607198253188,59.715145900880024,84.33976353641187,,12.512923048269334,65.78029889920423,54.5,28.555129112585455,,28.643938444960625,Fast Flip
853,63006,13166,NY,Weedsport,"Auburn, NY",Cayuga County,221066.0788339266,1.520697557552941,58.42935046050065,89.3584993052339,58.890561908748104,,20.029967125310982,65.76401615935954,33.166666666666664,24.83378661925921,,60.327821836536266,Fast Flip
854,62909,13034,NY,Cayuga,"Auburn, NY",Cayuga County,283382.5161654624,1.4961809473557237,58.27086170980045,89.3584993052339,58.890561908748104,,20.029967125310982,65.7402428467545,33.166666666666664,24.83378661925921,,60.327821836536266,Fast Flip
855,90147,73730,OK,Covington,"Enid, OK",Garfield County,89909.9103059827,0.8755753518899965,54.258928383304294,69.90504863362668,78.58510429268473,,68.21219570926245,65.66249213789928,47.166666666666664,27.71364660591947,,263.412983550921,Fast Flip
856,69263,27258,NC,Haw River,"Burlington, NC",Alamance County,312889.1105883179,0.04329642530994645,48.878623102651474,69.67345993515515,91.57228875260046,,20.698614913105196,65.6455073765074,47.333333333333336,29.612714486572173,,63.14613157655903,Fast Flip
857,75693,40468,KY,Perryville,"Danville, KY",Boyle County,221241.0318393468,5.874858211070688,86.57702164231935,59.715145900880024,84.33976353641187,,12.512923048269334,65.59744134817234,54.5,28.555129112585455,,28.643938444960625,Fast Flip
858,93856,82007,WY,Cheyenne,"Cheyenne, WY",Laramie County,310196.09386595973,4.508487374718292,77.74405472296563,77.08429828624362,65.02823336083935,,12.861116776221035,65.541226787651,42.0,25.73127558252455,,30.111553821567732,Fast Flip
859,100384,99709,AK,Fairbanks,"Fairbanks, AK",Fairbanks North Star Borough,295873.7216298724,-2.480985693974564,32.5602856048467,92.36915238536359,67.64023838084483,,27.915394746307392,65.51907550813085,31.0,26.113219402057258,,93.5644194506726,Fast Flip
860,93956,82636,WY,Evansville,"Casper, WY",Natrona County,312346.377531985,3.6562846529227184,72.23495115464114,84.72672533580361,56.691727551228254,,17.119876982824923,65.51852227767574,36.5,24.51225921536888,,48.06196895759603,Fast Flip
861,83709,58504,ND,Bismarck,"Bismarck, ND",Burleigh County,342907.2585179883,4.515148148309493,77.78711359924073,81.25289485873088,57.63484272741053,,18.705670334835624,65.45057443903633,39.0,24.65016745440035,,54.74599144479907,Fast Flip
862,59470,4401,ME,Bangor,"Bangor, ME",Penobscot County,295696.0233841955,2.822160762049198,66.84271901772205,68.9786938397406,82.22208545078443,,14.009357438376972,65.42493993118246,47.833333333333336,28.245468889741183,,34.95131834500951,Fast Flip
863,83439,57769,SD,Piedmont,"Rapid City, SD",Meade County,469658.8480330408,2.330906623066149,63.66698411238939,67.1259842519685,86.68513563424995,,14.158584835473913,65.42335525538357,49.166666666666664,28.8980841874849,,35.58030274366274,Fast Flip
864,89840,73002,OK,,"Oklahoma City, OK",Grady County,166446.58937595785,5.889471374543192,86.67148910759717,59.25196850393699,87.87651021607712,42.96400065271766,21.548699650468176,65.37827500960375,54.833333333333336,29.072294479881773,0.9910782769394055,66.72918701903382,Fast Flip
865,90181,73773,OK,Waukomis,"Enid, OK",Garfield County,141202.9050052958,0.580134603266811,52.34903811794689,69.90504863362668,78.58510429268473,,68.21219570926245,65.37600859809568,47.166666666666664,27.71364660591947,,263.412983550921,Fast Flip
866,83921,59069,MT,Reed Point,"Billings, MT",Sweet Grass County,446380.3618672602,7.116503926597925,94.60369729948393,61.33626679018062,74.43116012856234,,22.16829641559686,65.37445282440623,53.333333333333336,27.106230736493934,,69.34074968315225,Fast Flip
867,99201,97333,OR,Corvallis,"Corvallis, OR",Benton County,520234.02426790167,0.632208613507847,52.68567294473012,80.09495136637331,75.78417474415906,,9.165157139082721,65.34038546293408,39.833333333333336,27.304077052334286,,14.533308840842999,Fast Flip
868,99199,97330,OR,Corvallis,"Corvallis, OR",Benton County,561407.7998730288,0.6302708673998428,52.67314629616977,80.09495136637331,75.78417474415906,,9.165157139082721,65.33850646565003,39.833333333333336,27.304077052334286,,14.533308840842999,Fast Flip
869,71378,31025,GA,Elko,"Warner Robins, GA",Houston County,340802.7192209882,6.75650888487979,92.27649284661636,80.09495136637331,50.389499081288406,,17.10745753275949,65.32745455218318,39.833333333333336,23.590707688882325,,48.009621731262406,Fast Flip
870,76313,42327,KY,Calhoun,"Owensboro, KY",McLean County,175092.3522110857,2.047080205492775,61.8321752226176,81.4844835572024,67.59434059823289,,12.472268049563779,65.31659408044987,38.833333333333336,26.106507939305608,,28.472580099170745,Fast Flip
871,100029,98933,WA,Harrah,"Yakima, WA",Yakima County,308583.1421683773,5.8524086286651,86.4318952875508,72.68411301528485,64.83470996833883,,13.972253182642296,65.31151399969913,45.166666666666664,25.702977373625846,,34.79492616478815,Fast Flip
872,75650,40360,KY,Owingsville,"Mount Sterling, KY",Bath County,176224.37499391404,6.72937185223059,92.1010642548296,59.25196850393699,77.32192804811699,,28.462304969752335,65.30694587511925,54.833333333333336,27.528937022324502,,95.86961276438663,Fast Flip
873,100031,98935,WA,Mabton,"Yakima, WA",Yakima County,270399.88565054187,5.837725870713375,86.33697792557118,72.68411301528485,64.83470996833883,,13.972253182642296,65.29727639540219,45.166666666666664,25.702977373625846,,34.79492616478815,Fast Flip
874,93946,82601,WY,Casper,"Casper, WY",Natrona County,279234.92449443653,3.4267114960489815,70.7508649561603,84.72672533580361,56.691727551228254,,17.119876982824923,65.29590934790362,36.5,24.51225921536888,,48.06196895759603,Fast Flip
875,89853,73016,OK,Cashion,"Oklahoma City, OK",Logan County,325058.60855825146,6.169114753472169,88.47925655226099,59.25196850393699,87.87651021607712,42.96400065271766,13.846989064917498,65.26435459702579,54.833333333333336,29.072294479881773,0.9910782769394055,34.266945530583435,Fast Flip
876,89855,73018,OK,Chickasha,"Oklahoma City, OK",Grady County,150746.22027713465,5.7699424975562374,85.89878920194653,59.25196850393699,87.87651021607712,42.96400065271766,21.548699650468176,65.26237002375615,54.833333333333336,29.072294479881773,0.9910782769394055,66.72918701903382,Fast Flip
877,62836,12921,NY,Chazy,"Plattsburgh, NY",Clinton County,241492.11127567795,5.008134172444018,80.97404435554157,74.07364520611394,64.76047225912646,,19.90174545049916,65.25708781277768,44.166666666666664,25.69212186837499,,59.78737527916965,Fast Flip
878,62338,12025,NY,Broadalbin,"Gloversville, NY",Fulton County,282010.44835281395,4.976334767457864,80.76847564401399,78.2422417786012,61.81948003587269,,6.007581123637644,65.25530503426258,41.166666666666664,25.262071468639093,,1.2243180662710784,Fast Flip
879,60120,6063,CT,Barkhamsted,"Torrington, CT",Litchfield County,418195.005277918,5.718876140874513,85.56866839779812,86.81102362204724,43.06608705842157,,24.608047536378823,65.21608266881059,35.0,22.51983227378851,,79.62415220455182,Fast Flip
880,59483,4419,ME,Carmel,"Bangor, ME",Penobscot County,316598.57253928646,2.5841323223472,65.30397325572534,68.9786938397406,82.22208545078443,,14.009357438376972,65.19412806688297,47.833333333333336,28.245468889741183,,34.95131834500951,Fast Flip
881,62997,13156,NY,Sterling,"Auburn, NY",Cayuga County,217792.08045939496,0.9259356878590861,54.584485084185,89.3584993052339,58.890561908748104,,20.029967125310982,65.18728635291218,33.166666666666664,24.83378661925921,,60.327821836536266,Fast Flip
882,89898,73067,OK,Chickasha,"Oklahoma City, OK",Grady County,215036.3771028205,5.658895274414479,85.18091933645982,59.25196850393699,87.87651021607712,42.96400065271766,21.548699650468176,65.15468954393315,54.833333333333336,29.072294479881773,0.9910782769394055,66.72918701903382,Fast Flip
883,83400,57701,SD,Rapid City,"Rapid City, SD",Pennington County,293353.40942475805,1.931026447162835,61.08194038085855,67.1259842519685,86.68513563424995,,16.210858117436672,65.13821235975207,49.166666666666664,28.8980841874849,,44.23050975148763,Fast Flip
884,62824,12903,NY,Plattsburgh,"Plattsburgh, NY",Clinton County,232082.2507615088,4.868314526896718,80.07017384620603,74.07364520611394,64.76047225912646,,19.90174545049916,65.12150723637735,44.166666666666664,25.69212186837499,,59.78737527916965,Fast Flip
885,93799,81501,CO,Grand Junction,"Grand Junction, CO",Mesa County,338780.229226639,1.8083102315440545,60.288635778483815,67.82075034738304,85.42628010041685,,19.221189288475397,65.09818747788462,48.666666666666664,28.71400640541728,,56.918872466363844,Fast Flip
886,93802,81504,CO,Grand Junction,"Grand Junction, CO",Mesa County,374927.97563199495,1.7466716626225147,59.89017042357789,67.82075034738304,85.42628010041685,,19.221189288475397,65.03841767464873,48.666666666666664,28.71400640541728,,56.918872466363844,Fast Flip
887,99192,97321,OR,Albany,"Corvallis, OR",Benton County,503880.5504868138,0.30692244389089535,50.58284558695361,80.09495136637331,75.78417474415906,,9.165157139082721,65.02496135926759,39.833333333333336,27.304077052334286,,14.533308840842999,Fast Flip
888,60446,6793,CT,Washington,"Torrington, CT",Litchfield County,1160730.15116698,5.519627323574148,84.28061528285255,86.81102362204724,43.06608705842157,,24.608047536378823,65.02287470156875,35.0,22.51983227378851,,79.62415220455182,Fast Flip
889,93851,82001,WY,Cheyenne,"Cheyenne, WY",Laramie County,334033.8439015679,3.965925666411806,74.23663968330268,77.08429828624362,65.02823336083935,,12.861116776221035,65.01511453170156,42.0,25.73127558252455,,30.111553821567732,Fast Flip
890,83409,57719,SD,Box Elder,"Rapid City, SD",Meade County,354201.01206018793,1.9044365776610523,60.91004895032556,67.1259842519685,86.68513563424995,,14.158584835473913,65.009814981074,49.166666666666664,28.8980841874849,,35.58030274366274,Fast Flip
891,60448,6795,CT,Watertown,"Torrington, CT",Litchfield County,414478.8260410526,5.459701815451849,83.89322408802671,86.81102362204724,43.06608705842157,,24.608047536378823,64.96476602234488,35.0,22.51983227378851,,79.62415220455182,Fast Flip
892,59535,4493,ME,Enfield,"Bangor, ME",Penobscot County,218858.79656239145,2.252074278659725,63.15736880753121,68.9786938397406,82.22208545078443,,14.009357438376972,64.87213739965385,47.833333333333336,28.245468889741183,,34.95131834500951,Fast Flip
893,83421,57745,SD,Hill City,"Rapid City, SD",Pennington County,461304.4129238702,1.6401952185357134,59.20184856886102,67.1259842519685,86.68513563424995,,16.210858117436672,64.85619858795245,49.166666666666664,28.8980841874849,,44.23050975148763,Fast Flip
894,59500,4444,ME,Hampden,"Bangor, ME",Penobscot County,343048.4156746155,2.224256437551955,62.97753909824914,68.9786938397406,82.22208545078443,,14.009357438376972,64.84516294326153,47.833333333333336,28.245468889741183,,34.95131834500951,Fast Flip
895,83420,57744,SD,Hermosa,"Rapid City, SD",Custer County,609373.150556068,0.5609108115573257,52.224765035034984,67.1259842519685,86.68513563424995,,36.89267049726797,64.8437266768701,49.166666666666664,28.8980841874849,,131.4030904964056,Fast Flip
896,100028,98932,WA,Granger,"Yakima, WA",Yakima County,303591.1343573832,5.334707799439274,83.08519454056973,72.68411301528485,64.83470996833883,,13.972253182642296,64.80950888765197,45.166666666666664,25.702977373625846,,34.79492616478815,Fast Flip
897,62834,12919,NY,Champlain,"Plattsburgh, NY",Clinton County,189879.4552103764,4.540020511310075,77.94790213024947,74.07364520611394,64.76047225912646,,19.90174545049916,64.80316647898387,44.166666666666664,25.69212186837499,,59.78737527916965,Fast Flip
898,62343,12032,NY,Caroga Lake,"Gloversville, NY",Fulton County,230413.0796534419,4.453578151301942,77.38909153061677,78.2422417786012,61.81948003587269,,6.007581123637644,64.74839741725299,41.166666666666664,25.262071468639093,,1.2243180662710784,Fast Flip
899,83402,57703,SD,Rapid City,"Rapid City, SD",Pennington County,350012.22687318764,1.5061967619241536,58.33560940230059,67.1259842519685,86.68513563424995,,16.210858117436672,64.72626271296838,49.166666666666664,28.8980841874849,,44.23050975148763,Fast Flip
900,98365,95674,CA,Rio Oso,"Yuba City, CA",Sutter County,617179.3630493422,2.064495929131906,61.944759966589245,66.19962945808243,86.38266512310999,,12.221854085529207,64.66834329037118,49.833333333333336,28.85385504495417,,27.417100477822558,Fast Flip
901,62823,12901,NY,Plattsburgh,"Plattsburgh, NY",Clinton County,240600.1616529557,4.394331886113573,77.00609133288044,74.07364520611394,64.76047225912646,,19.90174545049916,64.66189485937852,44.166666666666664,25.69212186837499,,59.78737527916965,Fast Flip
902,99959,98674,WA,Woodland,"Longview, WA",Clark County,575610.5289243136,1.0905398731152793,55.648576386833504,67.58916164891151,88.7228699229901,,8.992592306406888,64.63384013121193,48.833333333333336,29.196054525012254,,13.805958571248794,Fast Flip
903,60450,6798,CT,Woodbury,"Torrington, CT",Litchfield County,511716.6451681379,5.100150653668594,81.56888911734998,86.81102362204724,43.06608705842157,,24.608047536378823,64.61611577674336,35.0,22.51983227378851,,79.62415220455182,Fast Flip
904,99925,98625,WA,Kalama,"Longview, WA",Cowlitz County,536051.9821591731,0.5262972330827028,52.001003969962056,67.58916164891151,88.7228699229901,,18.270200684294156,64.55058468757557,48.833333333333336,29.196054525012254,,52.91051336499566,Fast Flip
905,93863,82053,WY,Burns,"Cheyenne, WY",Laramie County,402204.03668398736,3.465247875406255,70.99998514739853,77.08429828624362,65.02823336083935,,12.861116776221035,64.52961635131594,42.0,25.73127558252455,,30.111553821567732,Fast Flip
906,93900,82301,WY,Rawlins,"Rock Springs, WY",Carbon County,189669.54845997752,7.051202028647147,94.18155018610578,71.17878647522,57.96465160151655,,19.915275848797293,64.52673448706186,46.25,24.6983941844897,,59.8444050847057,Fast Flip
907,63345,13864,NY,Willseyville,"Binghamton, NY",Tioga County,182235.5123602422,5.017065363399417,81.03178044896558,94.2218619731357,33.776297126872215,,17.91302154640997,64.47214411698089,29.666666666666668,21.161420700327984,,51.40502503226263,Fast Flip
908,83408,57718,SD,Blackhawk,"Rapid City, SD",Meade County,362269.88075928,1.3469853414351376,57.306379874746405,67.1259842519685,86.68513563424995,,14.158584835473913,64.46926461973712,49.166666666666664,28.8980841874849,,35.58030274366274,Fast Flip
909,62935,13071,NY,Genoa,"Auburn, NY",Cayuga County,213896.81530462785,0.16893910166036818,49.69084594460338,89.3584993052339,58.890561908748104,,20.029967125310982,64.45324048197494,33.166666666666664,24.83378661925921,,60.327821836536266,Fast Flip
910,93778,81413,CO,Cedaredge,"Grand Junction, CO",Delta County,419065.83207538753,0.973216168974175,54.890131922151475,67.82075034738304,85.42628010041685,,21.95964859350286,64.42533486468614,48.666666666666664,28.71400640541728,,68.46131180871929,Fast Flip
911,99207,97342,OR,Detroit,"Salem, OR",Marion County,433577.9881463537,6.736225084167229,92.14536728690294,71.06299212598424,82.88224054444188,20.075656620771056,19.840944687846413,64.42159103178693,46.333333333333336,28.342000923954107,0.999541517763682,59.53110376416123,Fast Flip
912,75106,39040,MS,,"Jackson, MS",Yazoo County,150646.41515553105,6.503503733094443,90.64092944267844,58.55720240852244,57.76438516843895,65.36161760526139,56.223922930985815,64.41577621909592,55.333333333333336,24.6691099657428,0.98279648836201,212.88314324661854,Fast Flip
913,99940,98645,WA,Silverlake,"Longview, WA",Cowlitz County,473247.00177842967,0.3009551417321033,50.544269688548816,67.58916164891151,88.7228699229901,,18.270200684294156,64.33207454536358,48.833333333333336,29.196054525012254,,52.91051336499566,Fast Flip
914,95916,89439,NV,Verdi,"Reno, NV",Washoe County,802738.8800967842,2.244953148174084,63.11133393300478,65.96804075961091,88.88668416473553,43.3892035765121,17.27466843785743,64.31875953419372,50.0,29.22000847483505,0.9909210530380942,48.71440552188878,Fast Flip
915,63264,13743,NY,Candor,"Binghamton, NY",Tioga County,186324.9218373405,4.762996292526324,79.3893392913045,94.2218619731357,33.776297126872215,,17.91302154640997,64.22577794333172,29.666666666666668,21.161420700327984,,51.40502503226263,Fast Flip
916,62416,12134,NY,Northville,"Gloversville, NY",Fulton County,299483.1906207439,3.897546848462009,73.7946016795149,78.2422417786012,61.81948003587269,,6.007581123637644,64.2092239395877,41.166666666666664,25.262071468639093,,1.2243180662710784,Fast Flip
917,93948,82604,WY,Casper,"Casper, WY",Natrona County,313511.53646207,2.283167745967488,63.35837395256978,84.72672533580361,56.691727551228254,,17.119876982824923,64.18703569736503,36.5,24.51225921536888,,48.06196895759603,Fast Flip
918,59503,4450,ME,Kenduskeag,"Bangor, ME",Penobscot County,228722.6341035312,1.5383453386310357,58.543435350426265,68.9786938397406,82.22208545078443,,14.009357438376972,64.1800473810881,47.833333333333336,28.245468889741183,,34.95131834500951,Fast Flip
919,93858,82009,WY,Cheyenne,"Cheyenne, WY",Laramie County,478062.3767405821,3.09430569221632,68.60201239656291,77.08429828624362,65.02823336083935,,12.861116776221035,64.1699204386906,42.0,25.73127558252455,,30.111553821567732,Fast Flip
920,63805,14883,NY,Spencer,"Binghamton, NY",Tioga County,205036.3718165296,4.703312898420794,79.00351325364093,94.2218619731357,33.776297126872215,,17.91302154640997,64.16790403768219,29.666666666666668,21.161420700327984,,51.40502503226263,Fast Flip
921,63001,13160,NY,Cayuga,"Auburn, NY",Cayuga County,236150.8814018312,-0.13372799066225904,47.73424064907492,89.3584993052339,58.890561908748104,,20.029967125310982,64.15974968764567,33.166666666666664,24.83378661925921,,60.327821836536266,Fast Flip
922,99229,97370,OR,Philomath,"Corvallis, OR",Benton County,520186.9705936727,-0.6151260000232304,44.622221145585215,80.09495136637331,75.78417474415906,,9.165157139082721,64.13086769306234,39.833333333333336,27.304077052334286,,14.533308840842999,Fast Flip
923,83449,57785,SD,Sturgis,"Rapid City, SD",Meade County,377263.94671264384,0.9485299266650652,54.73054657688633,67.1259842519685,86.68513563424995,,14.158584835473913,64.0828896250581,49.166666666666664,28.8980841874849,,35.58030274366274,Fast Flip
924,93782,81418,CO,,"Grand Junction, CO",Delta County,371852.5810713659,0.5947951343626601,52.44381179339761,67.82075034738304,85.42628010041685,,21.95964859350286,64.05838684537306,48.666666666666664,28.71400640541728,,68.46131180871929,Fast Flip
925,59507,4455,ME,Lee,"Bangor, ME",Penobscot County,183653.0108033956,1.312491748715559,57.083394463088275,68.9786938397406,82.22208545078443,,14.009357438376972,63.96104124798741,47.833333333333336,28.245468889741183,,34.95131834500951,Fast Flip
926,83455,57793,SD,Sturgis,"Rapid City, SD",Meade County,425886.894667248,0.7928420121583896,53.72409491530684,67.1259842519685,86.68513563424995,,14.158584835473913,63.93192187582119,49.166666666666664,28.8980841874849,,35.58030274366274,Fast Flip
927,99913,98611,WA,Castle Rock,"Longview, WA",Cowlitz County,469911.292131531,-0.13576894915266594,47.721046779336255,67.58916164891151,88.7228699229901,,18.270200684294156,63.9085911089817,48.833333333333336,29.196054525012254,,52.91051336499566,Fast Flip
928,95939,89511,NV,Reno,"Reno, NV",Washoe County,1076957.338407104,1.7938293587679237,60.195023512478194,65.96804075961091,88.88668416473553,43.3892035765121,17.27466843785743,63.881312971114724,50.0,29.22000847483505,0.9909210530380942,48.71440552188878,Fast Flip
929,60435,6779,CT,Watertown,"Torrington, CT",Litchfield County,326339.45446734177,4.311608251537705,76.47132060430724,86.81102362204724,43.06608705842157,,24.608047536378823,63.85148049978695,35.0,22.51983227378851,,79.62415220455182,Fast Flip
930,93486,80624,CO,Gill,"Greeley, CO",Weld County,616971.0414661163,1.978503755349598,61.388859616454326,56.936081519221844,96.30956765291599,,12.66436227689513,63.84656750126954,56.5,30.305429233871706,,29.28224557892361,Fast Flip
931,100034,98938,WA,Outlook,"Yakima, WA",Yakima County,351292.3924713633,4.276577328402129,76.24486159553844,72.68411301528485,64.83470996833883,,13.972253182642296,63.78345894589729,45.166666666666664,25.702977373625846,,34.79492616478815,Fast Flip
932,100213,99361,WA,Waitsburg,"Walla Walla, WA",Walla Walla County,363867.0827993477,4.806177294247063,79.6684848567661,57.39925891616488,83.7061428141788,,16.269769079713708,63.78003750670301,56.166666666666664,28.462477101225897,,44.47881587290201,Fast Flip
933,98107,95323,CA,Hickman,"Modesto, CA",Stanislaus County,603837.1947518691,6.715799015978187,92.01332203256487,77.08429828624362,69.96295400877821,24.42411499236276,12.413571204559506,63.77774276596507,42.0,26.452861505279294,0.9979336229172154,28.225176469032576,Fast Flip
934,93950,82609,WY,Casper,"Casper, WY",Natrona County,343123.875340323,1.795442445513425,60.20545138570411,84.72672533580361,56.691727551228254,,17.119876982824923,63.71409731233519,36.5,24.51225921536888,,48.06196895759603,Fast Flip
935,99943,98649,WA,Toutle,"Longview, WA",Cowlitz County,488026.5986474291,-0.3563134710410288,46.29532660567898,67.58916164891151,88.7228699229901,,18.270200684294156,63.69473308293311,48.833333333333336,29.196054525012254,,52.91051336499566,Fast Flip
936,59476,4412,ME,Brewer,"Bangor, ME",Penobscot County,293064.6802184063,0.9831283747225318,54.95420983068383,68.9786938397406,82.22208545078443,,14.009357438376972,63.64166355312673,47.833333333333336,28.245468889741183,,34.95131834500951,Fast Flip
937,95945,89523,NV,Reno,"Reno, NV",Washoe County,620012.3651660372,1.5359462584726007,58.52792638674483,65.96804075961091,88.88668416473553,43.3892035765121,17.27466843785743,63.63124840225472,50.0,29.22000847483505,0.9909210530380942,48.71440552188878,Fast Flip
938,99926,98626,WA,Kelso,"Longview, WA",Cowlitz County,381121.6640117113,-0.44132757373580117,45.74574904093373,67.58916164891151,88.7228699229901,,18.270200684294156,63.61229644822132,48.833333333333336,29.196054525012254,,52.91051336499566,Fast Flip
939,75133,39079,MS,Goodman,"Jackson, MS",Holmes County,79683.64252236996,9.674418523478627,100.0,58.55720240852244,57.76438516843895,65.36161760526139,11.400460974701987,63.578463704879965,55.333333333333336,24.6691099657428,0.98279648836201,23.954978495382964,Fast Flip
940,75144,39095,MS,Lexington,"Jackson, MS",Holmes County,98821.40371414034,8.662133908545469,100.0,58.55720240852244,57.76438516843895,65.36161760526139,11.400460974701987,63.578463704879965,55.333333333333336,24.6691099657428,0.98279648836201,23.954978495382964,Fast Flip
941,75166,39146,MS,Lexington,"Jackson, MS",Holmes County,116587.63135384663,8.391098132324768,100.0,58.55720240852244,57.76438516843895,65.36161760526139,11.400460974701987,63.578463704879965,55.333333333333336,24.6691099657428,0.98279648836201,23.954978495382964,Fast Flip
942,99194,97324,OR,Alsea,"Corvallis, OR",Benton County,458919.6709556271,-1.225392306999824,40.67712662358082,80.09495136637331,75.78417474415906,,9.165157139082721,63.53910351476168,39.833333333333336,27.304077052334286,,14.533308840842999,Fast Flip
943,59486,4422,ME,Charleston,"Bangor, ME",Penobscot County,225266.24365839863,0.8625016710798363,54.17441297428209,68.9786938397406,82.22208545078443,,14.009357438376972,63.52469402466647,47.833333333333336,28.245468889741183,,34.95131834500951,Fast Flip
944,99196,97326,OR,Blodgett,"Corvallis, OR",Benton County,546476.4758332625,-1.3211237314385362,40.058266441035414,80.09495136637331,75.78417474415906,,9.165157139082721,63.44627448737987,39.833333333333336,27.304077052334286,,14.533308840842999,Fast Flip
945,59491,4429,ME,Holden,"Bangor, ME",Penobscot County,337537.50867431145,0.7808978033538267,53.646881029850825,68.9786938397406,82.22208545078443,,14.009357438376972,63.44556423300179,47.833333333333336,28.245468889741183,,34.95131834500951,Fast Flip
946,95937,89509,NV,Reno,"Reno, NV",Washoe County,660728.5544195584,1.2976396928118892,56.98738266673604,65.96804075961091,88.88668416473553,43.3892035765121,17.27466843785743,63.400166844253405,50.0,29.22000847483505,0.9909210530380942,48.71440552188878,Fast Flip
947,59495,4435,ME,Exeter,"Bangor, ME",Penobscot County,213622.00974416232,0.6650948372517864,52.89826744594778,68.9786938397406,82.22208545078443,,14.009357438376972,63.33327219541633,47.833333333333336,28.245468889741183,,34.95131834500951,Fast Flip
948,59716,4930,ME,Dexter,"Bangor, ME",Penobscot County,198305.5176347644,0.6568850632288199,52.845194985360266,68.9786938397406,82.22208545078443,,14.009357438376972,63.325311326328205,47.833333333333336,28.245468889741183,,34.95131834500951,Fast Flip
949,99417,97760,OR,Terrebonne,"Bend, OR",Jefferson County,570853.1222875275,1.4119675694297533,57.72646046703615,47.440944881889735,94.10617876842498,68.71409446371621,15.807864769128013,63.32305660202272,63.333333333333336,29.983235838371787,0.9815568696735056,42.531917309494496,Fast Flip
950,83075,57015,SD,Chancellor,"Sioux Falls, SD",Turner County,401766.0056735177,7.958100625238125,100.0,42.345993515516426,75.99446826451538,,89.20270818888699,63.27985020600394,67.0,27.33482749491487,,351.8867164328458,Fast Flip
951,83913,59061,MT,Nye,"Billings, MT",Stillwater County,484925.703330982,4.897970602034494,80.26188690365767,61.33626679018062,74.43116012856234,,22.218734857934965,63.2257031871492,53.333333333333336,27.106230736493934,,69.5533446485555,Fast Flip
952,99651,98239,WA,Coupeville,"Oak Harbor, WA",Island County,620979.0264445181,1.6754607823033805,59.42982442275417,65.50486336266789,81.2104864025202,,19.950457963937346,63.14132033917381,50.333333333333336,28.097546507750938,,59.99269555927814,Fast Flip
953,99861,98548,WA,Hoodsport,"Shelton, WA",Mason County,349515.53677009867,1.701517547929907,59.59826957884291,68.74710514126909,80.54413267162694,,0.0,63.137260404177354,48.0,28.000108069774004,,-43.09248119691948,Fast Flip
954,95938,89510,NV,Nixon,"Reno, NV",Washoe County,746523.2977350539,0.9899462270181177,54.99828414944542,65.96804075961091,88.88668416473553,43.3892035765121,17.27466843785743,63.10180206665981,50.0,29.22000847483505,0.9909210530380942,48.71440552188878,Fast Flip
955,99930,98632,WA,Longview,"Longview, WA",Cowlitz County,379587.8086893752,-1.0395546756280545,41.878482512191525,67.58916164891151,88.7228699229901,,18.270200684294156,63.03220646890999,48.833333333333336,29.196054525012254,,52.91051336499566,Fast Flip
956,97170,93235,CA,Ivanhoe,"Visalia, CA",Tulare County,254274.8152959887,7.070930461803586,94.30908554678919,70.13663733209819,55.35258310128346,,9.452247547048866,63.00494405092605,47.0,24.316441082478434,,15.74337744169376,Fast Flip
957,83872,59008,MT,Belfry,"Billings, MT",Carbon County,395504.2908896644,4.727820984397836,79.16194689912899,61.33626679018062,74.43116012856234,,19.915275848797293,62.94553923601302,53.333333333333336,27.106230736493934,,59.8444050847057,Fast Flip
958,93500,80649,CO,Orchard,"Greeley, CO",Weld County,422008.663265489,1.0361024702572839,55.296663300116975,56.936081519221844,96.30956765291599,,12.66436227689513,62.932738053818944,56.5,30.305429233871706,,29.28224557892361,Fast Flip
959,81478,53911,WI,Arlington,"Madison, WI",Columbia County,352589.88186775893,8.30969081314029,100.0,90.28485409911995,20.919883800043777,,21.836140347692393,62.92147690208755,32.5,19.281474998106578,,67.94073206779312,Fast Flip
960,81515,53956,WI,Randolph,"Madison, WI",Columbia County,287275.8142729882,8.8731788013168,100.0,90.28485409911995,20.919883800043777,,21.836140347692393,62.92147690208755,32.5,19.281474998106578,,67.94073206779312,Fast Flip
961,81484,53923,WI,Cambria,"Madison, WI",Columbia County,273936.93734930287,11.3596648392439,100.0,90.28485409911995,20.919883800043777,,21.836140347692393,62.92147690208755,32.5,19.281474998106578,,67.94073206779312,Fast Flip
962,81514,53955,WI,Poynette,"Madison, WI",Columbia County,390340.7870515416,8.209743643093715,100.0,90.28485409911995,20.919883800043777,,21.836140347692393,62.92147690208755,32.5,19.281474998106578,,67.94073206779312,Fast Flip
963,81487,53926,WI,Dalton,"Madison, WI",Green Lake County,273235.0067573146,8.342688620711685,100.0,90.28485409911995,20.919883800043777,,21.01364970885556,62.88035237014571,32.5,19.281474998106578,,64.47398407157482,Fast Flip
964,94011,82935,WY,Green River,"Rock Springs, WY",Sweetwater County,292022.7535024343,5.406138800699002,83.5469635233064,71.17878647522,57.96465160151655,,17.932578729104538,62.83241163165732,46.25,24.6983941844897,,51.48745736731504,Fast Flip
965,99891,98585,WA,Silver Creek,"Centralia, WA",Lewis County,483659.7552990977,3.6384204902750925,72.11946745613827,52.99907364520609,93.7997112897957,,0.0,62.817523716691795,59.333333333333336,29.938422234089362,,-33.8672854264697,Fast Flip
966,100033,98937,WA,Naches,"Yakima, WA",Yakima County,317044.17174728354,3.279765960890994,69.80092880671624,72.68411301528485,64.83470996833883,,13.972253182642296,62.81686902757395,45.166666666666664,25.702977373625846,,34.79492616478815,Fast Flip
967,83900,59041,MT,Joliet,"Billings, MT",Carbon County,515086.2019322743,4.5415978047988155,77.95809861632593,61.33626679018062,74.43116012856234,,19.915275848797293,62.76496199359256,53.333333333333336,27.106230736493934,,59.8444050847057,Fast Flip
968,75229,39272,MS,Byram,"Jackson, MS",Hinds County,217022.2407621744,5.188557541332339,82.14039949608548,58.55720240852244,57.76438516843895,65.36161760526139,47.9196175762247,62.72548145936892,55.333333333333336,24.6691099657428,0.98279648836201,177.8810014723166,Fast Flip
969,95944,89521,NV,Reno,"Reno, NV",Washoe County,687357.4264645382,0.589127850067946,52.407175374230896,65.96804075961091,88.88668416473553,43.3892035765121,17.27466843785743,62.71313575037763,50.0,29.22000847483505,0.9909210530380942,48.71440552188878,Fast Flip
970,81519,53960,WI,,"Madison, WI",Columbia County,328532.5335797333,7.72458684911356,98.53467723253284,90.28485409911995,20.919883800043777,,21.836140347692393,62.70167848696747,32.5,19.281474998106578,,67.94073206779312,Fast Flip
971,99683,98277,WA,Oak Harbor,"Oak Harbor, WA",Island County,513826.73927339393,1.190001603416296,56.291551302659336,65.50486336266789,81.2104864025202,,19.950457963937346,62.67057937115958,50.333333333333336,28.097546507750938,,59.99269555927814,Fast Flip
972,99887,98581,WA,Ryderwood,"Longview, WA",Cowlitz County,259902.5060313072,-1.4167588914464495,39.440028564316606,67.58916164891151,88.7228699229901,,18.270200684294156,62.666438376728756,48.833333333333336,29.196054525012254,,52.91051336499566,Fast Flip
973,60443,6790,CT,Torrington,"Torrington, CT",Litchfield County,291962.0848553397,3.0853979949256773,68.5444281790119,86.81102362204724,43.06608705842157,,24.608047536378823,62.66244663599266,35.0,22.51983227378851,,79.62415220455182,Fast Flip
974,98532,95982,CA,Sutter,"Yuba City, CA",Sutter County,403885.6402814807,-0.01679042458837779,48.49018890651705,66.19962945808243,86.38266512310999,,12.221854085529207,62.65015763136036,49.833333333333336,28.85385504495417,,27.417100477822558,Fast Flip
975,399672,89441,NV,Sparks,"Reno, NV",Washoe County,680448.3494622662,0.4414277249671997,51.452361143504135,65.96804075961091,88.88668416473553,43.3892035765121,17.27466843785743,62.56991361576861,50.0,29.22000847483505,0.9909210530380942,48.71440552188878,Fast Flip
976,60425,6756,CT,Goshen,"Torrington, CT",Litchfield County,564676.3373103266,2.8150300820436094,66.79662240988607,86.81102362204724,43.06608705842157,,24.608047536378823,62.40027577062378,35.0,22.51983227378851,,79.62415220455182,Fast Flip
977,71381,31028,GA,Warner Robins,"Warner Robins, GA",Houston County,225068.5743080372,3.730741935021189,72.71628366861405,80.09495136637331,50.389499081288406,,17.10745753275949,62.39342317548284,39.833333333333336,23.590707688882325,,48.009621731262406,Fast Flip
978,81344,53516,WI,,"Madison, WI",Iowa County,334775.6718111336,9.293720792254266,100.0,90.28485409911995,20.919883800043777,,11.238550618810867,62.391597415643474,32.5,19.281474998106578,,23.272536197138297,Fast Flip
979,81513,53954,WI,Pardeeville,"Madison, WI",Columbia County,347519.7855361614,7.372208143589501,96.25670893419895,90.28485409911995,20.919883800043777,,21.836140347692393,62.35998324221739,32.5,19.281474998106578,,67.94073206779312,Fast Flip
980,399674,89519,NV,Reno,"Reno, NV",Washoe County,859839.4451837722,0.19835462684965663,49.88100395588385,65.96804075961091,88.88668416473553,43.3892035765121,17.27466843785743,62.334210037625574,50.0,29.22000847483505,0.9909210530380942,48.71440552188878,Fast Flip
981,93496,80644,CO,Kersey,"Greeley, CO",Weld County,497332.04099238006,0.3660974033119626,50.96538482528785,56.936081519221844,96.30956765291599,,12.66436227689513,62.283046282594576,56.5,30.305429233871706,,29.28224557892361,Fast Flip
982,98511,95960,CA,Nevada City,"Yuba City, CA",Yuba County,341614.94484422327,-0.4375104833900089,45.77042479648672,66.19962945808243,86.38266512310999,,12.555899761311808,62.258895298644944,49.833333333333336,28.85385504495417,,28.825082675410172,Fast Flip
983,93876,82082,WY,Albin,"Cheyenne, WY",Laramie County,311612.9561633926,1.086208500979473,55.62057603306927,77.08429828624362,65.02823336083935,,12.861116776221035,62.22270498416655,42.0,25.73127558252455,,30.111553821567732,Fast Flip
984,71434,31088,GA,Warner Robins,"Warner Robins, GA",Houston County,231740.03013827512,3.511863174809006,71.30133188768718,80.09495136637331,50.389499081288406,,17.10745753275949,62.181180408343806,39.833333333333336,23.590707688882325,,48.009621731262406,Fast Flip
985,75187,39170,MS,Terry,"Jackson, MS",Hinds County,260209.9760994505,4.623052988988496,78.48466938921949,58.55720240852244,57.76438516843895,65.36161760526139,47.9196175762247,62.17712194333903,55.333333333333336,24.6691099657428,0.98279648836201,177.8810014723166,Fast Flip
986,75210,39206,MS,Jackson,"Jackson, MS",Hinds County,102102.10173251956,4.605677025969677,78.37234167960088,58.55720240852244,57.76438516843895,65.36161760526139,47.9196175762247,62.16027278689623,55.333333333333336,24.6691099657428,0.98279648836201,177.8810014723166,Fast Flip
987,83920,59068,MT,Red Lodge,"Billings, MT",Carbon County,502925.7141208907,3.8989761368499423,73.8038413798312,61.33626679018062,74.43116012856234,,19.915275848797293,62.14182340811835,53.333333333333336,27.106230736493934,,59.8444050847057,Fast Flip
988,98538,95991,CA,Yuba City,"Yuba City, CA",Sutter County,395730.9396034693,-0.5896618195646008,44.7868355076862,66.19962945808243,86.38266512310999,,12.221854085529207,62.09465462153573,49.833333333333336,28.85385504495417,,27.417100477822558,Fast Flip
989,399673,89508,NV,Reno,"Reno, NV",Washoe County,469796.1581090165,-0.05215230380555159,48.261590416984504,65.96804075961091,88.88668416473553,43.3892035765121,17.27466843785743,62.09129800679067,50.0,29.22000847483505,0.9909210530380942,48.71440552188878,Fast Flip
990,83888,59028,MT,Fishtail,"Billings, MT",Stillwater County,516789.7982071269,3.68354870315106,72.41120085739199,61.33626679018062,74.43116012856234,,22.218734857934965,62.04810028020935,53.333333333333336,27.106230736493934,,69.5533446485555,Fast Flip
991,75105,39039,MS,Benton,"Jackson, MS",Yazoo County,174363.91568056148,4.05284890296503,74.79855893140918,58.55720240852244,57.76438516843895,65.36161760526139,56.223922930985815,62.03942064240554,55.333333333333336,24.6691099657428,0.98279648836201,212.88314324661854,Fast Flip
992,99346,97525,OR,Gold Hill,"Medford, OR",Jackson County,440392.6788837777,2.415391549579027,64.21314079344418,62.03103288559517,87.00440510826539,40.16845086570476,17.564801056601144,62.00586413201229,52.833333333333336,28.944769780135637,0.9921119651368008,49.93729685605614,Fast Flip
993,98508,95957,CA,Meridian,"Yuba City, CA",Sutter County,424239.70703400514,-0.6873057616296835,44.15561176725668,66.19962945808243,86.38266512310999,,12.221854085529207,61.9999710604713,49.833333333333336,28.85385504495417,,27.417100477822558,Fast Flip
994,71418,31069,GA,Perry,"Warner Robins, GA",Houston County,268568.817307849,3.3163190049041718,70.03722763568717,80.09495136637331,50.389499081288406,,17.10745753275949,61.9915647705438,39.833333333333336,23.590707688882325,,48.009621731262406,Fast Flip
995,95908,89430,NV,Smith,"Fernley, NV",Lyon County,584290.5063457625,5.08605717200028,81.47778115892265,73.14729041222787,56.43513506772483,,0.5513073033270368,61.959567950215714,44.833333333333336,24.474738646892913,,-21.77354408585083,Fast Flip
996,83110,57053,SD,Parker,"Sioux Falls, SD",Turner County,334314.2880690546,6.559777450088583,91.0047134663226,42.345993515516426,75.99446826451538,,89.20270818888699,61.93055722595233,67.0,27.33482749491487,,351.8867164328458,Fast Flip
997,71358,31005,GA,Bonaire,"Warner Robins, GA",Houston County,294641.5052633681,3.2342084654662173,69.50642028874327,80.09495136637331,50.389499081288406,,17.10745753275949,61.91194366850222,39.833333333333336,23.590707688882325,,48.009621731262406,Fast Flip
998,60104,6039,CT,Salisbury,"Torrington, CT",Litchfield County,915496.0813287924,2.3015951335876346,63.477498644731234,86.81102362204724,43.06608705842157,,24.608047536378823,61.90240720585056,35.0,22.51983227378851,,79.62415220455182,Fast Flip
999,99357,97537,OR,Rogue River,"Medford, OR",Jackson County,469192.3527675656,2.3068595940875567,63.51153099100715,62.03103288559517,87.00440510826539,40.16845086570476,17.564801056601144,61.900622661646736,52.833333333333336,28.944769780135637,0.9921119651368008,49.93729685605614,Fast Flip
1000,93085,79782,TX,Stanton,"Midland, TX",Martin County,235767.62276044887,-5.983161133214855,9.920311904028962,72.22093561834181,100.0,,2.317783431570654,61.881263423602505,45.5,33.22583030941546,,-14.327954690916822,Fast Flip
1001,71361,31008,GA,Byron,"Warner Robins, GA",Peach County,258347.7161927588,2.6784634432594125,65.91378111192013,80.09495136637331,50.389499081288406,,25.758650905602074,61.805607460620884,39.833333333333336,23.590707688882325,,84.47387539451758,Fast Flip
1002,81220,53108,WI,Raymond,"Racine, WI",Racine County,377665.3200203784,8.336585707522646,100.0,89.82167670217693,16.770389913514457,,23.21190362768922,61.790779505525,32.833333333333336,18.674709876290198,,73.73949058125736,Fast Flip
1003,81377,53553,WI,Linden,"Madison, WI",Iowa County,237312.0175769136,7.308201652968867,95.84293604090063,90.28485409911995,20.919883800043777,,11.238550618810867,61.76803782177856,32.5,19.281474998106578,,23.272536197138297,Fast Flip
1004,95911,89433,NV,Sun Valley,"Reno, NV",Washoe County,425907.11007213086,-0.4025724328097812,45.9962834263633,65.96804075961091,88.88668416473553,43.3892035765121,17.27466843785743,61.751501958197494,50.0,29.22000847483505,0.9909210530380942,48.71440552188878,Fast Flip
1005,99219,97358,OR,Lyons,"Salem, OR",Marion County,482138.366672336,3.9771702716683013,74.30933094954557,71.06299212598424,82.88224054444188,20.075656620771056,19.840944687846413,61.746185581183326,46.333333333333336,28.342000923954107,0.999541517763682,59.53110376416123,Fast Flip
1006,97157,93218,CA,Earlimart,"Visalia, CA",Tulare County,272089.671362032,5.738296317539262,85.69421102025753,70.13663733209819,55.35258310128346,,9.452247547048866,61.7127128719463,47.0,24.316441082478434,,15.74337744169376,Fast Flip
1007,71389,31036,GA,Hawkinsville,"Warner Robins, GA",Pulaski County,184756.2896513849,2.6867784604755243,65.9675339219551,80.09495136637331,50.389499081288406,,23.346791447617367,61.69307740922689,39.833333333333336,23.590707688882325,,74.30803453467118,Fast Flip
1008,95932,89503,NV,Reno,"Reno, NV",Washoe County,454713.0284567308,-0.4856221813322681,45.459404519229935,65.96804075961091,88.88668416473553,43.3892035765121,17.27466843785743,61.670970122127486,50.0,29.22000847483505,0.9909210530380942,48.71440552188878,Fast Flip
1009,95935,89506,NV,Reno,"Reno, NV",Washoe County,445296.82878836367,-0.5730328639552157,44.89433415365644,65.96804075961091,88.88668416473553,43.3892035765121,17.27466843785743,61.58620956729146,50.0,29.22000847483505,0.9909210530380942,48.71440552188878,Fast Flip
1010,95909,89431,NV,Sparks,"Reno, NV",Washoe County,386002.3726514503,-0.6311520691769162,44.518619886750045,65.96804075961091,88.88668416473553,43.3892035765121,17.27466843785743,61.529852427255506,50.0,29.22000847483505,0.9909210530380942,48.71440552188878,Fast Flip
1011,95955,89704,NV,,"Reno, NV",Washoe County,694121.7880821192,-0.6630875771003546,44.31217133154409,65.96804075961091,88.88668416473553,43.3892035765121,17.27466843785743,61.49888514397461,50.0,29.22000847483505,0.9909210530380942,48.71440552188878,Fast Flip
1012,60442,6787,CT,Thomaston,"Torrington, CT",Litchfield County,333537.1690478767,1.8662642132289926,60.663281950261336,86.81102362204724,43.06608705842157,,24.608047536378823,61.48027470168007,35.0,22.51983227378851,,79.62415220455182,Fast Flip
1013,83866,59001,MT,Absarokee,"Billings, MT",Stillwater County,397718.32993100776,3.063441735869341,68.40249093565333,61.33626679018062,74.43116012856234,,22.218734857934965,61.44679379194855,53.333333333333336,27.106230736493934,,69.5533446485555,Fast Flip
1014,81333,53502,WI,Albany,"Madison, WI",Green County,341750.92599939974,6.943900442240148,93.48789416102741,90.28485409911995,20.919883800043777,,11.779139133967304,61.441810965555405,32.5,19.281474998106578,,25.551083895076275,Fast Flip
1015,81335,53504,WI,Argyle,"Madison, WI",Lafayette County,270365.5221224173,7.374854514580933,96.2738165208085,90.28485409911995,20.919883800043777,,0.9633279934820922,61.3189087624983,32.5,19.281474998106578,,-20.0369019472661,Fast Flip
1016,98504,95953,CA,Live Oak,"Yuba City, CA",Sutter County,383241.2600752427,-1.3993037736084384,39.55286797389313,66.19962945808243,86.38266512310999,,12.221854085529207,61.30955949146677,49.833333333333336,28.85385504495417,,27.417100477822558,Fast Flip
1017,95931,89502,NV,Reno,"Reno, NV",Washoe County,422171.9024000157,-0.8783283063761435,42.92073776840833,65.96804075961091,88.88668416473553,43.3892035765121,17.27466843785743,61.290170109504245,50.0,29.22000847483505,0.9909210530380942,48.71440552188878,Fast Flip
1018,98540,95993,CA,Yuba City,"Yuba City, CA",Sutter County,466180.2327643752,-1.4981728482192724,38.913724307949586,66.19962945808243,86.38266512310999,,12.221854085529207,61.213687941575245,49.833333333333336,28.85385504495417,,27.417100477822558,Fast Flip
1019,71304,30746,GA,Sugar Valley,"Calhoun, GA",Gordon County,286490.65173359454,3.834824843446817,73.38913240230627,53.92542843909216,81.82786101736049,,16.654889164987065,61.17197952661767,58.666666666666664,28.187822911000016,,46.102073598744276,Fast Flip
1020,99355,97535,OR,Phoenix,"Medford, OR",Jackson County,389982.3731030829,1.479021573670777,58.1599341518612,62.03103288559517,87.00440510826539,40.16845086570476,17.564801056601144,61.09788313577484,52.833333333333336,28.944769780135637,0.9921119651368008,49.93729685605614,Fast Flip
1021,83877,59014,MT,Bridger,"Billings, MT",Carbon County,379024.9389259568,2.8133328861868847,66.78565080945427,61.33626679018062,74.43116012856234,,19.915275848797293,61.08909482256181,53.333333333333336,27.106230736493934,,59.8444050847057,Fast Flip
1022,95912,89434,NV,Sparks,"Reno, NV",Washoe County,459176.9599581395,-1.0884203657897347,41.56258801766194,65.96804075961091,88.88668416473553,43.3892035765121,17.27466843785743,61.08644764689229,50.0,29.22000847483505,0.9909210530380942,48.71440552188878,Fast Flip
1023,83101,57043,SD,Marion,"Sioux Falls, SD",Turner County,278435.7622090098,5.654326929809363,85.15138706330262,42.345993515516426,75.99446826451538,,89.20270818888699,61.052558265499336,67.0,27.33482749491487,,351.8867164328458,Fast Flip
1024,98464,95901,CA,Marysville,"Yuba City, CA",Yuba County,385022.3962963054,-1.6970085888653785,37.62834154597493,66.19962945808243,86.38266512310999,,12.555899761311808,61.03758281106818,49.833333333333336,28.85385504495417,,28.825082675410172,Fast Flip
1025,81493,53932,WI,Fall River,"Madison, WI",Columbia County,339498.99739030696,6.000172256301751,87.38712003333251,90.28485409911995,20.919883800043777,,21.836140347692393,61.02954490708742,32.5,19.281474998106578,,67.94073206779312,Fast Flip
1026,99361,97541,OR,Trail,"Medford, OR",Jackson County,473838.7152204367,1.1780711693743724,56.21442646478797,62.03103288559517,87.00440510826539,40.16845086570476,17.564801056601144,60.80605698271386,52.833333333333336,28.944769780135637,0.9921119651368008,49.93729685605614,Fast Flip
1027,75173,39154,MS,,"Jackson, MS",Hinds County,248644.4166690717,3.201953262201429,69.29790504834521,58.55720240852244,57.76438516843895,65.36161760526139,47.9196175762247,60.799107292207886,55.333333333333336,24.6691099657428,0.98279648836201,177.8810014723166,Fast Flip
1028,81395,53574,WI,,"Madison, WI",Green County,435799.3255315511,6.24195492612243,88.95013518806189,90.28485409911995,20.919883800043777,,11.779139133967304,60.76114711961058,32.5,19.281474998106578,,25.551083895076275,Fast Flip
1029,94000,82901,WY,Rock Springs,"Rock Springs, WY",Sweetwater County,289000.6500384708,3.2307252065608147,69.48390260184276,71.17878647522,57.96465160151655,,17.932578729104538,60.722952493437774,46.25,24.6983941844897,,51.48745736731504,Fast Flip
1030,98065,95236,CA,Linden,"Stockton, CA",San Joaquin County,653297.7989770334,1.5312680631335276,58.497683978481355,68.74710514126909,84.4058789623749,29.640788765940414,15.897539423352736,60.66064386116583,48.0,28.56479692644069,0.9960046949709275,42.90989052057538,Fast Flip
1031,95003,85619,AZ,Mount Lemmon,"Tucson, AZ",Pima County,546155.8487039594,2.7670198431525272,66.48625801931746,47.67253358036127,89.44645134294484,54.50966940038256,14.39357075342898,60.64155070950823,63.166666666666664,29.301861155996384,0.9868091268885139,36.57075408954346,Fast Flip
1032,81486,53925,WI,Columbus,"Madison, WI",Columbia County,330979.823376213,5.541759596758037,84.42369037760888,90.28485409911995,20.919883800043777,,21.836140347692393,60.58503045872887,32.5,19.281474998106578,,67.94073206779312,Fast Flip
1033,99234,97375,OR,Scotts Mills,"Salem, OR",Marion County,626924.6150409541,2.7689300888060404,66.49860688992888,71.06299212598424,82.88224054444188,20.075656620771056,19.840944687846413,60.57457697224082,46.333333333333336,28.342000923954107,0.999541517763682,59.53110376416123,Fast Flip
1034,81476,53901,WI,Portage,"Madison, WI",Columbia County,277571.10931498744,5.514221385122096,84.24566834586838,90.28485409911995,20.919883800043777,,21.836140347692393,60.5583271539678,32.5,19.281474998106578,,67.94073206779312,Fast Flip
1035,99343,97522,OR,Butte Falls,"Medford, OR",Jackson County,309398.59639093006,0.871417273336079,54.23204829384566,62.03103288559517,87.00440510826539,40.16845086570476,17.564801056601144,60.50870025707251,52.833333333333336,28.944769780135637,0.9921119651368008,49.93729685605614,Fast Flip
1036,75215,39211,MS,Jackson,"Jackson, MS",Hinds County,202553.03929244567,2.862566550152612,67.10392408751161,58.55720240852244,57.76438516843895,65.36161760526139,47.9196175762247,60.47001014808285,55.333333333333336,24.6691099657428,0.98279648836201,177.8810014723166,Fast Flip
1037,71399,31047,GA,Kathleen,"Warner Robins, GA",Houston County,353949.8068804071,1.7386981262024395,59.8386251318057,80.09495136637331,50.389499081288406,,17.10745753275949,60.46177439496158,39.833333333333336,23.590707688882325,,48.009621731262406,Fast Flip
1038,99414,97756,OR,Redmond,"Bend, OR",Deschutes County,505128.89191849454,-1.6081558343815996,38.20273425121142,47.440944881889735,94.10617876842498,68.71409446371621,16.02717090913634,60.405462976649424,63.333333333333336,29.983235838371787,0.9815568696735056,43.45627934540464,Fast Flip
1039,83094,57036,SD,Hurley,"Sioux Falls, SD",Turner County,294239.25600155554,4.965085003878516,80.69575103155651,42.345993515516426,75.99446826451538,,89.20270818888699,60.38421286073742,67.0,27.33482749491487,,351.8867164328458,Fast Flip
1040,83931,59079,MT,Shepherd,"Billings, MT",Yellowstone County,458646.9525599236,2.388033011411563,64.03628026907863,61.33626679018062,74.43116012856234,,13.953976727565411,60.37862428544387,53.333333333333336,27.106230736493934,,34.71789201871523,Fast Flip
1041,83926,59074,MT,Ryegate,"Billings, MT",Golden Valley County,205046.3398480184,1.4632106062200456,58.05772342784713,61.33626679018062,74.43116012856234,,31.54430841165306,60.361357343463524,53.333333333333336,27.106230736493934,,108.86006973986942,Fast Flip
1042,99339,97502,OR,Central Point,"Medford, OR",Jackson County,412048.23359292414,0.6194922030342516,52.603467126179396,62.03103288559517,87.00440510826539,40.16845086570476,17.564801056601144,60.26441308192258,52.833333333333336,28.944769780135637,0.9921119651368008,49.93729685605614,Fast Flip
1043,99360,97540,OR,Talent,"Medford, OR",Jackson County,427053.1337675522,0.6158024314912405,52.57961442886452,62.03103288559517,87.00440510826539,40.16845086570476,17.564801056601144,60.26083517732534,52.833333333333336,28.944769780135637,0.9921119651368008,49.93729685605614,Fast Flip
1044,99356,97536,OR,Prospect,"Medford, OR",Jackson County,331762.9156603092,0.6063680673964751,52.51862554961073,62.03103288559517,87.00440510826539,40.16845086570476,17.564801056601144,60.25168684543728,52.833333333333336,28.944769780135637,0.9921119651368008,49.93729685605614,Fast Flip
1045,98512,95961,CA,Olivehurst,"Yuba City, CA",Yuba County,439121.72577456647,-2.58741204149145,31.872287601702954,66.19962945808243,86.38266512310999,,12.555899761311808,60.17417471942737,49.833333333333336,28.85385504495417,,28.825082675410172,Fast Flip
1046,98377,95686,CA,Thornton,"Stockton, CA",San Joaquin County,552625.4562458087,1.0261858427953041,55.23255680721417,68.74710514126909,84.4058789623749,29.640788765940414,15.897539423352736,60.17087478547575,48.0,28.56479692644069,0.9960046949709275,42.90989052057538,Fast Flip
1047,71439,31093,GA,Warner Robins,"Warner Robins, GA",Houston County,163029.8529764056,1.4122382468652608,57.72821027372848,80.09495136637331,50.389499081288406,,17.10745753275949,60.145212166250005,39.833333333333336,23.590707688882325,,48.009621731262406,Fast Flip
1048,81436,53726,WI,Madison,"Madison, WI",Dane County,767107.8110416746,5.419758903834572,83.63501130450454,90.28485409911995,20.919883800043777,,14.934674836358827,60.121655322196546,32.5,19.281474998106578,,38.85147487427538,Fast Flip
1049,83881,59019,MT,Columbus,"Billings, MT",Stillwater County,429333.6260343632,1.62040822814517,59.07393466225289,61.33626679018062,74.43116012856234,,22.218734857934965,60.04751035093849,53.333333333333336,27.106230736493934,,69.5533446485555,Fast Flip
1050,81423,53705,WI,Madison,"Madison, WI",Dane County,532456.7902118718,5.342346254570675,83.1345736839879,90.28485409911995,20.919883800043777,,14.934674836358827,60.04658967911905,32.5,19.281474998106578,,38.85147487427538,Fast Flip
1051,71202,30558,GA,,"Jefferson, GA",Banks County,342974.67234693334,4.934272415955841,80.4965616441811,37.25104214914309,96.41985928944514,,16.55380508631259,60.04500407550415,70.66666666666667,30.32155677137482,,45.67601035784236,Fast Flip
1052,83080,57021,SD,Davis,"Sioux Falls, SD",Turner County,358114.351392923,4.512610761567499,77.77071054630855,42.345993515516426,75.99446826451538,,89.20270818888699,59.94545678795022,67.0,27.33482749491487,,351.8867164328458,Fast Flip
1053,98563,96028,CA,Fall River Mills,"Redding, CA",Shasta County,287242.4252179675,0.3629108237634662,50.94478503569274,59.94673459935153,82.92247239430729,,11.651804146454598,59.936283171026496,54.333333333333336,28.347883878346142,,25.014374670722738,Fast Flip
1054,97173,93239,CA,Huron,"Fresno, CA",Fresno County,209283.5574567738,9.057566634653512,100.0,76.85270958777211,53.08204422740423,20.675763464018516,12.255157891715335,59.91686999996076,42.166666666666664,23.98442859274551,0.9993196210319827,27.557473994444553,Fast Flip
1055,75116,39056,MS,Clinton,"Jackson, MS",Hinds County,232251.15224073923,2.243512059238278,63.10201794750571,58.55720240852244,57.76438516843895,65.36161760526139,47.9196175762247,59.86972422708196,55.333333333333336,24.6691099657428,0.98279648836201,177.8810014723166,Fast Flip
1056,98104,95320,CA,Escalon,"Stockton, CA",San Joaquin County,587153.0644631268,0.6762543602105143,52.97040869377576,68.74710514126909,84.4058789623749,29.640788765940414,15.897539423352736,59.83155256845999,48.0,28.56479692644069,0.9960046949709275,42.90989052057538,Fast Flip
1057,97718,94510,CA,Benicia,"Vallejo, CA",Solano County,761018.4429849152,-0.35741754310815776,46.2881892811796,71.9893469198703,91.90324287079947,20.648941085900717,11.685098833853914,59.82935369070425,45.666666666666664,29.6611086814634,0.9993295389292833,25.154709752213193,Fast Flip
1058,75127,39071,MS,Flora,"Jackson, MS",Madison County,289817.563179487,3.828155197556509,73.34601617064683,58.55720240852244,57.76438516843895,65.36161760526139,16.292524886788726,59.82496932608132,55.333333333333336,24.6691099657428,0.98279648836201,44.574730215089794,Fast Flip
1059,83922,59070,MT,Roberts,"Billings, MT",Carbon County,538491.5666869477,1.4989465954198433,58.28874036851519,61.33626679018062,74.43116012856234,,19.915275848797293,59.814558256420945,53.333333333333336,27.106230736493934,,59.8444050847057,Fast Flip
1060,71277,30701,GA,Calhoun,"Calhoun, GA",Gordon County,269735.34843553416,2.364208789729796,63.88226749568236,53.92542843909216,81.82786101736049,,16.654889164987065,59.74594979062408,58.666666666666664,28.187822911000016,,46.102073598744276,Fast Flip
1061,92935,79373,TX,Tahoka,"Lubbock, TX",Lynn County,157013.96541518767,3.862906980691843,73.57067066608558,44.430291801760056,72.67035781589684,62.315903716465144,,59.71697292779609,65.5,26.848755136106277,0.9839226777484832,,Fast Flip
1062,98487,95935,CA,Dobbins,"Yuba City, CA",Yuba County,361558.3893276637,-3.058955719130564,28.823971877447786,66.19962945808243,86.38266512310999,,12.555899761311808,59.7169273607891,49.833333333333336,28.85385504495417,,28.825082675410172,Fast Flip
1063,75175,39157,MS,Ridgeland,"Jackson, MS",Madison County,281080.27621104766,3.6547222101409,72.22485067164047,58.55720240852244,57.76438516843895,65.36161760526139,16.292524886788726,59.65679450123037,55.333333333333336,24.6691099657428,0.98279648836201,44.574730215089794,Fast Flip
1064,94008,82932,WY,Farson,"Rock Springs, WY",Sweetwater County,410307.3559621319,2.125063625838297,62.33630261896113,71.17878647522,57.96465160151655,,17.932578729104538,59.65081249600553,46.25,24.6983941844897,,51.48745736731504,Fast Flip
1065,81348,53521,WI,Brooklyn,"Madison, WI",Dane County,479494.5680780869,4.911195931902866,80.34738265496973,90.28485409911995,20.919883800043777,,14.934674836358827,59.628511024766325,32.5,19.281474998106578,,38.85147487427538,Fast Flip
1066,93067,79758,TX,Gardendale,"Odessa, TX",Ector County,381767.45130701456,4.927531129991988,80.45298229198153,,76.49579364026685,,18.388940406887844,59.61134277420834,,27.40813444776398,,53.4109940707157,Fast Flip
1067,98473,95918,CA,Browns Valley,"Yuba City, CA",Yuba County,557291.9552587027,-3.1879212738307996,27.990268136050382,66.19962945808243,86.38266512310999,,12.555899761311808,59.59187179957949,49.833333333333336,28.85385504495417,,28.825082675410172,Fast Flip
1068,73735,36080,AL,Titus,"Montgomery, AL",Elmore County,290298.3292175315,5.799377642241,86.08907404435503,66.43121815655395,43.81846058719767,56.03599957270966,24.31901547736462,59.54205329665672,49.666666666666664,22.629849068203185,0.9862447479274263,78.40589966267807,Fast Flip
1069,75123,39063,MS,Durant,"Jackson, MS",Holmes County,63391.65044631935,3.6820898391997043,72.4017699644899,58.55720240852244,57.76438516843895,65.36161760526139,11.400460974701987,59.43872919955345,55.333333333333336,24.6691099657428,0.98279648836201,23.954978495382964,Fast Flip
1070,73601,35763,AL,Owens Cross Roads,"Huntsville, AL",Madison County,436358.9712356951,2.4520578816301892,64.45017197813088,54.38860583603518,79.62229985260754,,16.292524886788726,59.423739046823265,58.333333333333336,27.865311871003247,,44.574730215089794,Fast Flip
1071,83945,59105,MT,Billings,"Billings, MT",Yellowstone County,407220.9191720308,1.389028592359037,57.57817039801626,61.33626679018062,74.43116012856234,,13.953976727565411,59.40990780478452,53.333333333333336,27.106230736493934,,34.71789201871523,Fast Flip
1072,81428,53713,WI,Madison,"Madison, WI",Dane County,348941.5250795296,4.681136403244395,78.86015228378646,90.28485409911995,20.919883800043777,,14.934674836358827,59.40542646908884,32.5,19.281474998106578,,38.85147487427538,Fast Flip
1073,73693,36025,AL,Elmore,"Montgomery, AL",Elmore County,233808.292137344,5.6465457899364955,85.1010855278312,66.43121815655395,43.81846058719767,56.03599957270966,24.31901547736462,59.39385501917814,49.666666666666664,22.629849068203185,0.9862447479274263,78.40589966267807,Fast Flip
1074,58808,2559,MA,Bourne,"Barnstable Town, MA",Barnstable County,735702.1353064989,3.787608932591232,73.08390298174291,64.81009726725334,47.65729540802969,64.69563399196653,17.03473043742561,59.351306663072116,50.833333333333336,23.191187665485305,0.9830427438227138,47.703081449690245,Fast Flip
1075,71208,30565,GA,Nicholson,"Jefferson, GA",Jackson County,333716.34851857694,4.127359933051299,75.28023890171356,37.25104214914309,96.41985928944514,,17.564801056601144,59.31310546264846,70.66666666666667,30.32155677137482,,49.93729685605614,Fast Flip
1076,75110,39044,MS,,"Jackson, MS",Simpson County,173231.3618974025,2.805106988096694,66.7324741140949,58.55720240852244,57.76438516843895,65.36161760526139,25.67861981788453,59.302242764153334,55.333333333333336,24.6691099657428,0.98279648836201,84.13654922947777,Fast Flip
1077,75221,39218,MS,Richland,"Jackson, MS",Rankin County,215927.1981881168,3.470487173640169,71.03385483105214,58.55720240852244,57.76438516843895,65.36161760526139,12.770259327172282,59.3020318471613,55.333333333333336,24.6691099657428,0.98279648836201,29.728595202273638,Fast Flip
1078,75305,39456,MS,McLain,"Hattiesburg, MS",Greene County,136995.48097095068,7.023744080515796,94.00404702147075,55.314960629921245,59.4712639244514,,18.65698085917637,59.26150829776471,57.666666666666664,24.918700524167246,,54.54076826752701,Fast Flip
1079,93071,79762,TX,Odessa,"Odessa, TX",Ector County,254517.7879875069,4.545066425930776,77.98052167666889,,76.49579364026685,,18.388940406887844,59.24047368191144,,27.40813444776398,,53.4109940707157,Fast Flip
1080,83897,59037,MT,Huntley,"Billings, MT",Yellowstone County,474277.9666496064,1.1917050123068609,56.30256306753325,61.33626679018062,74.43116012856234,,13.953976727565411,59.21856670521206,53.333333333333336,27.106230736493934,,34.71789201871523,Fast Flip
1081,75219,39216,MS,Jackson,"Jackson, MS",Hinds County,215377.4478636894,1.5304076414000576,58.492121742735215,58.55720240852244,57.76438516843895,65.36161760526139,47.9196175762247,59.178239796366384,55.333333333333336,24.6691099657428,0.98279648836201,177.8810014723166,Fast Flip
1082,71297,30735,GA,Industrial,"Calhoun, GA",Gordon County,243655.94735643547,1.7484705068529935,59.90179913458237,53.92542843909216,81.82786101736049,,16.654889164987065,59.148879536459084,58.666666666666664,28.187822911000016,,46.102073598744276,Fast Flip
1083,75129,39073,MS,Florence,"Jackson, MS",Rankin County,241150.84743205013,3.294648528278512,69.89713784595477,58.55720240852244,57.76438516843895,65.36161760526139,12.770259327172282,59.13152429939669,55.333333333333336,24.6691099657428,0.98279648836201,29.728595202273638,Fast Flip
1084,83915,59063,MT,Park City,"Billings, MT",Stillwater County,460376.6944221829,0.67031640764748,52.93202252717841,61.33626679018062,74.43116012856234,,22.218734857934965,59.126223530677315,53.333333333333336,27.106230736493934,,69.5533446485555,Fast Flip
1085,71922,32311,FL,Tallahassee,"Tallahassee, FL",Leon County,324959.43316051137,0.1987803433109663,49.88375601946697,52.99907364520609,72.01192983563217,69.90224611768517,21.171845125888204,59.07426311748167,59.333333333333336,26.752475651287767,0.9811175362918828,65.14076812857567,Fast Flip
1086,73681,36006,AL,Billingsley,"Montgomery, AL",Autauga County,210666.5914319699,5.809149350489551,86.15224370035813,66.43121815655395,43.81846058719767,56.03599957270966,13.080184914163109,58.98958721689711,49.666666666666664,22.629849068203185,0.9862447479274263,31.034912693250426,Fast Flip
1087,73597,35759,AL,Meridianville,"Huntsville, AL",Madison County,327711.7778862548,1.9886961640359488,61.454748909726575,54.38860583603518,79.62229985260754,,16.292524886788726,58.97442558656262,58.333333333333336,27.865311871003247,,44.574730215089794,Fast Flip
1088,71923,32312,FL,Tallahassee,"Tallahassee, FL",Leon County,444204.9448665525,0.0626613619945339,49.00380862372639,52.99907364520609,72.01192983563217,69.90224611768517,21.171845125888204,58.94227100812058,59.333333333333336,26.752475651287767,0.9811175362918828,65.14076812857567,Fast Flip
1089,71285,30720,GA,Dalton,"Dalton, GA",Whitfield County,264875.5562159832,4.620310614357758,78.46694118268192,53.230662343677615,70.2005547854657,,19.239373876686432,58.9128803878902,59.166666666666664,26.487604986810492,,56.99551939918709,Fast Flip
1090,88570,70390,LA,Napoleonville,"Baton Rouge, LA",Assumption Parish,162004.01659663967,8.134596113145767,100.0,42.345993515516426,71.5654368605229,49.340793368392774,26.124639489163197,58.886847593698185,67.0,26.68718663729215,0.9887203810442755,86.01649500474635,Fast Flip
1091,83157,57212,SD,,"Brookings, SD",Brookings County,302531.88453540875,6.098356014071257,88.02183343713368,80.55812876331635,26.585019850979347,,16.750467068283047,58.88239839888976,39.5,20.109866859873453,,46.50492864546272,Fast Flip
1092,73833,36330,AL,Enterprise,"Enterprise, AL",Coffee County,201210.1796670656,1.6514130050248845,59.2743664639529,65.50486336266789,67.46294291441491,,3.4849153652702682,58.857838643393926,50.333333333333336,26.087294142681632,,-9.408564607404625,Fast Flip
1093,71296,30734,GA,Ranger,"Calhoun, GA",Gordon County,306258.0812563125,1.4425644496261956,57.92425540192519,53.92542843909216,81.82786101736049,,16.654889164987065,58.852247976560506,58.666666666666664,28.187822911000016,,46.102073598744276,Fast Flip
1094,59971,5674,VT,Warren,"Barre, VT",Washington County,480804.2452935596,2.034321246093313,61.74969434458476,78.47383047707271,48.4462074775177,,0.0,58.839846688042584,41.0,23.30654735537406,,-37.19437346980591,Fast Flip
1095,88542,70339,LA,Pierre Part,"Baton Rouge, LA",Assumption Parish,199615.6917478676,7.89428164884577,99.6316770458649,42.345993515516426,71.5654368605229,49.340793368392774,26.124639489163197,58.83159915057792,67.0,26.68718663729215,0.9887203810442755,86.01649500474635,Fast Flip
1096,83941,59101,MT,Billings,"Billings, MT",Yellowstone County,322598.10295263416,0.7751019850987894,53.609413697004335,61.33626679018062,74.43116012856234,,13.953976727565411,58.814594299632724,53.333333333333336,27.106230736493934,,34.71789201871523,Fast Flip
1097,95072,85736,AZ,,"Tucson, AZ",Pima County,288601.0958756136,0.8481084383322346,54.08136726125918,47.67253358036127,89.44645134294484,54.50966940038256,14.39357075342898,58.78081709579949,63.166666666666664,29.301861155996384,0.9868091268885139,36.57075408954346,Fast Flip
1098,73615,35802,AL,Huntsville,"Huntsville, AL",Madison County,348324.73785148,1.712882102512316,59.67173626300281,54.38860583603518,79.62229985260754,,16.292524886788726,58.706973689554054,58.333333333333336,27.865311871003247,,44.574730215089794,Fast Flip
1099,70882,30105,GA,Armuchee,"Rome, GA",Floyd County,272975.62882323365,5.974069990069859,87.2183807364942,42.57758221398794,82.47793435346503,,1.1072663523349386,58.65975779135291,66.83333333333333,28.282880727147557,,-19.430210522987107,Fast Flip
1100,93070,79761,TX,Odessa,"Odessa, TX",Ector County,202170.61372891592,3.928090705674418,73.99205384489255,,76.49579364026685,,18.388940406887844,58.642203507144984,,27.40813444776398,,53.4109940707157,Fast Flip
1101,71178,30530,GA,Commerce,"Jefferson, GA",Jackson County,361024.76508256287,3.3069542421053346,69.9766886972021,37.25104214914309,96.41985928944514,,17.564801056601144,58.517572931971735,70.66666666666667,30.32155677137482,,49.93729685605614,Fast Flip
1102,73720,36054,AL,Millbrook,"Montgomery, AL",Elmore County,214733.4710204896,4.6872019142786,78.89936305796921,66.43121815655395,43.81846058719767,56.03599957270966,24.31901547736462,58.46359664869885,49.666666666666664,22.629849068203185,0.9862447479274263,78.40589966267807,Fast Flip
1103,73732,36075,AL,Shorter,,Macon County,211707.2279906564,8.527161087254111,100.0,,,,68.9185652451205,58.445928262256025,,,,266.39028816375975,Fast Flip
1104,73614,35801,AL,Huntsville,"Huntsville, AL",Madison County,374840.51523834286,1.4369684370462166,57.88807972202616,54.38860583603518,79.62229985260754,,16.292524886788726,58.439425208407556,58.333333333333336,27.865311871003247,,44.574730215089794,Fast Flip
1105,73619,35806,AL,Huntsville,"Huntsville, AL",Madison County,354532.31097227026,1.3953512233327685,57.61904333583696,54.38860583603518,79.62229985260754,,16.292524886788726,58.39906975047918,58.333333333333336,27.865311871003247,,44.574730215089794,Fast Flip
1106,83942,59102,MT,Billings,"Billings, MT",Yellowstone County,370826.7142802701,0.33759109445561913,50.78110448467905,61.33626679018062,74.43116012856234,,13.953976727565411,58.390347917783934,53.333333333333336,27.106230736493934,,34.71789201871523,Fast Flip
1107,71920,32309,FL,Tallahassee,"Tallahassee, FL",Leon County,384351.495091249,-0.519411225598186,45.240973693353865,52.99907364520609,72.01192983563217,69.90224611768517,21.171845125888204,58.377845768564704,59.333333333333336,26.752475651287767,0.9811175362918828,65.14076812857567,Fast Flip
1108,73581,35741,AL,Huntsville,"Huntsville, AL",Madison County,398924.77373367216,1.3316646490575894,57.20733855642192,54.38860583603518,79.62229985260754,,16.292524886788726,58.33731403356692,58.333333333333336,27.865311871003247,,44.574730215089794,Fast Flip
1109,73594,35756,AL,Madison,"Huntsville, AL",Limestone County,387118.8607438509,1.6442233360658407,59.22788851932268,54.38860583603518,79.62229985260754,,9.96156983844856,58.32384877558503,58.333333333333336,27.865311871003247,,17.890139908967853,Fast Flip
1110,83902,59044,MT,Laurel,"Billings, MT",Yellowstone County,365360.6027440482,0.2531523323775476,50.23524623572969,61.33626679018062,74.43116012856234,,13.953976727565411,58.30846918044153,53.333333333333336,27.106230736493934,,34.71789201871523,Fast Flip
1111,71914,32303,FL,Tallahassee,"Tallahassee, FL",Leon County,234071.7019554311,-0.591705229154564,44.77362579270207,52.99907364520609,72.01192983563217,69.90224611768517,21.171845125888204,58.30774358346693,59.333333333333336,26.752475651287767,0.9811175362918828,65.14076812857567,Fast Flip
1112,73743,36092,AL,Wetumpka,"Montgomery, AL",Elmore County,223415.37624872293,4.450959249719901,77.3721615212637,66.43121815655395,43.81846058719767,56.03599957270966,24.31901547736462,58.23451641819302,49.666666666666664,22.629849068203185,0.9862447479274263,78.40589966267807,Fast Flip
1113,73587,35748,AL,Gurley,"Huntsville, AL",Madison County,340874.9078393804,1.214128187677623,56.44751871281441,54.38860583603518,79.62229985260754,,16.292524886788726,58.22334105702579,58.333333333333336,27.865311871003247,,44.574730215089794,Fast Flip
1114,73596,35758,AL,Madison,"Huntsville, AL",Madison County,367549.9689784656,1.1001900748175013,55.710960558196795,54.38860583603518,79.62229985260754,,16.292524886788726,58.112857333833155,58.333333333333336,27.865311871003247,,44.574730215089794,Fast Flip
1115,93074,79765,TX,Odessa,"Odessa, TX",Ector County,330553.8255045143,3.3655798020119096,70.35567631718509,,76.49579364026685,,18.388940406887844,58.09674687798886,,27.40813444776398,,53.4109940707157,Fast Flip
1116,59974,5677,VT,Waterbury,"Barre, VT",Washington County,600712.6879846738,1.2677591039467249,56.794218229999814,78.47383047707271,48.4462074775177,,0.0,58.09652527085484,41.0,23.30654735537406,,-37.19437346980591,Fast Flip
1117,73542,35613,AL,Athens,"Huntsville, AL",Limestone County,344274.39623191254,1.4012101614812673,57.65691871012876,54.38860583603518,79.62229985260754,,9.96156983844856,58.08820330420594,58.333333333333336,27.865311871003247,,17.890139908967853,Fast Flip
1118,74026,36752,AL,,"Montgomery, AL",Lowndes County,175618.72379076088,4.332467187555287,76.60616415256979,66.43121815655395,43.81846058719767,56.03599957270966,22.34673254770405,58.0210026664059,49.666666666666664,22.629849068203185,0.9862447479274263,70.09284712259591,Fast Flip
1119,71928,32317,FL,Tallahassee,"Tallahassee, FL",Leon County,398308.4754822729,-0.8875830450963625,42.86091008562407,52.99907364520609,72.01192983563217,69.90224611768517,21.171845125888204,58.02083622740523,59.333333333333336,26.752475651287767,0.9811175362918828,65.14076812857567,Fast Flip
1120,71915,32304,FL,Tallahassee,"Tallahassee, FL",Leon County,164176.43672951392,-0.9053317056764987,42.746173055532225,52.99907364520609,72.01192983563217,69.90224611768517,21.171845125888204,58.00362567289145,59.333333333333336,26.752475651287767,0.9811175362918828,65.14076812857567,Fast Flip
1121,58846,2657,MA,Provincetown,"Barnstable Town, MA",Barnstable County,1027192.9829424284,2.2694335627807374,63.26958869565025,64.81009726725334,47.65729540802969,64.69563399196653,17.03473043742561,57.87915952015822,50.833333333333336,23.191187665485305,0.9830427438227138,47.703081449690245,Fast Flip
1122,88871,71033,LA,Bethany,"Shreveport-Bossier City, LA",Caddo Parish,236888.53243753067,7.718068423616107,98.49253857203641,,,,61.26648610551445,57.83720509108118,,,,234.13724020001777,Fast Flip
1123,73690,36022,AL,Deatsville,"Montgomery, AL",Elmore County,286330.8582669772,4.017550530339026,74.57037098314701,66.43121815655395,43.81846058719767,56.03599957270966,24.31901547736462,57.81424783747551,49.666666666666664,22.629849068203185,0.9862447479274263,78.40589966267807,Fast Flip
1124,71286,30721,GA,Dalton,"Dalton, GA",Whitfield County,230394.34060325127,3.4850288180994338,71.12785995838976,53.230662343677615,70.2005547854657,,19.239373876686432,57.81201820424637,59.166666666666664,26.487604986810492,,56.99551939918709,Fast Flip
1125,59938,5602,VT,Montpelier,"Barre, VT",Washington County,410572.9964133889,0.9445046100319444,54.70452473295179,78.47383047707271,48.4462074775177,,0.0,57.78307124629764,41.0,23.30654735537406,,-37.19437346980591,Fast Flip
1126,71936,32327,FL,Crawfordville,"Tallahassee, FL",Wakulla County,284642.9213850202,-0.9718007300714722,42.31648099974314,52.99907364520609,72.01192983563217,69.90224611768517,17.454966203742597,57.75332791841581,59.333333333333336,26.752475651287767,0.9811175362918828,49.47434963443087,Fast Flip
1127,95021,85637,AZ,Sonoita,"Tucson, AZ",Pima County,552088.9311835499,-0.24528295451921334,47.01308847045505,47.67253358036127,89.44645134294484,54.50966940038256,14.39357075342898,57.720575277178874,63.166666666666664,29.301861155996384,0.9868091268885139,36.57075408954346,Fast Flip
1128,73595,35757,AL,Madison,"Huntsville, AL",Madison County,346565.2164879384,0.6589710478100221,52.85867992832733,54.38860583603518,79.62229985260754,,16.292524886788726,57.68501523935274,58.333333333333336,27.865311871003247,,44.574730215089794,Fast Flip
1129,71912,32301,FL,Tallahassee,"Tallahassee, FL",Leon County,202926.5180829673,-1.3364544480181508,39.959160320797054,52.99907364520609,72.01192983563217,69.90224611768517,21.171845125888204,57.58557376268118,59.333333333333336,26.752475651287767,0.9811175362918828,65.14076812857567,Fast Flip
1130,93072,79763,TX,Odessa,"Odessa, TX",Ector County,200495.1841719592,2.812146789159194,66.77798323083651,,76.49579364026685,,18.388940406887844,57.56009291503658,,27.40813444776398,,53.4109940707157,Fast Flip
1131,71949,32343,FL,Midway,"Tallahassee, FL",Gadsden County,247959.98801526544,-1.7937050396272174,37.00324290651748,52.99907364520609,72.01192983563217,69.90224611768517,29.11516109265737,57.539351948877695,59.333333333333336,26.752475651287767,0.9811175362918828,98.62136159778446,Fast Flip
1132,71599,31625,GA,Quitman,"Valdosta, GA",Brooks County,250251.52213707523,6.144370472527052,88.31929601357233,62.03103288559517,42.16063587533148,,40.58717428663937,57.52827359515899,52.833333333333336,22.387431500964148,,146.97519916737744,Fast Flip
1133,58835,2644,MA,Forestdale,"Barnstable Town, MA",Barnstable County,621397.0917673764,1.8439305930970424,60.51890523892758,64.81009726725334,47.65729540802969,64.69563399196653,17.03473043742561,57.46655700164981,50.833333333333336,23.191187665485305,0.9830427438227138,47.703081449690245,Fast Flip
1134,72116,32622,FL,,"Gainesville, FL",Bradford County,261466.8061852021,1.1812934843597211,56.23525726775308,36.09309865678553,68.66594468013561,89.48676137953504,26.35264037329787,57.4493435846437,71.5,26.263204635113606,0.9738759259396262,86.9775048580958,Fast Flip
1135,58825,2633,MA,Chatham,"Barnstable Town, MA",Barnstable County,1259742.749311004,1.7832474411163115,60.12661622064114,64.81009726725334,47.65729540802969,64.69563399196653,17.03473043742561,57.40771364890684,50.833333333333336,23.191187665485305,0.9830427438227138,47.703081449690245,Fast Flip
1136,94898,85321,AZ,Ajo,"Tucson, AZ",Pima County,129909.90451675096,-0.6811750677013604,44.195243919247076,47.67253358036127,89.44645134294484,54.50966940038256,14.39357075342898,57.297898594497674,63.166666666666664,29.301861155996384,0.9868091268885139,36.57075408954346,Fast Flip
1137,71919,32308,FL,Tallahassee,"Tallahassee, FL",Leon County,328309.5412387683,-1.639676878321355,37.99896501743106,52.99907364520609,72.01192983563217,69.90224611768517,21.171845125888204,57.29154446717628,59.333333333333336,26.752475651287767,0.9811175362918828,65.14076812857567,Fast Flip
1138,59945,5641,VT,Barre,"Barre, VT",Washington County,303551.85306589067,0.41867276243275336,51.30526064489098,78.47383047707271,48.4462074775177,,0.0,57.27318163308852,41.0,23.30654735537406,,-37.19437346980591,Fast Flip
1139,60020,5774,VT,Wells,"Rutland, VT",Rutland County,334204.8595364983,5.911940019594077,86.81673869371025,70.83140342751273,33.81585766727381,,19.551717725021376,57.24505230675551,46.5,21.167205491623573,,58.31202971458423,Fast Flip
1140,72114,32619,FL,Bell,"Gainesville, FL",Gilchrist County,287741.15440194187,1.0851436207932919,55.61369206628122,36.09309865678553,68.66594468013561,89.48676137953504,23.274901064461382,57.2022218389811,71.5,26.263204635113606,0.9738759259396262,74.00502094401702,Fast Flip
1141,92813,79080,TX,Skellytown,"Borger, TX",Hutchinson County,61204.00908203265,4.908496510031793,80.3299321185164,,63.52607595666922,,34.387200328163445,57.150368823352935,,25.5116206691175,,120.84268618516462,Fast Flip
1142,59961,5663,VT,Northfield,"Barre, VT",Washington County,310958.2800648637,0.11805098019188681,49.36187735016302,78.47383047707271,48.4462074775177,,0.0,56.98167413887933,41.0,23.30654735537406,,-37.19437346980591,Fast Flip
1143,88856,71007,LA,Bethany,"Shreveport-Bossier City, LA",Caddo Parish,203499.76280778195,6.805993329425071,92.59638730722848,,,,61.26648610551445,56.95278240135999,,,,234.13724020001777,Fast Flip
1144,95086,85750,AZ,Tucson,"Tucson, AZ",Pima County,595951.1390431541,-1.0421705973049404,41.861571766571956,47.67253358036127,89.44645134294484,54.50966940038256,14.39357075342898,56.94784777159641,63.166666666666664,29.301861155996384,0.9868091268885139,36.57075408954346,Fast Flip
1145,71950,32344,FL,Monticello,"Tallahassee, FL",Jefferson County,293993.5947052363,-1.7526047063186536,37.268937895630465,52.99907364520609,72.01192983563217,69.90224611768517,15.807864769128013,56.91384138106818,59.333333333333336,26.752475651287767,0.9811175362918828,42.531917309494496,Fast Flip
1146,93916,82411,WY,Burlington,,Big Horn County,384988.6133723308,9.075854476221574,100.0,,,,37.52132843424491,56.876066421712245,,,,134.052845448515,Fast Flip
1147,93927,82432,WY,Manderson,,Big Horn County,387273.0366556464,9.386701216095908,100.0,,,,37.52132843424491,56.876066421712245,,,,134.052845448515,Fast Flip
1148,93932,82441,WY,,,Big Horn County,421284.85964538186,8.834228419726891,100.0,,,,37.52132843424491,56.876066421712245,,,,134.052845448515,Fast Flip
1149,93919,82420,WY,Cowley,,Big Horn County,335223.1018151544,11.407003618322374,100.0,,,,37.52132843424491,56.876066421712245,,,,134.052845448515,Fast Flip
1150,71945,32336,FL,Lamont,"Tallahassee, FL",Jefferson County,223957.5957814691,-1.8005475239086715,36.95900935315386,52.99907364520609,72.01192983563217,69.90224611768517,15.807864769128013,56.86735209969669,59.333333333333336,26.752475651287767,0.9811175362918828,42.531917309494496,Fast Flip
1151,71942,32333,FL,Havana,"Tallahassee, FL",Gadsden County,264831.450069648,-2.5057119651364124,32.40044149122771,52.99907364520609,72.01192983563217,69.90224611768517,29.11516109265737,56.848931736584234,59.333333333333336,26.752475651287767,0.9811175362918828,98.62136159778446,Fast Flip
1152,58791,2532,MA,Bourne,"Barnstable Town, MA",Barnstable County,620556.5582301466,1.1927365789586495,56.30923167745081,64.81009726725334,47.65729540802969,64.69563399196653,17.03473043742561,56.8351059674283,50.833333333333336,23.191187665485305,0.9830427438227138,47.703081449690245,Fast Flip
1153,95033,85653,AZ,Marana,"Tucson, AZ",Pima County,385041.67504936206,-1.291836577085032,40.247594593162184,47.67253358036127,89.44645134294484,54.50966940038256,14.39357075342898,56.705751195584945,63.166666666666664,29.301861155996384,0.9868091268885139,36.57075408954346,Fast Flip
1154,58831,2639,MA,Dennis,"Barnstable Town, MA",Barnstable County,530409.9947084371,0.9839223745717862,54.95934267911402,64.81009726725334,47.65729540802969,64.69563399196653,17.03473043742561,56.632622617677775,50.833333333333336,23.191187665485305,0.9830427438227138,47.703081449690245,Fast Flip
1155,92941,79381,TX,Wilson,"Lubbock, TX",Lynn County,319499.8092126528,0.6759982165173506,52.96875284112718,44.430291801760056,72.67035781589684,62.315903716465144,,56.62668525405233,65.5,26.848755136106277,0.9839226777484832,,Fast Flip
1156,95071,85735,AZ,Tucson,"Tucson, AZ",Pima County,342314.7130353216,-1.4048181179464099,39.51722024208904,47.67253358036127,89.44645134294484,54.50966940038256,14.39357075342898,56.59619504292397,63.166666666666664,29.301861155996384,0.9868091268885139,36.57075408954346,Fast Flip
1157,92906,79329,TX,Idalou,"Lubbock, TX",Lubbock County,241390.16140909644,2.387686185451778,64.03403819675971,44.430291801760056,72.67035781589684,62.315903716465144,15.95656413570333,56.58430626418238,65.5,26.848755136106277,0.9839226777484832,43.1586760916284,Fast Flip
1158,71940,32331,FL,Greenville,"Tallahassee, FL",Madison County,209710.5823156538,-2.1494603840430853,34.703446171249475,52.99907364520609,72.01192983563217,69.90224611768517,16.292524886788726,56.553250628294066,59.333333333333336,26.752475651287767,0.9811175362918828,44.574730215089794,Fast Flip
1159,58837,2646,MA,Harwich Port,"Barnstable Town, MA",Barnstable County,1060508.7648859627,0.9002138050407348,54.41820479336402,64.81009726725334,47.65729540802969,64.69563399196653,17.03473043742561,56.55145193481528,50.833333333333336,23.191187665485305,0.9830427438227138,47.703081449690245,Fast Flip
1160,58811,2563,MA,Sandwich,"Barnstable Town, MA",Barnstable County,678349.4582172266,0.8860731850186326,54.326792106887325,64.81009726725334,47.65729540802969,64.69563399196653,17.03473043742561,56.537740031843775,50.833333333333336,23.191187665485305,0.9830427438227138,47.703081449690245,Fast Flip
1161,71959,32355,FL,Saint Marks,"Tallahassee, FL",Wakulla County,255304.59640396448,-2.270102216920507,33.923551511216175,52.99907364520609,72.01192983563217,69.90224611768517,17.454966203742597,56.49438849513677,59.333333333333336,26.752475651287767,0.9811175362918828,49.47434963443087,Fast Flip
1162,58795,2537,MA,East Sandwich,"Barnstable Town, MA",Barnstable County,770820.3042574124,0.8349719883938173,53.996446078329406,64.81009726725334,47.65729540802969,64.69563399196653,17.03473043742561,56.488188127560086,50.833333333333336,23.191187665485305,0.9830427438227138,47.703081449690245,Fast Flip
1163,91604,76866,TX,Paint Rock,,Concho County,209475.1938715008,9.428208657350655,100.0,,,,28.426429658749726,56.421321482937486,,,,95.71840051143275,Fast Flip
1164,89077,71419,LA,Converse,"Shreveport-Bossier City, LA",Sabine Parish,155338.88362335542,11.661262383602919,100.0,,,,28.387779681495285,56.419388984074764,,,,95.55549320905882,Fast Flip
1165,93915,82410,WY,Basin,,Big Horn County,244873.76991153872,7.4586278944222855,96.815373375781,,,,37.52132843424491,56.39837242807939,,,,134.052845448515,Fast Flip
1166,58836,2645,MA,Harwich,"Barnstable Town, MA",Barnstable County,732861.4592908827,0.7246896928769426,53.283521122545494,64.81009726725334,47.65729540802969,64.69563399196653,17.03473043742561,56.38124938419251,50.833333333333336,23.191187665485305,0.9830427438227138,47.703081449690245,Fast Flip
1167,93003,79543,TX,Roby,,Fisher County,103295.6425965352,9.11447601989311,100.0,,,,27.428318466858865,56.371415923342944,,,,91.511422570159,Fast Flip
1168,93006,79546,TX,Rotan,,Fisher County,62719.178807875614,9.153099401575721,100.0,,,,27.428318466858865,56.371415923342944,,,,91.511422570159,Fast Flip
1169,89815,72932,AR,Cedarville,"Fort Smith, AR-OK",Crawford County,242085.0405296364,7.902812088043889,99.6868224611796,,,,26.43258134686528,56.274652436520206,,,,87.31445119747602,Fast Flip
1170,58848,2660,MA,Dennis,"Barnstable Town, MA",Barnstable County,647855.0151947555,0.6125727984663853,52.5587363180975,64.81009726725334,47.65729540802969,64.69563399196653,17.03473043742561,56.27253166352531,50.833333333333336,23.191187665485305,0.9830427438227138,47.703081449690245,Fast Flip
1171,60036,5830,VT,Holland,,Orleans County,226609.99950246603,7.5591893164575135,97.46545729924321,,,,32.23144432912634,56.2313908113428,,,,111.75630582153346,Fast Flip
1172,89095,71441,LA,Kelly,,Caldwell Parish,138243.74191291915,18.709559296616643,100.0,,,,24.317975570336426,56.215898778516824,,,,78.40151651782995,Fast Flip
1173,89076,71418,LA,Columbia,,Caldwell Parish,128423.90504781122,9.100619725301767,100.0,,,,24.317975570336426,56.215898778516824,,,,78.40151651782995,Fast Flip
1174,89091,71435,LA,Grayson,,Caldwell Parish,133874.50489080886,8.322057572947806,100.0,,,,24.317975570336426,56.215898778516824,,,,78.40151651782995,Fast Flip
1175,92972,79502,TX,Aspermont,,Stonewall County,86761.55810846748,9.15262533255142,100.0,,,,22.85809517644216,56.142904758822105,,,,72.24820948760204,Fast Flip
1176,92885,79248,TX,,,Cottle County,64733.92018015307,25.84760784559118,100.0,,,,21.96470213994167,56.09823510699708,,,,68.48261219946333,Fast Flip
1177,60800,7762,NJ,Spring Lake,"New York-Newark-Jersey City, NY-NJ-PA",Monmouth County,1332962.247149117,8.167169906767809,100.0,,,,21.94508598353262,56.09725429917663,,,,68.39993129379278,Fast Flip
1178,71746,32040,FL,Glen Saint Mary,"Jacksonville, FL",Baker County,370897.0465339876,1.6846768388064555,59.489402042572145,10.386753126447388,99.10935147858811,89.5854067665044,16.43303068492484,56.074844657836564,90.0,30.714831252647635,0.9738394506199194,45.16695360481041,Fast Flip
1179,58839,2648,MA,Barnstable,"Barnstable Town, MA",Barnstable County,659264.7647845515,0.3965088092067378,51.16198075304982,64.81009726725334,47.65729540802969,64.69563399196653,17.03473043742561,56.063018328768145,50.833333333333336,23.191187665485305,0.9830427438227138,47.703081449690245,Fast Flip
1180,72113,32618,FL,Archer,"Gainesville, FL",Alachua County,311373.21244222583,-0.10627512885585924,47.91171093292909,36.09309865678553,68.66594468013561,89.48676137953504,23.47490276983458,56.05692475424694,71.5,26.263204635113606,0.9738759259396262,74.84801596256618,Fast Flip
1181,88787,70764,LA,Plaquemine,"Baton Rouge, LA",Iberville Parish,167091.80090690756,5.1121382528883395,81.6463835021344,42.345993515516426,71.5654368605229,49.340793368392774,24.166771680153374,56.035911728567854,67.0,26.68718663729215,0.9887203810442755,77.76420132108338,Fast Flip
1182,59774,5034,VT,Bridgewater,"Lebanon, NH-VT",Windsor County,477678.98529925634,14.79967603052744,100.0,,,,20.017624544354,56.0008812272177,,,,60.275798608817475,Fast Flip
1183,58840,2649,MA,Mashpee,"Barnstable Town, MA",Barnstable County,685061.6373070561,0.29310805139010804,50.49354181324589,64.81009726725334,47.65729540802969,64.69563399196653,17.03473043742561,55.962752487797566,50.833333333333336,23.191187665485305,0.9830427438227138,47.703081449690245,Fast Flip
1184,58855,2668,MA,Barnstable,"Barnstable Town, MA",Barnstable County,802754.6494941147,0.26980375459210804,50.34289011809917,64.81009726725334,47.65729540802969,64.69563399196653,17.03473043742561,55.94015473352555,50.833333333333336,23.191187665485305,0.9830427438227138,47.703081449690245,Fast Flip
1185,58821,2601,MA,Barnstable,"Barnstable Town, MA",Barnstable County,546509.5364938224,0.2665825221786747,50.32206631346985,64.81009726725334,47.65729540802969,64.69563399196653,17.03473043742561,55.937031162831154,50.833333333333336,23.191187665485305,0.9830427438227138,47.703081449690245,Fast Flip
1186,88563,70372,LA,Labadieville,"Houma-Thibodaux, LA",Lafourche Parish,152582.72443575822,11.019834560854482,100.0,,,,17.714969327161047,55.88574846635805,,,,50.570246979105974,Fast Flip
1187,58918,2817,RI,West Greenwich,"Providence-Warwick, RI-MA",Kent County,563830.3994892379,8.073833179359735,100.0,,,,17.319240564237678,55.86596202821188,,,,48.90227432248016,Fast Flip
1188,58801,2543,MA,Falmouth,"Barnstable Town, MA",Barnstable County,1405127.1611755786,0.19108550483307085,49.834012383320236,64.81009726725334,47.65729540802969,64.69563399196653,17.03473043742561,55.863823073308716,50.833333333333336,23.191187665485305,0.9830427438227138,47.703081449690245,Fast Flip
1189,71763,32063,FL,Macclenny,"Jacksonville, FL",Baker County,295467.84216024505,1.4316927052779367,57.853974512119166,10.386753126447388,99.10935147858811,89.5854067665044,16.43303068492484,55.82953052826862,90.0,30.714831252647635,0.9738394506199194,45.16695360481041,Fast Flip
1190,66050,19733,DE,New Castle,"Philadelphia-Camden-Wilmington, PA-NJ-DE-MD",New Castle County,308904.85416056216,9.588203507716605,100.0,,,,15.977969634253547,55.798898481712676,,,,43.24889896554702,Fast Flip
1191,58861,2675,MA,Yarmouth,"Barnstable Town, MA",Barnstable County,665898.5355284796,0.12161656071343117,49.3849272089255,64.81009726725334,47.65729540802969,64.69563399196653,17.03473043742561,55.7964602971495,50.833333333333336,23.191187665485305,0.9830427438227138,47.703081449690245,Fast Flip
1192,88415,70002,LA,Metairie,"New Orleans-Metairie, LA",Jefferson Parish,339344.7703106453,11.604369324222933,100.0,,,,15.85652016669413,55.79282600833471,,,,42.73699684967758,Fast Flip
1193,88556,70358,LA,Grand Isle,"New Orleans-Metairie, LA",Jefferson Parish,259565.9361633432,20.61099658488277,100.0,,,,15.85652016669413,55.79282600833471,,,,42.73699684967758,Fast Flip
1194,95091,85757,AZ,Tucson,"Tucson, AZ",Pima County,323754.72216130304,-2.233690833090223,34.158934571439694,47.67253358036127,89.44645134294484,54.50966940038256,14.39357075342898,55.79245219232657,63.166666666666664,29.301861155996384,0.9868091268885139,36.57075408954346,Fast Flip
1195,95042,85704,AZ,Tucson,"Tucson, AZ",Pima County,440464.0417823931,-2.264319115771799,33.96093663374571,47.67253358036127,89.44645134294484,54.50966940038256,14.39357075342898,55.76275250167247,63.166666666666664,29.301861155996384,0.9868091268885139,36.57075408954346,Fast Flip
1196,95090,85755,AZ,Oro Valley,"Tucson, AZ",Pima County,508510.4203164704,-2.2739032097050664,33.898979819085845,47.67253358036127,89.44645134294484,54.50966940038256,14.39357075342898,55.75345897947349,63.166666666666664,29.301861155996384,0.9868091268885139,36.57075408954346,Fast Flip
1197,66891,21521,MD,Barton,"Cumberland, MD-WV",Garrett County,112493.49414316044,9.476790600456663,100.0,,,,14.673489539929626,55.733674476996484,,,,37.7505947422922,Fast Flip
1198,60594,7087,NJ,Union City,"New York-Newark-Jersey City, NY-NJ-PA",Hudson County,559811.6899509835,9.24607785904888,100.0,,,,14.629767759626253,55.731488387981315,,,,37.56631009867344,Fast Flip
1199,95073,85737,AZ,Oro Valley,"Tucson, AZ",Pima County,492674.6199769948,-2.3478186595552764,33.42115000452468,47.67253358036127,89.44645134294484,54.50966940038256,14.39357075342898,55.681784507289315,63.166666666666664,29.301861155996384,0.9868091268885139,36.57075408954346,Fast Flip
1200,95056,85718,AZ,Tucson,"Tucson, AZ",Pima County,724411.2408326532,-2.359103460893198,33.34819888887043,47.67253358036127,89.44645134294484,54.50966940038256,14.39357075342898,55.67084183994118,63.166666666666664,29.301861155996384,0.9868091268885139,36.57075408954346,Fast Flip
1201,89128,71486,LA,Zwolle,,Sabine Parish,180826.3806372295,7.1722240086232,94.96390232448782,,,,28.387779681495285,55.663974332747934,,,,95.55549320905882,Fast Flip
1202,88806,70788,LA,White Castle,"Baton Rouge, LA",Iberville Parish,132258.54915413648,4.722439025801176,79.12715498101946,42.345993515516426,71.5654368605229,49.340793368392774,24.166771680153374,55.658027450400624,67.0,26.68718663729215,0.9887203810442755,77.76420132108338,Fast Flip
1203,399731,85756,AZ,Tucson,"Tucson, AZ",Pima County,304202.21596643707,-2.379960077976223,33.21337033146665,47.67253358036127,89.44645134294484,54.50966940038256,14.39357075342898,55.65061755633061,63.166666666666664,29.301861155996384,0.9868091268885139,36.57075408954346,Fast Flip
1204,60732,7641,NJ,Haworth,"New York-Newark-Jersey City, NY-NJ-PA",Bergen County,1112425.7995651169,8.02859449655363,100.0,,,,12.77737660936484,55.63886883046824,,,,29.75859411364662,Fast Flip
1205,60726,7627,NJ,Demarest,"New York-Newark-Jersey City, NY-NJ-PA",Bergen County,1360408.2317793765,9.580973450124427,100.0,,,,12.77737660936484,55.63886883046824,,,,29.75859411364662,Fast Flip
1206,60658,7417,NJ,Franklin Lakes,"New York-Newark-Jersey City, NY-NJ-PA",Bergen County,1487485.0715968718,9.095155659788395,100.0,,,,12.77737660936484,55.63886883046824,,,,29.75859411364662,Fast Flip
1207,60830,7843,NJ,Hopatcong,"New York-Newark-Jersey City, NY-NJ-PA",Sussex County,439930.3653913126,8.111220444104232,100.0,,,,12.590875202333738,55.62954376011669,,,,28.97250203115031,Fast Flip
1208,66976,21679,MD,Wye Mills,"Easton, MD",Talbot County,653418.1664807964,4.439019025161843,77.29497339215189,39.79851783232976,76.69616755809282,,18.01023463515347,55.59828087141908,68.83333333333333,27.437434383607528,,51.81477228614546,Fast Flip
1209,60926,8032,NJ,Grenloch,"Philadelphia-Camden-Wilmington, PA-NJ-DE-MD",Gloucester County,315179.73809810355,10.993151837731304,100.0,,,,11.858331990178424,55.59291659950892,,,,25.884876965320775,Fast Flip
1210,88463,70080,LA,Paradis,"New Orleans-Metairie, LA",Saint Charles Parish,197855.38313662264,11.370757928998014,100.0,,,,11.82981520404513,55.591490760202255,,,,25.764680446943377,Fast Flip
1211,59970,5673,VT,Waitsfield,"Barre, VT",Washington County,537632.0161282805,-1.3304335279560955,39.99808283459586,78.47383047707271,48.4462074775177,,0.0,55.57710496154425,41.0,23.30654735537406,,-37.19437346980591,Fast Flip
1212,67026,21766,MD,Little Orleans,"Cumberland, MD-WV",Allegany County,215366.40977031484,7.178103754507817,95.00191221134378,,,,26.513598597649302,55.57596676158403,,,,87.65593397983548,Fast Flip
1213,59973,5676,VT,Waterbury,"Barre, VT",Washington County,462172.6344309971,-1.333611384019732,39.977539438368595,78.47383047707271,48.4462074775177,,0.0,55.57402345211016,41.0,23.30654735537406,,-37.19437346980591,Fast Flip
1214,66881,21405,MD,Annapolis,"Baltimore-Columbia-Towson, MD",Anne Arundel County,1474656.521206418,7.458120532557931,96.81209351174645,,,,19.435668885783763,55.49359747105115,,,,57.82289091847659,Fast Flip
1215,399662,85658,AZ,Marana,"Tucson, AZ",Pima County,531668.9025241461,-2.5452629414878607,32.14476239120162,47.67253358036127,89.44645134294484,54.50966940038256,14.39357075342898,55.49032636529086,63.166666666666664,29.301861155996384,0.9868091268885139,36.57075408954346,Fast Flip
1216,60588,7079,NJ,South Orange,"New York-Newark-Jersey City, NY-NJ-PA",Essex County,1017560.968843134,8.25638540762224,100.0,,,,9.531446803869956,55.4765723401935,,,,16.07719749011983,Fast Flip
1217,60577,7068,NJ,Roseland,"New York-Newark-Jersey City, NY-NJ-PA",Essex County,796242.1362118018,8.5616303000575,100.0,,,,9.531446803869956,55.4765723401935,,,,16.07719749011983,Fast Flip
1218,95025,85641,AZ,Vail,"Tucson, AZ",Pima County,406516.5215600125,-2.5675203548177956,32.00087832223354,47.67253358036127,89.44645134294484,54.50966940038256,14.39357075342898,55.46874375494564,63.166666666666664,29.301861155996384,0.9868091268885139,36.57075408954346,Fast Flip
1219,95039,85701,AZ,Tucson,"Tucson, AZ",Pima County,401963.0090860001,-2.6237183001913427,31.63758412770481,47.67253358036127,89.44645134294484,54.50966940038256,14.39357075342898,55.41424962576634,63.166666666666664,29.301861155996384,0.9868091268885139,36.57075408954346,Fast Flip
1220,58822,2630,MA,Barnstable,"Barnstable Town, MA",Barnstable County,834174.8348755304,-0.30471776827699193,46.62886939184688,64.81009726725334,47.65729540802969,64.69563399196653,17.03473043742561,55.383051624587715,50.833333333333336,23.191187665485305,0.9830427438227138,47.703081449690245,Fast Flip
1221,88796,70776,LA,Saint Gabriel,"Baton Rouge, LA",Iberville Parish,265575.3501252003,4.401626117994856,77.05324522931566,42.345993515516426,71.5654368605229,49.340793368392774,24.166771680153374,55.34694098764505,67.0,26.68718663729215,0.9887203810442755,77.76420132108338,Fast Flip
1222,88881,71047,LA,Keithville,"Shreveport-Bossier City, LA",Caddo Parish,213405.2137614944,5.133562711403843,81.7848828965138,,,,61.26648610551445,55.33105673975279,,,,234.13724020001777,Fast Flip
1223,88552,70354,LA,Cut Off,"Houma-Thibodaux, LA",Lafourche Parish,81128.69828434383,7.375739337513612,96.27953649922571,,,,17.714969327161047,55.327678941241906,,,,50.570246979105974,Fast Flip
1224,58810,2562,MA,Bourne,"Barnstable Town, MA",Barnstable County,695742.7697446817,-0.387311188961345,46.09494043694565,64.81009726725334,47.65729540802969,64.69563399196653,17.03473043742561,55.30296228135253,50.833333333333336,23.191187665485305,0.9830427438227138,47.703081449690245,Fast Flip
1225,60910,8014,NJ,Bridgeport,"Philadelphia-Camden-Wilmington, PA-NJ-DE-MD",Gloucester County,297043.27834467904,7.634253938687782,97.95071599134452,,,,11.858331990178424,55.2855239982106,,,,25.884876965320775,Fast Flip
1226,60009,5762,VT,Pittsfield,"Rutland, VT",Rutland County,410344.9195524007,3.8318064276309807,73.36961971487122,70.83140342751273,33.81585766727381,,19.551717725021376,55.22798445992966,46.5,21.167205491623573,,58.31202971458423,Fast Flip
1227,89150,71653,AR,Lake Village,,Chicot County,171815.61085757604,5.674255117507718,85.28021374638095,,,,47.871597147592446,55.185611919336765,,,,177.6785982875535,Fast Flip
1228,58937,2840,RI,Newport,"Providence-Warwick, RI-MA",Newport County,893450.8583731394,7.076945805151206,94.34797200966185,,,,20.54122490220097,55.17925704655932,,,,62.48274225738254,Fast Flip
1229,89272,71957,AR,Mount Ida,,Montgomery County,234476.4065156484,8.772207653183694,100.0,,,,3.4542426472353247,55.17271213236177,,,,-9.537848247564453,Fast Flip
1230,95085,85749,AZ,Tucson,"Tucson, AZ",Pima County,640787.7610914224,-2.9027340248634457,29.833874182762326,47.67253358036127,89.44645134294484,54.50966940038256,14.39357075342898,55.143693134024964,63.166666666666664,29.301861155996384,0.9868091268885139,36.57075408954346,Fast Flip
1231,66961,21663,MD,Saint Michaels,"Easton, MD",Talbot County,719326.6343526583,3.961766701589113,74.20975386451892,39.79851783232976,76.69616755809282,,18.01023463515347,55.13549794227413,68.83333333333333,27.437434383607528,,51.81477228614546,Fast Flip
1232,58852,2664,MA,Yarmouth,"Barnstable Town, MA",Barnstable County,597882.711600722,-0.6654007766262776,44.29721754714916,64.81009726725334,47.65729540802969,64.69563399196653,17.03473043742561,55.033303847883055,50.833333333333336,23.191187665485305,0.9830427438227138,47.703081449690245,Fast Flip
1233,60929,8035,NJ,Haddon Heights,"Philadelphia-Camden-Wilmington, PA-NJ-DE-MD",Camden County,479719.950019899,7.096616497638896,94.47513410314473,,,,16.72961537505139,55.00775088422428,,,,46.41704002726419,Fast Flip
1234,58920,2822,RI,Exeter,"Providence-Warwick, RI-MA",Washington County,593745.2738465845,8.516460489887233,100.0,,,,0.0,55.0,,,,-37.19437346980591,Fast Flip
1235,58962,2882,RI,Narragansett,"Providence-Warwick, RI-MA",Washington County,827285.7996356585,9.247489636900564,100.0,,,,0.0,55.0,,,,-37.19437346980591,Fast Flip
1236,59889,5445,VT,Charlotte,"Burlington-South Burlington, VT",Chittenden County,823722.6463507334,7.118091121560134,94.6139577940896,,,,15.884873194208915,54.986337328823886,,,,42.85650313544225,Fast Flip
1237,95083,85747,AZ,Tucson,"Tucson, AZ",Pima County,363173.547343818,-3.082704741970993,28.670445230409204,47.67253358036127,89.44645134294484,54.50966940038256,14.39357075342898,54.96917879117199,63.166666666666664,29.301861155996384,0.9868091268885139,36.57075408954346,Fast Flip
1238,60553,7040,NJ,Maplewood,"New York-Newark-Jersey City, NY-NJ-PA",Essex County,895408.1637739727,7.416316863935822,96.5418517792513,,,,9.531446803869956,54.95785010708119,,,,16.07719749011983,Fast Flip
1239,59950,5651,VT,East Montpelier,"Barre, VT",Washington County,436929.70630762336,-1.9701379506188186,35.862684264008394,78.47383047707271,48.4462074775177,,0.0,54.95679517595613,41.0,23.30654735537406,,-37.19437346980591,Fast Flip
1240,60956,8066,NJ,West Deptford Township,"Philadelphia-Camden-Wilmington, PA-NJ-DE-MD",Gloucester County,228110.1098717775,7.289648463496781,95.72299809689933,,,,11.858331990178424,54.95136631404382,,,,25.884876965320775,Fast Flip
1241,95013,85629,AZ,Sahuarita,"Tucson, AZ",Pima County,336987.9410235413,-3.1021921528188066,28.54446796949071,47.67253358036127,89.44645134294484,54.50966940038256,14.39357075342898,54.950282202034224,63.166666666666664,29.301861155996384,0.9868091268885139,36.57075408954346,Fast Flip
1242,95054,85716,AZ,Tucson,"Tucson, AZ",Pima County,309676.1779923332,-3.1606901148725184,28.166305211677876,47.67253358036127,89.44645134294484,54.50966940038256,14.39357075342898,54.893557788362294,63.166666666666664,29.301861155996384,0.9868091268885139,36.57075408954346,Fast Flip
1243,89100,71449,LA,Many,,Sabine Parish,216713.61099897945,6.3547326715330446,89.67919209409962,,,,28.387779681495285,54.871267798189706,,,,95.55549320905882,Fast Flip
1244,60927,8033,NJ,Haddonfield,"Philadelphia-Camden-Wilmington, PA-NJ-DE-MD",Camden County,755406.3562571746,6.903408805017741,93.22613411567194,,,,16.72961537505139,54.820400886103364,,,,46.41704002726419,Fast Flip
1245,66896,21529,MD,Cumberland,"Cumberland, MD-WV",Allegany County,172814.36904583935,6.386791665786654,89.88643893234878,,,,26.513598597649302,54.80864576973478,,,,87.65593397983548,Fast Flip
1246,61154,8730,NJ,Brielle,"New York-Newark-Jersey City, NY-NJ-PA",Monmouth County,1193926.1435978615,6.589311188824885,91.1956356744978,,,,21.94508598353262,54.7765996503513,,,,68.39993129379278,Fast Flip
1247,66911,21557,MD,Rawlings,"Cumberland, MD-WV",Allegany County,169393.40509185594,6.343480238209354,89.60645022295743,,,,26.513598597649302,54.76664746332608,,,,87.65593397983548,Fast Flip
1248,66047,19730,DE,Odessa,"Philadelphia-Camden-Wilmington, PA-NJ-DE-MD",New Castle County,383782.1195924443,6.813914877484224,92.64759651785782,,,,15.977969634253547,54.69603795939135,,,,43.24889896554702,Fast Flip
1249,88443,70056,LA,Gretna,"New Orleans-Metairie, LA",Jefferson Parish,246467.54496832428,6.73693942283012,92.14998516194144,,,,15.85652016669413,54.61532378262592,,,,42.73699684967758,Fast Flip
1250,60934,8041,NJ,Springfield Township,"Philadelphia-Camden-Wilmington, PA-NJ-DE-MD",Burlington County,537062.7334618814,6.641883870367221,91.53549418477225,,,,16.85063735235202,54.57285599533344,,,,46.92714029770454,Fast Flip
1251,59899,5455,VT,Fairfield,"Burlington-South Burlington, VT",Franklin County,377526.7238385994,6.61836524973864,91.38345698339604,,,,17.163776552659275,54.565707375142374,,,,48.24700297326982,Fast Flip
1252,66886,21502,MD,Cumberland,"Cumberland, MD-WV",Allegany County,149169.54727941065,6.0325803565337015,87.59662368318506,,,,26.513598597649302,54.46517348236023,,,,87.65593397983548,Fast Flip
1253,58923,2825,RI,Foster,"Providence-Warwick, RI-MA",Providence County,540925.9543726121,6.785192591263433,92.46191998167403,,,,11.721825107885682,54.45537925264539,,,,25.30950876255603,Fast Flip
1254,66054,19801,DE,Wilmington,"Philadelphia-Camden-Wilmington, PA-NJ-DE-MD",New Castle County,173177.28219434796,6.550799002258876,90.94667187866793,,,,15.977969634253547,54.44089926351287,,,,43.24889896554702,Fast Flip
1255,66544,20674,MD,Tall Timbers,"California-Lexington Park, MD",Saint Marys County,457004.8462297468,6.557864717414802,90.99234851825464,,,,15.542446566004713,54.42597460603844,,,,41.41319573335739,Fast Flip
1256,89402,72135,AR,Little Rock,"Little Rock-North Little Rock-Conway, AR",Pulaski County,355426.7964727208,6.121936654047498,88.1742715654264,,,,23.346791447617367,54.39348030719483,,,,74.30803453467118,Fast Flip
1257,60556,7043,NJ,Montclair,"New York-Newark-Jersey City, NY-NJ-PA",Essex County,1290327.535799091,6.807319817110711,92.6049624476914,,,,9.531446803869956,54.36731670734721,,,,16.07719749011983,Fast Flip
1258,89712,72712,AR,Bentonville,"Fayetteville-Springdale-Rogers, AR",Benton County,506504.96777624014,6.8140307481148366,92.64834556886204,,,,9.165157139082721,54.35550969228344,,,,14.533308840842999,Fast Flip
1259,59946,5647,VT,Cabot,"Barre, VT",Washington County,331942.6035670564,-2.6045847571860166,31.761273793730798,78.47383047707271,48.4462074775177,,0.0,54.34158360541449,41.0,23.30654735537406,,-37.19437346980591,Fast Flip
1260,60741,7650,NJ,Palisades Park,"New York-Newark-Jersey City, NY-NJ-PA",Bergen County,927182.1497039496,6.594260223672052,91.22762893717929,,,,12.77737660936484,54.32301317104513,,,,29.75859411364662,Fast Flip
1261,60601,7095,NJ,Woodbridge,"New York-Newark-Jersey City, NY-NJ-PA",Middlesex County,473723.13087886287,6.775835416149597,92.40143009412655,,,,9.074389541057009,54.31393399117183,,,,14.150728938143828,Fast Flip
1262,59980,5701,VT,Rutland,"Rutland, VT",Rutland County,276428.662470236,2.8819502451380234,67.22923087248226,70.83140342751273,33.81585766727381,,19.551717725021376,54.30692613357132,46.5,21.167205491623573,,58.31202971458423,Fast Flip
1263,60862,7901,NJ,Summit,"New York-Newark-Jersey City, NY-NJ-PA",Union County,1272688.9304905792,7.229349550074618,95.33319300639198,,,,0.0,54.299978950958796,,,,-37.512255635026634,Fast Flip
1264,66029,19703,DE,Claymont,"Philadelphia-Camden-Wilmington, PA-NJ-DE-MD",New Castle County,315001.3096701896,6.371492263616423,89.78753524554564,,,,15.977969634253547,54.26702876854452,,,,43.24889896554702,Fast Flip
1265,59804,5069,VT,Newbury,"Lebanon, NH-VT",Orange County,257066.6918608904,7.093551087419253,94.45531761823158,,,,0.0,54.168297642734736,,,,-33.2818605120889,Fast Flip
1266,66899,21532,MD,Frostburg,"Cumberland, MD-WV",Allegany County,172284.94900564532,5.718201082742345,85.56430445355147,,,,26.513598597649302,54.16032559791519,,,,87.65593397983548,Fast Flip
1267,60012,5765,VT,Proctor,"Rutland, VT",Rutland County,251919.531323851,2.7201546130948566,66.18329559085083,70.83140342751273,33.81585766727381,,19.551717725021376,54.1500358413266,46.5,21.167205491623573,,58.31202971458423,Fast Flip
1268,89717,72718,AR,Cave Springs,"Fayetteville-Springdale-Rogers, AR",Benton County,555211.0976713492,6.559303694062589,91.00165084877098,,,,9.165157139082721,54.108505484269784,,,,14.533308840842999,Fast Flip
1269,60028,5822,VT,Barton,,Orleans County,242846.12563808385,5.362514268695027,83.26495073599307,,,,32.23144432912634,54.10131482685528,,,,111.75630582153346,Fast Flip
1270,89404,72137,AR,Rose Bud,"Searcy, AR",White County,216127.9447538517,4.7162930353770856,79.08742394413083,61.33626679018062,38.23042154768472,,23.826522474617388,54.07973847883489,53.333333333333336,21.81273081685887,,76.33007162305438,Fast Flip
1271,58919,2818,RI,East Greenwich,"Providence-Warwick, RI-MA",Kent County,694719.3587913347,6.105424081876622,88.06752528553055,,,,17.319240564237678,54.07609082104146,,,,48.90227432248016,Fast Flip
1272,59958,5660,VT,Moretown,"Barre, VT",Washington County,488949.4050138879,-2.89927456050483,29.856238048724165,78.47383047707271,48.4462074775177,,0.0,54.0558282436635,41.0,23.30654735537406,,-37.19437346980591,Fast Flip
1273,66909,21555,MD,Oldtown,"Cumberland, MD-WV",Allegany County,186858.79217687165,5.525878911444355,84.32102895927322,,,,26.513598597649302,53.97383427377345,,,,87.65593397983548,Fast Flip
1274,89833,72952,AR,Rudy,"Fort Smith, AR-OK",Crawford County,247449.9058308836,5.514291606802691,84.24612229714222,,,,26.43258134686528,53.9585474119146,,,,87.31445119747602,Fast Flip
1275,89298,72012,AR,Beebe,"Searcy, AR",White County,212913.8365052181,4.548821976496778,78.00479960549383,61.33626679018062,38.23042154768472,,23.826522474617388,53.91734482803934,53.333333333333336,21.81273081685887,,76.33007162305438,Fast Flip
1276,89809,72921,AR,Alma,"Fort Smith, AR-OK",Crawford County,242335.2851920456,5.373982959477897,83.33909061339547,,,,26.43258134686528,53.82249265935259,,,,87.31445119747602,Fast Flip
1277,66897,21530,MD,Flintstone,"Cumberland, MD-WV",Allegany County,211958.40727352467,5.331404583567567,83.06384075011547,,,,26.513598597649302,53.78525604239978,,,,87.65593397983548,Fast Flip
1278,89370,72102,AR,McRae,"Searcy, AR",White County,179293.98105360815,4.36278339721259,76.80214467988988,61.33626679018062,38.23042154768472,,23.826522474617388,53.73694658919875,53.333333333333336,21.81273081685887,,76.33007162305438,Fast Flip
1279,89755,72773,AR,Wesley,"Fayetteville-Springdale-Rogers, AR",Madison County,268597.0043572072,5.77970754998209,85.9619158310786,,,,16.292524886788726,53.70891361900122,,,,44.574730215089794,Fast Flip
1280,89409,72143,AR,Searcy,"Searcy, AR",White County,213619.4313466182,4.2750191753161495,76.23478884347321,61.33626679018062,38.23042154768472,,23.826522474617388,53.65184321373625,53.333333333333336,21.81273081685887,,76.33007162305438,Fast Flip
1281,67003,21722,MD,Clear Spring,"Hagerstown-Martinsburg, MD-WV",Washington County,361551.3249419298,6.445274188732196,90.26450188333897,,,,0.0,53.539675282500845,,,,-37.19437346980591,Fast Flip
1282,89359,72081,AR,Judsonia,"Searcy, AR",White County,177460.66672299037,4.134766950082829,75.32812190292371,61.33626679018062,38.23042154768472,,23.826522474617388,53.515843172653824,53.333333333333336,21.81273081685887,,76.33007162305438,Fast Flip
1283,66894,21524,MD,Cumberland,"Cumberland, MD-WV",Allegany County,173613.3913478175,5.001196791719746,80.92919733977239,,,,26.513598597649302,53.46505953084832,,,,87.65593397983548,Fast Flip
1284,66820,21210,MD,Baltimore,"Baltimore-Columbia-Towson, MD",Baltimore City,469148.798790192,4.511838492149443,77.76571817524717,,,,33.789742566672324,53.35434485462069,,,,118.32443807427599,Fast Flip
1285,67102,21912,MD,Warwick,"Philadelphia-Camden-Wilmington, PA-NJ-DE-MD",Cecil County,558309.0248456554,5.357631117927076,83.23338338396242,,,,16.420839628210622,53.30604948900489,,,,45.11556904255502,Fast Flip
1286,66935,21634,MD,Fishing Creek,"Cambridge, MD",Dorchester County,314112.9608451876,7.3241512718582396,95.94604308349692,35.39833256137098,63.65714456984848,,11.211156862895724,53.25616684461128,72.0,25.530786346960817,,23.157073182796864,Fast Flip
1287,89296,72010,AR,Bald Knob,"Searcy, AR",White County,160087.3636301217,3.8533165989224205,73.50867320342057,61.33626679018062,38.23042154768472,,23.826522474617388,53.24292586772835,53.333333333333336,21.81273081685887,,76.33007162305438,Fast Flip
1288,89835,72956,AR,Van Buren,"Fort Smith, AR-OK",Crawford County,200939.96112574567,4.764519100155668,79.39918355104473,,,,26.43258134686528,53.231506599999975,,,,87.31445119747602,Fast Flip
1289,67070,21837,MD,,"Salisbury, MD-DE",Wicomico County,283908.050696999,5.121435037647294,81.70648299346385,,,,19.1201282808003,53.2119788630596,,,,56.49290646832051,Fast Flip
1290,66037,19713,DE,Newark,"Philadelphia-Camden-Wilmington, PA-NJ-DE-MD",New Castle County,312695.5278134989,5.240429469663276,82.47572795509548,,,,15.977969634253547,53.170257674977,,,,43.24889896554702,Fast Flip
1291,58939,2842,RI,Middletown,"Providence-Warwick, RI-MA",Newport County,724581.6593501644,4.953124544505514,80.61843209355573,,,,20.54122490220097,53.119826059143406,,,,62.48274225738254,Fast Flip
1292,89504,72364,AR,Marion,"Memphis, TN-MS-AR",Crittenden County,233710.5947508597,4.668773910233381,78.78023438089961,,,,25.2542404235569,53.079747178312786,,,,82.34781590480158,Fast Flip
1293,66751,21051,MD,Hydes,"Baltimore-Columbia-Towson, MD",Baltimore County,560242.1995626133,4.658672495896643,78.7149333247725,,,,24.300978643214027,53.02228893087657,,,,78.32987550422915,Fast Flip
1294,66031,19707,DE,Hockessin,"Philadelphia-Camden-Wilmington, PA-NJ-DE-MD",New Castle County,584912.3226089193,5.067501105362955,81.35782461535473,,,,15.977969634253547,53.00257217401589,,,,43.24889896554702,Fast Flip
1295,89837,72958,AR,Waldron,,Scott County,141279.83221217827,5.000633838882352,80.9255581053438,,,,16.49605526572746,52.96363647908794,,,,45.43259837800683,Fast Flip
1296,67064,21824,MD,Ewell,"Salisbury, MD-DE",Somerset County,100045.21879534902,5.769470038606422,85.89573496940332,,,,0.0,52.8843602454105,,,,-51.011537428772726,Fast Flip
1297,58958,2878,RI,Tiverton,"Providence-Warwick, RI-MA",Newport County,535890.2817696263,4.6586103825651195,78.71453179029298,,,,20.54122490220097,52.834241013653994,,,,62.48274225738254,Fast Flip
1298,89350,72070,AR,Houston,"Little Rock-North Little Rock-Conway, AR",Perry County,186174.6622591249,5.386038162028353,83.41702202301086,,,,6.146979563932923,52.81990228164827,,,,1.8118740100725055,Fast Flip
1299,787972,72713,AR,Bentonville,"Fayetteville-Springdale-Rogers, AR",Benton County,457541.9850656327,5.1315629793397814,81.77195553689847,,,,9.165157139082721,52.724051187488904,,,,14.533308840842999,Fast Flip
1300,58995,2921,RI,Cranston,"Providence-Warwick, RI-MA",Providence County,616688.1011142959,4.928759183413324,80.46092109962969,,,,11.721825107885682,52.65522942033874,,,,25.30950876255603,Fast Flip
1301,66063,19810,DE,Wilmington,"Philadelphia-Camden-Wilmington, PA-NJ-DE-MD",New Castle County,453899.6578736217,4.541377183534411,77.95667240004677,,,,15.977969634253547,52.49239934171969,,,,43.24889896554702,Fast Flip
1302,58909,2806,RI,Barrington,"Providence-Warwick, RI-MA",Bristol County,760225.9557948555,4.4313372124101615,77.2453139614095,,,,14.12996916452019,52.29329555243743,,,,35.45968943178413,Fast Flip
1303,58908,2804,RI,Hopkinton,"Providence-Warwick, RI-MA",Washington County,439935.03444585967,5.136707970655199,81.80521556915355,,,,0.0,52.27078233537303,,,,-37.19437346980591,Fast Flip
1304,58954,2874,RI,North Kingstown,"Providence-Warwick, RI-MA",Washington County,842461.7346864146,5.069867248683537,81.37312065733771,,,,0.0,52.20596809860066,,,,-37.19437346980591,Fast Flip
1305,58961,2881,RI,South Kingstown,"Providence-Warwick, RI-MA",Washington County,665211.7882704294,4.729822181682538,79.17488373073033,,,,0.0,51.87623255960955,,,,-37.19437346980591,Fast Flip
1306,58981,2906,RI,Providence,"Providence-Warwick, RI-MA",Providence County,761946.6632985313,4.119974485015104,75.23249533426267,,,,11.721825107885682,51.87096555553369,,,,25.30950876255603,Fast Flip
1307,58931,2833,RI,Hopkinton,"Providence-Warwick, RI-MA",Washington County,487164.8537734723,4.690994797839355,78.92388232765045,,,,0.0,51.838582349147565,,,,-37.19437346980591,Fast Flip
1308,58925,2827,RI,Coventry,"Providence-Warwick, RI-MA",Kent County,511734.7400137407,3.787772429868798,73.08495991739004,,,,17.319240564237678,51.82870601582039,,,,48.90227432248016,Fast Flip
1309,58951,2871,RI,Portsmouth,"Providence-Warwick, RI-MA",Newport County,662188.957918733,3.5033937103486923,71.2465806463607,,,,20.54122490220097,51.71404834206415,,,,62.48274225738254,Fast Flip
1310,58953,2873,RI,Hopkinton,"Providence-Warwick, RI-MA",Washington County,495510.1254212454,4.335243683278333,76.62411293647303,,,,0.0,51.49361694047096,,,,-37.19437346980591,Fast Flip
1311,58940,2852,RI,North Kingstown,"Providence-Warwick, RI-MA",Washington County,606832.0004702118,4.292711073200114,76.34915892851308,,,,0.0,51.45237383927696,,,,-37.19437346980591,Fast Flip
1312,58949,2864,RI,Cumberland,"Providence-Warwick, RI-MA",Providence County,504756.7710644191,3.591236817582738,71.8144464406592,,,,11.721825107885682,51.358258221493166,,,,25.30950876255603,Fast Flip
1313,66131,20007,DC,Washington,"Washington-Arlington-Alexandria, DC-VA-MD-WV",District of Columbia,1235964.6575857596,2.567479556617336,65.1963206881396,,,,20.13391931352491,50.78614406889718,,,,60.76597398462975,Fast Flip
1314,66139,20016,DC,Washington,"Washington-Arlington-Alexandria, DC-VA-MD-WV",District of Columbia,1082177.055852507,0.13595908638974766,49.47764512376118,,,,20.13391931352491,48.42834273424042,,,,60.76597398462975,Fast Flip
1315,66138,20015,DC,Washington,"Washington-Arlington-Alexandria, DC-VA-MD-WV",District of Columbia,1333156.295706577,0.012408566699346826,48.67894712446283,,,,20.13391931352491,48.308538034345666,,,,60.76597398462975,Fast Flip
1316,66132,20008,DC,Washington,"Washington-Arlington-Alexandria, DC-VA-MD-WV",District of Columbia,819201.3175351146,-0.23491571451849882,47.08010796877498,,,,20.13391931352491,48.06871216099249,,,,60.76597398462975,Fast Flip
1317,66128,20004,DC,Washington,"Washington-Arlington-Alexandria, DC-VA-MD-WV",District of Columbia,430922.9709298783,-0.7031139435015149,44.05341905074513,,,,20.13391931352491,47.61470882328801,,,,60.76597398462975,Fast Flip
1318,66133,20009,DC,Washington,"Washington-Arlington-Alexandria, DC-VA-MD-WV",District of Columbia,567414.6750048577,-0.907255163097406,42.733738776844746,,,,20.13391931352491,47.41675678220295,,,,60.76597398462975,Fast Flip
1319,66136,20012,DC,Washington,"Washington-Arlington-Alexandria, DC-VA-MD-WV",District of Columbia,770668.6095684156,-1.3587191326105605,39.81522924641933,,,,20.13391931352491,46.97898035263914,,,,60.76597398462975,Fast Flip
1320,66154,20036,DC,Washington,"Washington-Arlington-Alexandria, DC-VA-MD-WV",District of Columbia,372123.2126716366,-1.4037364604771365,39.52421266639286,,,,20.13391931352491,46.93532786563517,,,,60.76597398462975,Fast Flip
1321,66127,20003,DC,Washington,"Washington-Arlington-Alexandria, DC-VA-MD-WV",District of Columbia,815747.0309761596,-1.6846735092461607,37.70808223373362,,,,20.13391931352491,46.66290830073629,,,,60.76597398462975,Fast Flip
1322,98924,96790,HI,Kula,"Kahului-Wailuku-Lahaina, HI",Maui County,1319033.5325193182,-1.8512262941034308,36.63139411962118,,,,18.74839443152774,46.432128839519564,,,,54.926070912702926,Fast Flip
1323,66129,20005,DC,Washington,"Washington-Arlington-Alexandria, DC-VA-MD-WV",District of Columbia,498251.9152588428,-1.9693788044094853,35.86759179948529,,,,20.13391931352491,46.38683473559904,,,,60.76597398462975,Fast Flip
1324,98904,96768,HI,Makawao,"Kahului-Wailuku-Lahaina, HI",Maui County,1095472.978895482,-2.1127102180847626,34.94101930407277,,,,18.74839443152774,46.17857261718731,,,,54.926070912702926,Fast Flip
1325,98850,96708,HI,Haiku,"Kahului-Wailuku-Lahaina, HI",Maui County,1295491.75028624,-2.7221764076442807,31.00109717779623,,,,18.74839443152774,45.58758429824582,,,,54.926070912702926,Fast Flip
1326,66125,20001,DC,Washington,"Washington-Arlington-Alexandria, DC-VA-MD-WV",District of Columbia,630380.5535605447,-2.875952283909261,30.007005975096636,,,,20.13391931352491,45.50774686194074,,,,60.76597398462975,Fast Flip
1327,66155,20037,DC,Washington,"Washington-Arlington-Alexandria, DC-VA-MD-WV",District of Columbia,539912.0622309885,-3.1145669626676242,28.464470443841154,,,,20.13391931352491,45.27636653225242,,,,60.76597398462975,Fast Flip
1328,66134,20010,DC,Washington,"Washington-Arlington-Alexandria, DC-VA-MD-WV",District of Columbia,681620.1336203603,-3.4792264267478132,26.107112618751536,,,,20.13391931352491,44.92276285848897,,,,60.76597398462975,Fast Flip
1329,66140,20017,DC,Washington,"Washington-Arlington-Alexandria, DC-VA-MD-WV",District of Columbia,526955.5577623895,-3.8574799885493607,23.66187512565629,,,,20.13391931352491,44.55597723452469,,,,60.76597398462975,Fast Flip
1330,66141,20018,DC,Washington,"Washington-Arlington-Alexandria, DC-VA-MD-WV",District of Columbia,541113.047906564,-4.288989234910362,20.872363817966928,,,,20.13391931352491,44.137550538371286,,,,60.76597398462975,Fast Flip
1331,66126,20002,DC,Washington,"Washington-Arlington-Alexandria, DC-VA-MD-WV",District of Columbia,609981.9744829078,-4.7345228742091,17.99219117911674,,,,20.13391931352491,43.70552464254375,,,,60.76597398462975,Fast Flip
1332,66135,20011,DC,Washington,"Washington-Arlington-Alexandria, DC-VA-MD-WV",District of Columbia,605551.4760623266,-4.79210874834172,17.619924655488806,,,,20.13391931352491,43.649684663999565,,,,60.76597398462975,Fast Flip
1333,98927,96793,HI,Wailuku,"Kahului-Wailuku-Lahaina, HI",Maui County,908533.61464056,-5.51686623529471,12.934696651135644,,,,18.74839443152774,42.87762421924674,,,,54.926070912702926,Fast Flip
1334,98871,96732,HI,Kahului,"Kahului-Wailuku-Lahaina, HI",Maui County,1015381.0982463568,-5.564158347062744,12.628974626279952,,,,18.74839443152774,42.83176591551838,,,,54.926070912702926,Fast Flip
1335,98854,96713,HI,Hana,"Kahului-Wailuku-Lahaina, HI",Maui County,770775.945268109,-6.208869611495538,8.461209097507442,,,,18.74839443152774,42.20660108620251,,,,54.926070912702926,Fast Flip
1336,66130,20006,DC,Washington,"Washington-Arlington-Alexandria, DC-VA-MD-WV",District of Columbia,231485.4032738981,-6.316318086162953,7.766603506534832,,,,20.13391931352491,42.17168649165647,,,,60.76597398462975,Fast Flip
1337,66146,20024,DC,Washington,"Washington-Arlington-Alexandria, DC-VA-MD-WV",District of Columbia,386951.32018101896,-6.325005405402422,7.710443932999919,,,,20.13391931352491,42.16326255562623,,,,60.76597398462975,Fast Flip
1338,66142,20019,DC,Washington,"Washington-Arlington-Alexandria, DC-VA-MD-WV",District of Columbia,354508.613843668,-6.541670913819429,6.309799819779988,,,,20.13391931352491,41.95316593864324,,,,60.76597398462975,Fast Flip
1339,98914,96779,HI,Paia,"Kahului-Wailuku-Lahaina, HI",Maui County,1308643.8012513549,-7.116201983643106,2.5957173768021042,,,,18.74839443152774,41.32677732809671,,,,54.926070912702926,Fast Flip
1340,98897,96761,HI,Lahaina,"Kahului-Wailuku-Lahaina, HI",Maui County,986936.1166252508,-12.366481317488175,0.0,,,,18.74839443152774,40.93741972157639,,,,54.926070912702926,Fast Flip
1341,98894,96757,HI,Kaunakakai,"Kahului-Wailuku-Lahaina, HI",Maui County,400481.7777300086,-9.309257211563617,0.0,,,,18.74839443152774,40.93741972157639,,,,54.926070912702926,Fast Flip
1342,98885,96748,HI,Kaunakakai,"Kahului-Wailuku-Lahaina, HI",Maui County,391618.5782201681,-9.24266456235129,0.0,,,,18.74839443152774,40.93741972157639,,,,54.926070912702926,Fast Flip
1343,98906,96770,HI,,"Kahului-Wailuku-Lahaina, HI",Maui County,297925.48646150244,-10.748069372480726,0.0,,,,18.74839443152774,40.93741972157639,,,,54.926070912702926,Fast Flip
1344,98899,96763,HI,Lanai City,"Kahului-Wailuku-Lahaina, HI",Maui County,696619.1091206003,-14.306309723922647,0.0,,,,18.74839443152774,40.93741972157639,,,,54.926070912702926,Fast Flip
1345,98868,96729,HI,Hoolehua,"Kahului-Wailuku-Lahaina, HI",Maui County,446769.7230419677,-13.347837928774256,0.0,,,,18.74839443152774,40.93741972157639,,,,54.926070912702926,Fast Flip
1346,98890,96753,HI,Kihei,"Kahului-Wailuku-Lahaina, HI",Maui County,1022560.032110008,-9.98376963099316,0.0,,,,18.74839443152774,40.93741972157639,,,,54.926070912702926,Fast Flip
1347,98869,96730,HI,Kaaawa,"Urban Honolulu, HI",Honolulu County,1034756.7135980593,4.461763336215637,77.44200503377999,34.935155164427954,18.950579366254935,46.79549000720814,25.70070776267604,39.22538329375595,72.33333333333333,18.993510904813057,0.9896615376122858,84.2296485727783,Fast Flip
1348,98858,96717,HI,Hauula,"Urban Honolulu, HI",Honolulu County,825997.5212173635,3.9375527706905147,74.05322179802238,34.935155164427954,18.950579366254935,46.79549000720814,25.70070776267604,38.717065808392306,72.33333333333333,18.993510904813057,0.9896615376122858,84.2296485727783,Fast Flip
1349,98948,96817,HI,Honolulu,"Urban Honolulu, HI",Honolulu County,805098.5436805828,2.0876502488526176,62.094442128043426,34.935155164427954,18.950579366254935,46.79549000720814,25.70070776267604,36.92324885789546,72.33333333333333,18.993510904813057,0.9896615376122858,84.2296485727783,Fast Flip
1350,98880,96743,HI,Waimea,"Hilo, HI",Hawaii County,1248957.0668724054,0.14668156129105997,49.546961054383445,10.618341824918929,31.440303973144918,84.4771531358888,20.339813966905794,36.92096111568842,89.83333333333333,20.81983707368741,0.9757282889127659,61.63380742046031,Fast Flip
1351,98898,96762,HI,Laie,"Urban Honolulu, HI",Honolulu County,1224191.950504745,1.77493497048053,60.07287987309148,34.935155164427954,18.950579366254935,46.79549000720814,25.70070776267604,36.62001451965267,72.33333333333333,18.993510904813057,0.9896615376122858,84.2296485727783,Fast Flip
1352,98915,96780,HI,Papaaloa,"Hilo, HI",Hawaii County,816661.6539535206,-0.24705117416612288,47.00165773347519,10.618341824918929,31.440303973144918,84.4771531358888,20.339813966905794,36.53916561755218,89.83333333333333,20.81983707368741,0.9757282889127659,61.63380742046031,Fast Flip
