rank,region_id,region_name,state,city,metro,county_name,current_value,appreciation_pct,appreciation_score,velocity_score,distress_score,pricing_power_score,value_gap_score,composite_score,days_to_pending,price_cut_pct,sale_to_list,value_gap_pct,strategy
1,85563,62554,IL,Oreana,"Decatur, IL",Macon County,169367.4292146725,8.737797007211457,100.0,97.92728114867994,67.66247513034823,,68.9185652451205,77.95122850965177,27.0,26.116470999574975,,266.39028816375975,Value-Add Flip
2,85525,62501,IL,Oreana,"Decatur, IL",Macon County,187742.31174998,13.480058307982423,100.0,97.92728114867994,67.66247513034823,,68.9185652451205,77.95122850965177,27.0,26.116470999574975,,266.39028816375975,Value-Add Flip
3,85577,62573,IL,Warrensburg,"Decatur, IL",Macon County,154972.5532646464,8.417858497968309,100.0,97.92728114867994,67.66247513034823,,68.9185652451205,77.95122850965177,27.0,26.116470999574975,,266.39028816375975,Value-Add Flip
4,85231,61925,IL,Dalton City,"Decatur, IL",Macon County,198539.2691488288,12.628743681417712,100.0,97.92728114867994,67.66247513034823,,68.9185652451205,77.95122850965177,27.0,26.116470999574975,,266.39028816375975,Value-Add Flip
5,85535,62521,IL,Decatur,"Decatur, IL",Macon County,115800.42870973784,7.700250492303315,98.37735373811726,97.92728114867994,67.66247513034823,,68.9185652451205,77.54556694418108,27.0,26.116470999574975,,266.39028816375975,Value-Add Flip
6,85554,62544,IL,Macon,"Decatur, IL",Macon County,143095.4720208086,7.2538882700969785,95.49182468707058,97.92728114867994,67.66247513034823,,68.9185652451205,76.82418468141941,27.0,26.116470999574975,,266.39028816375975,Value-Add Flip
7,85536,62522,IL,Decatur,"Decatur, IL",Macon County,84273.10322984788,7.0759064732371355,94.34125320085023,97.92728114867994,67.66247513034823,,68.9185652451205,76.53654180986432,27.0,26.116470999574975,,266.39028816375975,Value-Add Flip
8,83075,57015,SD,Chancellor,"Sioux Falls, SD",Turner County,401766.0056735177,7.958100625238125,100.0,42.345993515516426,75.99446826451538,,89.20270818888699,76.35146972745228,67.0,27.33482749491487,,351.8867164328458,Value-Add Flip
9,85141,61756,IL,Maroa,"Decatur, IL",Macon County,150777.85153670583,6.899955508788919,93.20381012386797,97.92728114867994,67.66247513034823,,68.9185652451205,76.25218104061875,27.0,26.116470999574975,,266.39028816375975,Value-Add Flip
10,85546,62535,IL,Forsyth,"Decatur, IL",Macon County,305371.7584146865,6.7442233856580405,92.19707267361036,97.92728114867994,67.66247513034823,,68.9185652451205,76.00049667805436,27.0,26.116470999574975,,266.39028816375975,Value-Add Flip
11,85540,62526,IL,Decatur,"Decatur, IL",Macon County,93779.67329289344,6.44371407568131,90.25441646099074,97.92728114867994,67.66247513034823,,68.9185652451205,75.51483262489944,27.0,26.116470999574975,,266.39028816375975,Value-Add Flip
12,85559,62549,IL,Mount Zion,"Decatur, IL",Macon County,191134.6833788508,6.167536747762603,88.46905546200034,97.92728114867994,67.66247513034823,,68.9185652451205,75.06849237515185,27.0,26.116470999574975,,266.39028816375975,Value-Add Flip
13,85561,62551,IL,Niantic,"Decatur, IL",Macon County,123606.91488427606,5.925359949586152,86.90349244644437,97.92728114867994,67.66247513034823,,68.9185652451205,74.67710162126286,27.0,26.116470999574975,,266.39028816375975,Value-Add Flip
14,88020,68456,NE,Utica,"Lincoln, NE",Seward County,233332.34215477228,6.065176765437124,87.80734466307824,93.52709587772117,81.39407572968189,,59.191980023955345,74.55771069935295,30.166666666666668,28.124392095069688,,225.39332329470403,Value-Add Flip
15,87957,68360,NE,Garland,"Lincoln, NE",Seward County,424966.73347010073,5.926403271115259,86.91023704630531,93.52709587772117,81.39407572968189,,59.191980023955345,74.33343379515972,30.166666666666668,28.124392095069688,,225.39332329470403,Value-Add Flip
16,87979,68405,NE,Milford,"Lincoln, NE",Seward County,296366.8826869985,5.806963538167807,86.13811341638528,93.52709587772117,81.39407572968189,,59.191980023955345,74.14040288767971,30.166666666666668,28.124392095069688,,225.39332329470403,Value-Add Flip
17,87777,67867,KS,Montezuma,,Gray County,252329.4170639797,7.415400668534508,96.53592899207217,,,,100.0,74.13398224801804,,,,410.85853680647705,Value-Add Flip
18,83110,57053,SD,Parker,"Sioux Falls, SD",Turner County,334314.2880690546,6.559777450088583,91.0047134663226,42.345993515516426,75.99446826451538,,89.20270818888699,74.10264809403293,67.0,27.33482749491487,,351.8867164328458,Value-Add Flip
19,88001,68434,NE,Seward,"Lincoln, NE",Seward County,296567.7536327342,5.773362541808608,85.92089823482414,93.52709587772117,81.39407572968189,,59.191980023955345,74.08609909228942,30.166666666666668,28.124392095069688,,225.39332329470403,Value-Add Flip
20,87752,67835,KS,Cimarron,"Garden City, KS",Gray County,227088.36340940112,7.631646003058163,97.93385687189368,,46.669969688287225,,100.0,73.81745815563087,,23.0468146824194,,410.85853680647705,Value-Add Flip
21,65200,17830,PA,Herndon,"Sunbury, PA",Northumberland County,219998.3508667719,8.496139838123852,100.0,88.66373320981936,52.0173173393412,,66.88365824131138,72.92393800966899,33.666666666666664,23.828737523520413,,257.8132789616582,Value-Add Flip
22,65222,17857,PA,Northumberland,"Sunbury, PA",Northumberland County,203003.93669101663,10.915689200829865,100.0,88.66373320981936,52.0173173393412,,66.88365824131138,72.92393800966899,33.666666666666664,23.828737523520413,,257.8132789616582,Value-Add Flip
23,87914,68314,NE,Bee,"Lincoln, NE",Seward County,276893.5520637671,5.01303559028321,81.00572979589178,93.52709587772117,81.39407572968189,,59.191980023955345,72.85730698255634,30.166666666666668,28.124392095069688,,225.39332329470403,Value-Add Flip
24,65197,17824,PA,Elysburg,"Sunbury, PA",Northumberland County,259341.3888060815,7.888006598322578,99.59111169404827,88.66373320981936,52.0173173393412,,66.88365824131138,72.82171593318105,33.666666666666664,23.828737523520413,,257.8132789616582,Value-Add Flip
25,87758,67841,KS,Ensign,"Dodge City, KS",Gray County,178203.17923821,9.89337832567088,100.0,,39.020639897488984,,100.0,72.80412797949779,,21.92828151927997,,410.85853680647705,Value-Add Flip
26,83101,57043,SD,Marion,"Sioux Falls, SD",Turner County,278435.7622090098,5.654326929809363,85.15138706330262,42.345993515516426,75.99446826451538,,89.20270818888699,72.63931649327793,67.0,27.33482749491487,,351.8867164328458,Value-Add Flip
27,65187,17801,PA,Sunbury,"Sunbury, PA",Northumberland County,174519.136169323,7.680252900743326,98.24807839059325,88.66373320981936,52.0173173393412,,66.88365824131138,72.4859576073173,33.666666666666664,23.828737523520413,,257.8132789616582,Value-Add Flip
28,65234,17872,PA,Shamokin,"Sunbury, PA",Northumberland County,54116.254021074245,7.666065491438544,98.1563632326534,88.66373320981936,52.0173173393412,,66.88365824131138,72.46302881783234,33.666666666666664,23.828737523520413,,257.8132789616582,Value-Add Flip
29,87994,68423,NE,Pleasant Dale,"Lincoln, NE",Seward County,475753.3265735197,4.666619719981011,78.7663085192441,93.52709587772117,81.39407572968189,,59.191980023955345,72.29745166339441,30.166666666666668,28.124392095069688,,225.39332329470403,Value-Add Flip
30,85528,62513,IL,Blue Mound,"Decatur, IL",Macon County,139016.83228083982,4.2121624893201,75.82844891488875,97.92728114867994,67.66247513034823,,68.9185652451205,71.90834073837395,27.0,26.116470999574975,,266.39028816375975,Value-Add Flip
31,83094,57036,SD,Hurley,"Sioux Falls, SD",Turner County,294239.25600155554,4.965085003878516,80.69575103155651,42.345993515516426,75.99446826451538,,89.20270818888699,71.52540748534142,67.0,27.33482749491487,,351.8867164328458,Value-Add Flip
32,88005,68439,NE,Seward,"Lincoln, NE",Seward County,229655.12033499512,4.1808393659157455,75.6259591474841,93.52709587772117,81.39407572968189,,59.191980023955345,71.51236432045441,30.166666666666668,28.124392095069688,,225.39332329470403,Value-Add Flip
33,87960,68364,NE,Goehner,"Lincoln, NE",Seward County,211764.62053502,4.035548569384482,74.68672013176186,93.52709587772117,81.39407572968189,,59.191980023955345,71.27755456652385,30.166666666666668,28.124392095069688,,225.39332329470403,Value-Add Flip
34,90165,73754,OK,Lahoma,"Enid, OK",Garfield County,146230.21126538122,5.021156114018488,81.05822529390242,69.90504863362668,78.58510429268473,,68.21219570926245,71.02038340437217,47.166666666666664,27.71364660591947,,263.412983550921,Value-Add Flip
35,76190,42031,KY,Clinton,,Hickman County,117657.89292884944,11.554410175644769,100.0,,,,83.41660342404073,70.85415085601018,,,,327.49863691888635,Value-Add Flip
36,77101,44270,OH,Rittman,"Wooster, OH",Wayne County,198100.90131685915,5.816056992138856,86.19689846651364,92.13756368689208,86.58968375698515,,42.54077511900112,70.82298970080953,31.166666666666668,28.884126613014388,,155.20950780410354,Value-Add Flip
37,78250,46764,IN,Larwill,"Fort Wayne, IN",Whitley County,314205.2870523955,5.623064205454505,84.94928774832272,92.83232978230662,98.12144512503946,31.35795959009002,45.330893817017305,70.8228778222024,30.666666666666668,30.570373365650845,0.9953697503807503,166.9696883445628,Value-Add Flip
38,83080,57021,SD,Davis,"Sioux Falls, SD",Turner County,358114.351392923,4.512610761567499,77.77071054630855,42.345993515516426,75.99446826451538,,89.20270818888699,70.79414736402941,67.0,27.33482749491487,,351.8867164328458,Value-Add Flip
39,78228,46723,IN,Churubusco,"Fort Wayne, IN",Whitley County,288116.8967582829,5.580087815839706,84.67146490720137,92.83232978230662,98.12144512503946,31.35795959009002,45.330893817017305,70.75342211192206,30.666666666666668,30.570373365650845,0.9953697503807503,166.9696883445628,Value-Add Flip
40,67998,24127,VA,New Castle,"Roanoke, VA",Craig County,212154.77253345383,6.387195809044269,89.8890515349675,78.2422417786012,100.0,34.52937323412631,45.058600653723005,70.65265529908174,41.166666666666664,33.11355642455492,0.9941970819961169,165.82198922962888,Value-Add Flip
41,93519,80734,CO,Holyoke,,Phillips County,257210.93557882405,6.68847664752654,91.83669532898558,,,,90.4482799942009,70.57124383079662,,,,357.1367258023441,Value-Add Flip
42,77077,44230,OH,Doylestown,"Wooster, OH",Wayne County,274366.6975131913,5.569490340578763,84.60295704248547,92.13756368689208,86.58968375698515,,42.54077511900112,70.42450434480249,31.166666666666668,28.884126613014388,,155.20950780410354,Value-Add Flip
43,78271,46787,IN,South Whitley,"Fort Wayne, IN",Whitley County,235121.0951513246,5.3658406786592865,83.28645446572207,92.83232978230662,98.12144512503946,31.35795959009002,45.330893817017305,70.40716950155223,30.666666666666668,30.570373365650845,0.9953697503807503,166.9696883445628,Value-Add Flip
44,79190,48417,MI,Burt,"Saginaw, MI",Saginaw County,197470.7345241912,9.593496974838859,100.0,88.20055581287633,66.24754293323345,,45.00506844809853,70.23085907060278,34.0,25.90957070512428,,165.5963542402213,Value-Add Flip
45,79188,48415,MI,Birch Run,"Saginaw, MI",Saginaw County,227535.33963136523,8.503967509725296,100.0,88.20055581287633,66.24754293323345,,45.00506844809853,70.23085907060278,34.0,25.90957070512428,,165.5963542402213,Value-Add Flip
46,79278,48616,MI,Chesaning,"Saginaw, MI",Saginaw County,205006.53008559687,8.253731372644427,100.0,88.20055581287633,66.24754293323345,,45.00506844809853,70.23085907060278,34.0,25.90957070512428,,165.5963542402213,Value-Add Flip
47,79299,48637,MI,Merrill,"Saginaw, MI",Saginaw County,190404.11970980265,8.053569370040687,100.0,88.20055581287633,66.24754293323345,,45.00506844809853,70.23085907060278,34.0,25.90957070512428,,165.5963542402213,Value-Add Flip
48,79332,48722,MI,Bridgeport,"Saginaw, MI",Saginaw County,169771.12992295905,9.158612627489365,100.0,88.20055581287633,66.24754293323345,,45.00506844809853,70.23085907060278,34.0,25.90957070512428,,165.5963542402213,Value-Add Flip
49,79300,48638,MI,Saginaw,"Saginaw, MI",Saginaw County,192344.4994760102,7.873339063739712,99.49629274423461,88.20055581287633,66.24754293323345,,45.00506844809853,70.10493225666143,34.0,25.90957070512428,,165.5963542402213,Value-Add Flip
50,77224,44606,OH,Apple Creek,"Wooster, OH",Wayne County,312956.5272558765,5.371609672806901,83.32374839289623,92.13756368689208,86.58968375698515,,42.54077511900112,70.10470218240518,31.166666666666668,28.884126613014388,,155.20950780410354,Value-Add Flip
51,65196,17823,PA,Rebuck,"Sunbury, PA",Northumberland County,258792.81250962047,6.135083395475159,88.25925927816026,88.66373320981936,52.0173173393412,,66.88365824131138,69.98875282920906,33.666666666666664,23.828737523520413,,257.8132789616582,Value-Add Flip
52,79285,48623,MI,Freeland,"Saginaw, MI",Saginaw County,281079.7638768253,7.760247558238353,98.76520752170444,88.20055581287633,66.24754293323345,,45.00506844809853,69.92216095102889,34.0,25.90957070512428,,165.5963542402213,Value-Add Flip
53,79266,48604,MI,Saginaw,"Saginaw, MI",Saginaw County,132727.04295024285,7.740519289873717,98.6376732263252,88.20055581287633,66.24754293323345,,45.00506844809853,69.89027737718408,34.0,25.90957070512428,,165.5963542402213,Value-Add Flip
54,77461,45135,OH,Leesburg,"Washington Court House, OH",Highland County,252044.31409676213,4.867652623927649,80.0658949441144,85.14358499305233,100.0,,37.95252798844442,69.77614348209755,36.2,37.04672739352265,,135.8703253320617,Value-Add Flip
55,90133,73703,OK,Enid,"Enid, OK",Garfield County,188273.21257731025,4.250957532902197,76.07924125286804,69.90504863362668,78.58510429268473,,68.21219570926245,69.77563739411357,47.166666666666664,27.71364660591947,,263.412983550921,Value-Add Flip
56,65239,17881,PA,Trevorton,"Sunbury, PA",Northumberland County,120604.63400521775,5.880680829962132,86.61466222910867,88.66373320981936,52.0173173393412,,66.88365824131138,69.57760356694617,33.666666666666664,23.828737523520413,,257.8132789616582,Value-Add Flip
57,65539,18619,PA,Hillsgrove,"Williamsport, PA",Sullivan County,151576.50188595068,9.868957672945337,100.0,83.80037054191754,89.26847880701163,,26.54921621977444,69.56105539763357,37.166666666666664,29.275836891255075,,87.80606008985056,Value-Add Flip
58,74823,38454,TN,Duck River,,Hickman County,282271.7347222558,7.142770663509143,94.77349982456967,,,,83.41660342404073,69.5475258121526,,,,327.49863691888635,Value-Add Flip
59,87912,68310,NE,Beatrice,"Beatrice, NE",Gage County,182118.31576708952,7.5931333939631935,97.68489034460596,,100.0,,40.40369063365486,69.5221452445652,,31.06719140922307,,146.2018267345648,Value-Add Flip
60,77464,45142,OH,,"Wilmington, OH",Highland County,206405.94467376525,4.311901114439013,76.47321382996043,100.0,92.00653265502454,,37.95252798844442,69.50774198560613,23.166666666666668,29.67621236403808,,135.8703253320617,Value-Add Flip
61,79288,48626,MI,Hemlock,"Saginaw, MI",Saginaw County,237118.67964811003,7.49312898686539,97.0384072697457,88.20055581287633,66.24754293323345,,45.00506844809853,69.4904608880392,34.0,25.90957070512428,,165.5963542402213,Value-Add Flip
62,77235,44618,OH,Dalton,"Wooster, OH",Wayne County,291409.03242988954,4.955242679240291,80.63212487266462,92.13756368689208,86.58968375698515,,42.54077511900112,69.43179630234728,31.166666666666668,28.884126613014388,,155.20950780410354,Value-Add Flip
63,64849,17017,PA,Dalmatia,"Sunbury, PA",Northumberland County,211841.98650836188,5.696403788123452,85.42339484308725,88.66373320981936,52.0173173393412,,66.88365824131138,69.27978672044081,33.666666666666664,23.828737523520413,,257.8132789616582,Value-Add Flip
64,78229,46725,IN,Columbia City,"Fort Wayne, IN",Whitley County,274682.1436453275,4.661618005530039,78.73397470684846,92.83232978230662,98.12144512503946,31.35795959009002,45.330893817017305,69.26904956183382,30.666666666666668,30.570373365650845,0.9953697503807503,166.9696883445628,Value-Add Flip
65,84708,60922,IL,,"Kankakee, IL",Iroquois County,211496.5516774224,9.94060524846143,100.0,86.3478462251042,76.61164012677037,,33.92313140388381,69.25528781009065,35.333333333333336,27.425074250404368,,118.88666390674845,Value-Add Flip
66,87078,66067,KS,Ottawa,"Ottawa, KS",Franklin County,226616.8926841015,7.642662440469857,98.00507313664241,86.81102362204724,99.52262473361584,,17.163776552659275,69.21839091235567,35.0,30.77526267001745,,48.24700297326982,Value-Add Flip
67,76646,43342,OH,Prospect,"Marion, OH",Marion County,256838.72050239675,6.135561973057345,88.26235306488296,97.92728114867994,100.0,,19.840944687846413,69.21491661048432,27.0,31.874184941010743,,59.53110376416123,Value-Add Flip
68,77284,44677,OH,Smithville,"Wooster, OH",Wayne County,250737.14176070143,4.8200907257961205,79.75842887294226,92.13756368689208,86.58968375698515,,42.54077511900112,69.21337230241669,31.166666666666668,28.884126613014388,,155.20950780410354,Value-Add Flip
69,75194,39179,MS,Vaughan,"Jackson, MS",Yazoo County,150860.6752214018,10.119859827293514,100.0,58.55720240852244,57.76438516843895,65.36161760526139,56.223922930985815,69.19668076850182,55.333333333333336,24.6691099657428,0.98279648836201,212.88314324661854,Value-Add Flip
70,76622,43314,OH,Caledonia,"Marion, OH",Marion County,225895.88625249465,6.118860802315009,88.15438758087471,97.92728114867994,100.0,,19.840944687846413,69.18792523948227,27.0,31.874184941010743,,59.53110376416123,Value-Add Flip
71,79311,48655,MI,Saint Charles,"Saginaw, MI",Saginaw County,192029.3567219936,7.2975234529254225,95.77390632712705,88.20055581287633,66.24754293323345,,45.00506844809853,69.17433565238453,34.0,25.90957070512428,,165.5963542402213,Value-Add Flip
72,77933,46050,IN,Kirklin,"Frankfort, IN",Clinton County,256453.59811415776,5.977812362323091,87.24257347351202,98.853635942566,100.0,,19.90174545049916,69.1141251223877,26.333333333333332,35.8062459356185,,59.78737527916965,Value-Add Flip
73,86794,65350,MO,Smithton,"Sedalia, MO",Pettis County,247261.24373172183,12.452371686506833,100.0,67.82075034738304,86.47611161569368,,36.432353459808176,69.07642324019824,48.666666666666664,28.867519379450464,,129.4628821926422,Value-Add Flip
74,86780,65332,MO,Green Ridge,"Sedalia, MO",Pettis County,270697.7067340655,9.949987925435568,100.0,67.82075034738304,86.47611161569368,,36.432353459808176,69.07642324019824,48.666666666666664,28.867519379450464,,129.4628821926422,Value-Add Flip
75,86790,65345,MO,Mora,"Sedalia, MO",Pettis County,360957.1755418039,14.880339986375127,100.0,67.82075034738304,86.47611161569368,,36.432353459808176,69.07642324019824,48.666666666666664,28.867519379450464,,129.4628821926422,Value-Add Flip
76,86782,65334,MO,Hughesville,"Sedalia, MO",Pettis County,276078.205044919,9.420642189321567,100.0,67.82075034738304,86.47611161569368,,36.432353459808176,69.07642324019824,48.666666666666664,28.867519379450464,,129.4628821926422,Value-Add Flip
77,86785,65337,MO,La Monte,"Sedalia, MO",Pettis County,202827.7575559308,8.972173220872133,100.0,67.82075034738304,86.47611161569368,,36.432353459808176,69.07642324019824,48.666666666666664,28.867519379450464,,129.4628821926422,Value-Add Flip
78,87913,68313,NE,Beaver Crossing,"Lincoln, NE",Seward County,273194.1475637104,2.6618667811919146,65.80649122903208,93.52709587772117,81.39407572968189,,59.191980023955345,69.05749734084141,30.166666666666668,28.124392095069688,,225.39332329470403,Value-Add Flip
79,74174,37098,TN,Lyles,,Hickman County,254231.25081641308,6.813792291905664,92.64680405776471,,,,83.41660342404073,69.01585187045136,,,,327.49863691888635,Value-Add Flip
80,79228,48463,MI,Otisville,"Flint, MI",Genesee County,230559.60534084783,8.36318517944488,100.0,90.74803149606299,68.36944686673179,20.46506785227146,54.56907869249058,68.99812394871917,32.166666666666664,26.2198488580507,0.9993975282715953,205.9080754744553,Value-Add Flip
81,78502,47244,IN,Hartsville,"Columbus, IN",Bartholomew County,263037.7556133976,7.3701560850631775,96.24344330776917,89.3584993052339,100.0,,15.428791088050694,68.82183349474005,33.166666666666664,31.708138072882107,,40.93414480943011,Value-Add Flip
82,85047,61547,IL,,"Peoria, IL",Peoria County,266556.1988061171,8.732275379509092,100.0,100.0,69.76764918621011,28.232351592901068,42.302455773016305,68.76399651943126,25.166666666666668,26.424302804460005,0.9965254815758762,154.20500626190812,Value-Add Flip
83,85071,61604,IL,Peoria,"Peoria, IL",Peoria County,104644.80965928224,8.110424568006627,100.0,100.0,69.76764918621011,28.232351592901068,42.302455773016305,68.76399651943126,25.166666666666668,26.424302804460005,0.9965254815758762,154.20500626190812,Value-Add Flip
84,85037,61536,IL,Hanna City,"Peoria, IL",Peoria County,218700.84586645008,10.564349655304158,100.0,100.0,69.76764918621011,28.232351592901068,42.302455773016305,68.76399651943126,25.166666666666668,26.424302804460005,0.9965254815758762,154.20500626190812,Value-Add Flip
85,85025,61523,IL,Chillicothe,"Peoria, IL",Peoria County,177198.70011479416,10.099052628233004,100.0,100.0,69.76764918621011,28.232351592901068,42.302455773016305,68.76399651943126,25.166666666666668,26.424302804460005,0.9965254815758762,154.20500626190812,Value-Add Flip
86,85030,61529,IL,Elmwood,"Peoria, IL",Peoria County,177991.4772379461,8.417878769677168,100.0,100.0,69.76764918621011,28.232351592901068,42.302455773016305,68.76399651943126,25.166666666666668,26.424302804460005,0.9965254815758762,154.20500626190812,Value-Add Flip
87,84986,61451,IL,Laura,"Peoria, IL",Peoria County,176203.61849524034,8.138714163754447,100.0,100.0,69.76764918621011,28.232351592901068,42.302455773016305,68.76399651943126,25.166666666666668,26.424302804460005,0.9965254815758762,154.20500626190812,Value-Add Flip
88,85028,61526,IL,Edelstein,"Peoria, IL",Peoria County,272083.3746106532,11.127285942923255,100.0,100.0,69.76764918621011,28.232351592901068,42.302455773016305,68.76399651943126,25.166666666666668,26.424302804460005,0.9965254815758762,154.20500626190812,Value-Add Flip
89,85034,61533,IL,Glasford,"Peoria, IL",Peoria County,187215.48835575776,12.667682361636668,100.0,100.0,69.76764918621011,28.232351592901068,42.302455773016305,68.76399651943126,25.166666666666668,26.424302804460005,0.9965254815758762,154.20500626190812,Value-Add Flip
90,85022,61517,IL,Brimfield,"Peoria, IL",Peoria County,280943.7626609857,10.824811600756657,100.0,100.0,69.76764918621011,28.232351592901068,42.302455773016305,68.76399651943126,25.166666666666668,26.424302804460005,0.9965254815758762,154.20500626190812,Value-Add Flip
91,85064,61569,IL,Trivoli,"Peoria, IL",Peoria County,256564.44912550724,12.97415842336008,100.0,100.0,69.76764918621011,28.232351592901068,42.302455773016305,68.76399651943126,25.166666666666668,26.424302804460005,0.9965254815758762,154.20500626190812,Value-Add Flip
92,85079,61614,IL,Peoria,"Peoria, IL",Peoria County,193158.9352101532,9.592322067241925,100.0,100.0,69.76764918621011,28.232351592901068,42.302455773016305,68.76399651943126,25.166666666666668,26.424302804460005,0.9965254815758762,154.20500626190812,Value-Add Flip
93,85073,61606,IL,Peoria,"Peoria, IL",Peoria County,118713.1442602552,9.006401517069216,100.0,100.0,69.76764918621011,28.232351592901068,42.302455773016305,68.76399651943126,25.166666666666668,26.424302804460005,0.9965254815758762,154.20500626190812,Value-Add Flip
94,85080,61615,IL,Peoria,"Peoria, IL",Peoria County,242444.5724709381,9.541407909589338,100.0,100.0,69.76764918621011,28.232351592901068,42.302455773016305,68.76399651943126,25.166666666666668,26.424302804460005,0.9965254815758762,154.20500626190812,Value-Add Flip
95,83719,58530,ND,Center,"Bismarck, ND",Oliver County,234550.7178406893,8.79631069260555,100.0,81.25289485873088,57.63484272741053,,,68.71490277429174,39.0,24.65016745440035,,,Value-Add Flip
96,85081,61616,IL,Peoria Heights,"Peoria, IL",Peoria County,113547.13149382318,7.910656588097453,99.73753359144419,100.0,69.76764918621011,28.232351592901068,42.302455773016305,68.6983799172923,25.166666666666668,26.424302804460005,0.9965254815758762,154.20500626190812,Value-Add Flip
97,77347,44838,OH,Hayesville,"Ashland, OH",Ashland County,180737.8500417868,7.60625881410528,97.76974022491163,94.2218619731357,88.77673286226002,,19.424606102505976,68.68721245027676,29.666666666666668,29.203930703120047,,57.776261960103135,Value-Add Flip
98,83126,57070,SD,Viborg,"Sioux Falls, SD",Turner County,247714.2047372721,3.1892745635201836,69.2159430194052,42.345993515516426,75.99446826451538,,89.20270818888699,68.65545548230358,67.0,27.33482749491487,,351.8867164328458,Value-Add Flip
99,77938,46057,IN,Frankfort,"Frankfort, IN",Clinton County,235350.7077235373,5.6813198945006125,85.32588432116974,98.853635942566,100.0,,19.90174545049916,68.63495283430213,26.333333333333332,35.8062459356185,,59.78737527916965,Value-Add Flip
100,77072,44217,OH,Creston,"Wooster, OH",Wayne County,244170.92253783144,4.443956960705342,77.32689490287592,92.13756368689208,86.58968375698515,,42.54077511900112,68.60548880990011,31.166666666666668,28.884126613014388,,155.20950780410354,Value-Add Flip
101,79305,48649,MI,Oakley,"Saginaw, MI",Saginaw County,180237.2395191587,6.9265101103642746,93.37547356327356,88.20055581287633,66.24754293323345,,45.00506844809853,68.57472746142116,34.0,25.90957070512428,,165.5963542402213,Value-Add Flip
102,93516,80731,CO,,"Sterling, CO",Phillips County,266354.453666814,8.06809949503919,100.0,,29.515123086301198,,90.4482799942009,68.51509461581047,,20.538325003235528,,357.1367258023441,Value-Add Flip
103,77283,44676,OH,Shreve,"Wooster, OH",Wayne County,242242.9195749125,4.344334918339305,76.68288364235548,92.13756368689208,86.58968375698515,,42.54077511900112,68.44448599476999,31.166666666666668,28.884126613014388,,155.20950780410354,Value-Add Flip
104,77456,45123,OH,Greenfield,"Chillicothe, OH",Highland County,162935.3042831564,4.903714550069426,80.29901891908801,87.50578971746178,90.80310360791697,,37.95252798844442,68.34937590608578,34.5,29.5002393918315,,135.8703253320617,Value-Add Flip
105,417467,60958,IL,Hopkins Park,"Kankakee, IL",Kankakee County,106932.15590847726,18.58183071963513,100.0,86.3478462251042,76.61164012677037,,30.19869245661645,68.32417807327381,35.333333333333336,27.425074250404368,,103.1883803667239,Value-Add Flip
106,87766,67853,KS,Ingalls,"Garden City, KS",Gray County,271028.07710373,4.223488801949011,75.90166838218688,,46.669969688287225,,100.0,68.30941103320416,,23.0468146824194,,410.85853680647705,Value-Add Flip
107,86767,65301,MO,Sedalia,"Sedalia, MO",Pettis County,180629.6870484039,7.438321746835479,96.68410335367439,67.82075034738304,86.47611161569368,,36.432353459808176,68.24744907861684,48.666666666666664,28.867519379450464,,129.4628821926422,Value-Add Flip
108,65182,17774,PA,Unityville,"Williamsport, PA",Lycoming County,290246.5995718344,9.396665537046314,100.0,83.80037054191754,89.26847880701163,,20.941427905506025,68.15910831906646,37.166666666666664,29.275836891255075,,64.16957356497093,Value-Add Flip
109,79264,48602,MI,Saginaw,"Saginaw, MI",Saginaw County,79592.6854270473,6.665505694569382,91.68819855038171,88.20055581287633,66.24754293323345,,45.00506844809853,68.1529087081982,34.0,25.90957070512428,,165.5963542402213,Value-Add Flip
110,76656,43356,OH,Waldo,"Marion, OH",Marion County,293433.66043057345,5.431971743963318,83.71396176947242,97.92728114867994,100.0,,19.840944687846413,68.0778187866317,27.0,31.874184941010743,,59.53110376416123,Value-Add Flip
111,77392,44906,OH,Mansfield,"Mansfield, OH",Richland County,163227.7060594445,7.565570712474064,97.50671012637758,95.84298286243632,85.27419602676565,,18.62634266829414,67.9645498333865,28.5,28.691767714627815,,54.41163015721497,Value-Add Flip
112,82599,56068,MN,Minnesota Lake,"Mankato, MN",Faribault County,202666.2506632215,9.181947494125843,100.0,76.15794349235756,70.0690904628509,,39.883141321303135,67.90829494674959,42.666666666666664,26.468381445842077,,144.0077430571138,Value-Add Flip
113,85055,61559,IL,Princeville,"Peoria, IL",Peoria County,218273.2739789488,7.417009107244183,96.54632681785738,100.0,69.76764918621011,28.232351592901068,42.302455773016305,67.90057822389561,25.166666666666668,26.424302804460005,0.9965254815758762,154.20500626190812,Value-Add Flip
114,85050,61552,IL,Mossville,"Peoria, IL",Peoria County,119744.58950826337,7.349658625604295,96.11093654129397,100.0,69.76764918621011,28.232351592901068,42.302455773016305,67.79173065475476,25.166666666666668,26.424302804460005,0.9965254815758762,154.20500626190812,Value-Add Flip
115,69122,26716,WV,Eglon,"Morgantown, WV",Preston County,136725.9676357106,7.065566001825394,94.27440674930104,85.88466882816118,52.56766214963085,,53.114861089988175,67.74354971397266,35.666666666666664,23.909212406720137,,199.7786367653775,Value-Add Flip
116,77641,45388,OH,Yorkshire,"Greenville, OH",Darke County,333321.72646606714,8.43944664652133,100.0,90.05326540064844,82.74281545710247,,20.601408664393443,67.70690506761612,32.666666666666664,28.3216133098457,,62.73641315299382,Value-Add Flip
117,77607,45346,OH,New Madison,"Greenville, OH",Darke County,201106.94084384016,8.926743721427885,100.0,90.05326540064844,82.74281545710247,,20.601408664393443,67.70690506761612,32.666666666666664,28.3216133098457,,62.73641315299382,Value-Add Flip
118,77567,45304,OH,Arcanum,"Greenville, OH",Darke County,230868.0461558466,8.370691887042373,100.0,90.05326540064844,82.74281545710247,,20.601408664393443,67.70690506761612,32.666666666666664,28.3216133098457,,62.73641315299382,Value-Add Flip
119,77617,45358,OH,Pitsburg,"Greenville, OH",Darke County,177573.7409717264,10.421097328816481,100.0,90.05326540064844,82.74281545710247,,20.601408664393443,67.70690506761612,32.666666666666664,28.3216133098457,,62.73641315299382,Value-Add Flip
120,77566,45303,OH,Ansonia,"Greenville, OH",Darke County,172831.41725472538,8.574379418413907,100.0,90.05326540064844,82.74281545710247,,20.601408664393443,67.70690506761612,32.666666666666664,28.3216133098457,,62.73641315299382,Value-Add Flip
121,77612,45351,OH,Osgood,"Greenville, OH",Darke County,268193.92815049045,13.816138527189267,100.0,90.05326540064844,82.74281545710247,,20.601408664393443,67.70690506761612,32.666666666666664,28.3216133098457,,62.73641315299382,Value-Add Flip
122,77259,44645,OH,Marshallville,"Wooster, OH",Wayne County,283203.39240692504,3.879763720532737,73.67964183366425,92.13756368689208,86.58968375698515,,42.54077511900112,67.69367554259719,31.166666666666668,28.884126613014388,,155.20950780410354,Value-Add Flip
123,85029,61528,IL,Edwards,"Peoria, IL",Peoria County,361210.260781073,7.283252742819846,95.68165266734113,100.0,69.76764918621011,28.232351592901068,42.302455773016305,67.68440968626655,25.166666666666668,26.424302804460005,0.9965254815758762,154.20500626190812,Value-Add Flip
124,84741,60961,IL,Reddick,"Kankakee, IL",Kankakee County,238956.56508948843,7.498025427539079,97.07006053498132,86.3478462251042,76.61164012677037,,30.19869245661645,67.59169320701915,35.333333333333336,27.425074250404368,,103.1883803667239,Value-Add Flip
125,75638,40342,KY,Lawrenceburg,"Frankfort, KY",Anderson County,255456.00971913707,7.568076728798786,97.52291038380896,84.26354793886057,94.67601582945326,,16.47177628687434,67.57340702439056,36.833333333333336,30.06656100120014,,45.3302639594555,Value-Add Flip
126,77296,44691,OH,Wooster,"Wooster, OH",Wayne County,255050.80381768305,3.7978284142321863,73.14996728937147,92.13756368689208,86.58968375698515,,42.54077511900112,67.561256906524,31.166666666666668,28.884126613014388,,155.20950780410354,Value-Add Flip
127,79250,48519,MI,Burton,"Flint, MI",Genesee County,178120.13143531248,7.049102397159318,94.16797702208514,90.74803149606299,68.36944686673179,20.46506785227146,54.56907869249058,67.54011820424046,32.166666666666664,26.2198488580507,0.9993975282715953,205.9080754744553,Value-Add Flip
128,79265,48603,MI,Saginaw,"Saginaw, MI",Saginaw County,217812.3319838344,6.282927643023017,89.21500519505435,88.20055581287633,66.24754293323345,,45.00506844809853,67.53461036936636,34.0,25.90957070512428,,165.5963542402213,Value-Add Flip
129,76370,42453,KY,Saint Charles,"Madisonville, KY",Hopkins County,109204.2456828082,8.835672408962832,100.0,47.67253358036127,59.52487041602649,,63.88676567815045,67.5275455397971,63.166666666666664,24.926539202878473,,245.18155916128154,Value-Add Flip
130,79249,48509,MI,Burton,"Flint, MI",Genesee County,176522.80086649617,7.031446686341641,94.05384086999445,90.74803149606299,68.36944686673179,20.46506785227146,54.56907869249058,67.51158416621777,32.166666666666664,26.2198488580507,0.9993975282715953,205.9080754744553,Value-Add Flip
131,79223,48457,MI,Montrose,"Flint, MI",Genesee County,202602.831757186,7.025000923159749,94.01217193836851,90.74803149606299,68.36944686673179,20.46506785227146,54.56907869249058,67.5011669333113,32.166666666666664,26.2198488580507,0.9993975282715953,205.9080754744553,Value-Add Flip
132,95292,87068,NM,Bosque Farms,"Albuquerque, NM",Valencia County,422497.65594590735,8.83987821343738,100.0,78.47383047707271,100.0,37.57870140352734,20.19243426842624,67.45598834919656,41.0,31.283354714289107,0.9930695561858673,61.012610959051585,Value-Add Flip
133,85074,61607,IL,Bartonville,"Peoria, IL",Peoria County,155075.47438261367,7.116408304564313,94.60307914646339,100.0,69.76764918621011,28.232351592901068,42.302455773016305,67.41476630604711,25.166666666666668,26.424302804460005,0.9965254815758762,154.20500626190812,Value-Add Flip
134,64817,16930,PA,Liberty,"Williamsport, PA",Tioga County,262780.2524742994,8.724651219107429,100.0,83.80037054191754,89.26847880701163,,17.91302154640997,67.40200672929245,37.166666666666664,29.275836891255075,,51.40502503226263,Value-Add Flip
135,76617,43302,OH,Marion,"Marion, OH",Marion County,162184.09468341316,4.9554420551688905,80.63341374749639,97.92728114867994,100.0,,19.840944687846413,67.30768178113769,27.0,31.874184941010743,,59.53110376416123,Value-Add Flip
136,65204,17834,PA,Kulpmont,"Sunbury, PA",Northumberland County,87849.63206307909,4.47416664661391,77.52218680253824,88.66373320981936,52.0173173393412,,66.88365824131138,67.30448471030356,33.666666666666664,23.828737523520413,,257.8132789616582,Value-Add Flip
137,78690,47598,IN,Winslow,"Jasper, IN",Pike County,165716.54711141213,13.437000145813819,100.0,60.178323297823056,64.16306735023399,,51.72278173380417,67.29005739817129,54.166666666666664,25.604765561261345,,193.9111069835764,Value-Add Flip
138,78683,47585,IN,Stendal,"Jasper, IN",Pike County,219326.88141788985,7.994848778303219,100.0,60.178323297823056,64.16306735023399,,51.72278173380417,67.29005739817129,54.166666666666664,25.604765561261345,,193.9111069835764,Value-Add Flip
139,76484,43044,OH,,"Urbana, OH",Champaign County,269610.460045504,5.450583330476285,83.83427722382199,100.0,94.81405571910192,,19.407238131208235,67.27318998257795,24.0,30.08674606298083,,57.70305701788037,Value-Add Flip
140,77932,46049,IN,Kempton,"Frankfort, IN",Tipton County,207275.4196816032,5.228950168579808,82.40151948691837,98.853635942566,100.0,,17.32189945496165,67.2589001268549,26.333333333333332,35.8062459356185,,48.91348138509491,Value-Add Flip
141,73732,36075,AL,Shorter,,Macon County,211707.2279906564,8.527161087254111,100.0,,,,68.9185652451205,67.22964131128012,,,,266.39028816375975,Value-Add Flip
142,86579,64748,MO,Golden City,"Joplin, MO",Barton County,142976.67951301843,11.121238393462022,100.0,74.30523390458544,68.45798296548053,,39.231936750159925,67.1453658663239,44.0,26.232795163843996,,141.2629554138993,Value-Add Flip
143,77610,45349,OH,Springfield,"Springfield, OH",Clark County,179417.45038353873,8.17385510003118,100.0,89.59008800370542,94.74989790887327,,8.992592306406888,67.13664085893218,33.0,30.077364504023667,,13.805958571248794,Value-Add Flip
144,87088,66080,KS,Richmond,"Ottawa, KS",Franklin County,220600.15057387503,6.320097234366876,89.45528972251299,86.81102362204724,99.52262473361584,,17.163776552659275,67.08094505882333,35.0,30.77526267001745,,48.24700297326982,Value-Add Flip
145,100202,99347,WA,Pomeroy,,Garfield County,243167.4113899569,10.484377173457506,100.0,,,,68.21219570926245,67.05304892731561,,,,263.412983550921,Value-Add Flip
146,64697,16673,PA,Roaring Spring,"Altoona, PA",Blair County,191344.03646420283,8.278066183114229,100.0,66.31542380731818,86.47247323904452,,29.221939086352116,67.04729299049465,49.75,28.866987353109153,,99.07142434403646,Value-Add Flip
147,64709,16686,PA,Tyrone,"Altoona, PA",Blair County,182090.9013565807,9.53956250444663,100.0,66.31542380731818,86.47247323904452,,29.221939086352116,67.04729299049465,49.75,28.866987353109153,,99.07142434403646,Value-Add Flip
148,64650,16617,PA,Bellwood,"Altoona, PA",Blair County,162254.73914034755,12.264206133396502,100.0,66.31542380731818,86.47247323904452,,29.221939086352116,67.04729299049465,49.75,28.866987353109153,,99.07142434403646,Value-Add Flip
149,87152,66401,KS,,"Topeka, KS",Wabaunsee County,283345.02043025626,7.326969705989904,95.96426298016556,97.2325150532654,67.47717143595477,,29.798922340300166,67.02110787529719,27.5,26.089374726685726,,101.5033736514531,Value-Add Flip
150,87197,66510,KS,Melvern,"Topeka, KS",Osage County,207395.382489452,7.0822280543707805,94.38211935193156,97.2325150532654,67.47717143595477,,31.325976728067545,67.00733556518054,27.5,26.089374726685726,,107.93981497848823,Value-Add Flip
151,79271,48609,MI,Saginaw,"Saginaw, MI",Saginaw County,208361.3157641576,5.944892208425766,87.02975962926213,88.20055581287633,66.24754293323345,,45.00506844809853,66.9882989779183,34.0,25.90957070512428,,165.5963542402213,Value-Add Flip
152,86781,65333,MO,Houstonia,"Sedalia, MO",Pettis County,244112.322479406,6.625930437081172,91.43236248383373,67.82075034738304,86.47611161569368,,36.432353459808176,66.93451386115667,48.666666666666664,28.867519379450464,,129.4628821926422,Value-Add Flip
153,75106,39040,MS,,"Jackson, MS",Yazoo County,150646.41515553105,6.503503733094443,90.64092944267844,58.55720240852244,57.76438516843895,65.36161760526139,56.223922930985815,66.85691312917143,55.333333333333336,24.6691099657428,0.98279648836201,212.88314324661854,Value-Add Flip
154,65216,17847,PA,Milton,"Sunbury, PA",Northumberland County,217830.2908297761,4.192373593521457,75.7005226906826,88.66373320981936,52.0173173393412,,66.88365824131138,66.84906868233965,33.666666666666664,23.828737523520413,,257.8132789616582,Value-Add Flip
155,77921,46035,IN,Colfax,"Frankfort, IN",Clinton County,205497.922342876,4.567615424393368,78.12629071109612,98.853635942566,100.0,,19.90174545049916,66.83505443178372,26.333333333333332,35.8062459356185,,59.78737527916965,Value-Add Flip
156,79384,48807,MI,Bannister,"Saginaw, MI",Saginaw County,170271.5549128916,5.847898468615162,86.4027391511183,88.20055581287633,66.24754293323345,,45.00506844809853,66.83154385838235,34.0,25.90957070512428,,165.5963542402213,Value-Add Flip
157,64713,16693,PA,Williamsburg,"Altoona, PA",Blair County,175015.02823912373,7.807899447773858,99.07325534643367,66.31542380731818,86.47247323904452,,29.221939086352116,66.81560682710308,49.75,28.866987353109153,,99.07142434403646,Value-Add Flip
158,77939,46058,IN,Mulberry,"Frankfort, IN",Clinton County,246270.98129395043,4.540880915990705,77.95346425575673,98.853635942566,100.0,,19.90174545049916,66.79184781794886,26.333333333333332,35.8062459356185,,59.78737527916965,Value-Add Flip
159,80895,52225,IA,Elberon,"Cedar Rapids, IA",Tama County,224978.6954089734,14.261364355485071,100.0,82.64242704955997,80.96031652921984,41.28808631977306,27.951474930605237,66.76950904389524,38.0,28.060965093776414,0.9916979664451544,93.71649523209987,Value-Add Flip
160,80894,52224,IA,Dysart,"Cedar Rapids, IA",Tama County,238931.65432653585,9.648419610851043,100.0,82.64242704955997,80.96031652921984,41.28808631977306,27.951474930605237,66.76950904389524,38.0,28.060965093776414,0.9916979664451544,93.71649523209987,Value-Add Flip
161,80805,52040,IA,Dyersville,"Dubuque, IA",Dubuque County,275593.10850081017,7.97407513405268,100.0,95.84298286243632,69.284160106544,,24.06293942985177,66.74901430813719,28.5,26.353603987124025,,77.32655470399243,Value-Add Flip
162,77277,44667,OH,Orrville,"Wooster, OH",Wayne County,231581.0563685849,3.279733191084654,69.80071696480067,92.13756368689208,86.58968375698515,,42.54077511900112,66.7239443253813,31.166666666666668,28.884126613014388,,155.20950780410354,Value-Add Flip
163,77758,45690,OH,Waverly,"Chillicothe, OH",Pike County,168550.4443820476,1.7582846433167143,59.965243069727734,87.50578971746178,90.80310360791697,,51.72278173380417,66.70849538008565,34.5,29.5002393918315,,193.9111069835764,Value-Add Flip
164,76457,43009,OH,Cable,"Urbana, OH",Champaign County,320983.2427696583,5.082534852662045,81.45501096406316,100.0,94.81405571910192,,19.407238131208235,66.67837341763824,24.0,30.08674606298083,,57.70305701788037,Value-Add Flip
165,87086,66078,KS,Princeton,"Ottawa, KS",Franklin County,341248.53015508177,6.058820360238082,87.7662533902295,86.81102362204724,99.52262473361584,,17.163776552659275,66.65868597575245,35.0,30.77526267001745,,48.24700297326982,Value-Add Flip
166,77069,44214,OH,Burbank,"Wooster, OH",Wayne County,297434.8488823064,3.217081028220692,69.39569918538093,92.13756368689208,86.58968375698515,,42.54077511900112,66.62268988052635,31.166666666666668,28.884126613014388,,155.20950780410354,Value-Add Flip
167,77623,45365,OH,Sidney,"Sidney, OH",Shelby County,205632.0246771458,9.26966675755614,100.0,78.70541917554422,64.58292431722332,,37.51612986715935,66.60143020656614,40.833333333333336,25.666159690446054,,134.0309338045691,Value-Add Flip
168,77594,45333,OH,Houston,"Sidney, OH",Shelby County,281005.8044558409,11.157104087638462,100.0,78.70541917554422,64.58292431722332,,37.51612986715935,66.60143020656614,40.833333333333336,25.666159690446054,,134.0309338045691,Value-Add Flip
169,77854,45845,OH,Fort Loramie,"Sidney, OH",Shelby County,324706.6032723549,11.219286569493441,100.0,78.70541917554422,64.58292431722332,,37.51612986715935,66.60143020656614,40.833333333333336,25.666159690446054,,134.0309338045691,Value-Add Flip
170,77565,45302,OH,Anna,"Sidney, OH",Shelby County,311457.6556359744,10.335312277398462,100.0,78.70541917554422,64.58292431722332,,37.51612986715935,66.60143020656614,40.833333333333336,25.666159690446054,,134.0309338045691,Value-Add Flip
171,77601,45340,OH,Maplewood,"Sidney, OH",Shelby County,284123.542798043,10.178743815871542,100.0,78.70541917554422,64.58292431722332,,37.51612986715935,66.60143020656614,40.833333333333336,25.666159690446054,,134.0309338045691,Value-Add Flip
172,77622,45363,OH,Russia,"Sidney, OH",Shelby County,340133.7528853643,11.39324157207029,100.0,78.70541917554422,64.58292431722332,,37.51612986715935,66.60143020656614,40.833333333333336,25.666159690446054,,134.0309338045691,Value-Add Flip
173,77595,45334,OH,Jackson Center,"Sidney, OH",Shelby County,213402.75283836207,10.143771283174923,100.0,78.70541917554422,64.58292431722332,,37.51612986715935,66.60143020656614,40.833333333333336,25.666159690446054,,134.0309338045691,Value-Add Flip
174,77569,45306,OH,Botkins,"Sidney, OH",Shelby County,266703.03044935054,12.79481278478599,100.0,78.70541917554422,64.58292431722332,,37.51612986715935,66.60143020656614,40.833333333333336,25.666159690446054,,134.0309338045691,Value-Add Flip
175,76364,42442,KY,Nortonville,"Madisonville, KY",Hopkins County,122865.54333638684,7.3751829531476245,96.2759397269817,47.67253358036127,59.52487041602649,,63.88676567815045,66.59653047154252,63.166666666666664,24.926539202878473,,245.18155916128154,Value-Add Flip
176,87710,67661,KS,,,Phillips County,118741.26984037548,4.219504669413526,75.87591277473977,,,,90.4482799942009,66.58104819223517,,,,357.1367258023441,Value-Add Flip
177,90154,73738,OK,Garber,"Enid, OK",Garfield County,96251.8061787146,2.2428721503907028,63.097881227420906,69.90504863362668,78.58510429268473,,68.21219570926245,66.53029738775179,47.166666666666664,27.71364660591947,,263.412983550921,Value-Add Flip
178,76338,42368,KY,,"Owensboro, KY",Ohio County,180785.8761808549,7.871187494158153,99.48238382402572,81.4844835572024,67.59434059823289,,33.63309400503625,66.52041011049243,38.833333333333336,26.106507939305608,,117.66417391864947,Value-Add Flip
179,77391,44905,OH,Mansfield,"Mansfield, OH",Richland County,146716.88696819046,6.658890010135424,91.64543115503095,95.84298286243632,85.27419602676565,,18.62634266829414,66.49923009054984,28.5,28.691767714627815,,54.41163015721497,Value-Add Flip
180,80830,52073,IA,,"Dubuque, IA",Dubuque County,372753.6867555794,7.792670330445672,98.97480601921448,95.84298286243632,69.284160106544,,24.06293942985177,66.4927158129408,28.5,26.353603987124025,,77.32655470399243,Value-Add Flip
181,77390,44904,OH,Lexington,"Mansfield, OH",Richland County,261778.56479548247,6.599701904761318,91.26280693408054,95.84298286243632,85.27419602676565,,18.62634266829414,66.40357403531225,28.5,28.691767714627815,,54.41163015721497,Value-Add Flip
182,85027,61525,IL,Dunlap,"Peoria, IL",Peoria County,363143.9586414553,6.427290642917778,90.14824642688069,100.0,69.76764918621011,28.232351592901068,42.302455773016305,66.30105812615143,25.166666666666668,26.424302804460005,0.9965254815758762,154.20500626190812,Value-Add Flip
183,87087,66079,KS,Rantoul,"Ottawa, KS",Franklin County,339679.9180312953,5.833056110542466,86.30679004683903,86.81102362204724,99.52262473361584,,17.163776552659275,66.29382013990484,35.0,30.77526267001745,,48.24700297326982,Value-Add Flip
184,84223,59854,MT,Ovando,,Powell County,544484.9219552266,5.897300241922906,86.72209917972489,,,,78.43747909081335,66.28989456763456,,,,306.5119308214786,Value-Add Flip
185,77634,45380,OH,Versailles,"Greenville, OH",Darke County,287712.01999055594,7.059586987089138,94.23575513440224,90.05326540064844,82.74281545710247,,20.601408664393443,66.26584385121667,32.666666666666664,28.3216133098457,,62.73641315299382,Value-Add Flip
186,90152,73736,OK,,"Enid, OK",Garfield County,228801.5981904422,2.078286287548962,62.033908370860715,69.90504863362668,78.58510429268473,,68.21219570926245,66.26430417361173,47.166666666666664,27.71364660591947,,263.412983550921,Value-Add Flip
187,64823,16938,PA,Morris,"Williamsport, PA",Tioga County,228186.35532073188,7.234006985823721,95.36330121333431,83.80037054191754,89.26847880701163,,17.91302154640997,66.24283203262603,37.166666666666664,29.275836891255075,,51.40502503226263,Value-Add Flip
188,78496,47232,IN,Elizabethtown,"Columbus, IN",Bartholomew County,286736.20550808206,5.771691106816764,85.9100931666845,89.3584993052339,100.0,,15.428791088050694,66.23849595946888,33.166666666666664,31.708138072882107,,40.93414480943011,Value-Add Flip
189,63831,15010,PA,Beaver Falls,"Pittsburgh, PA",Beaver County,186103.408713052,8.167759096831492,100.0,82.87401574803148,81.84528616602078,42.59762097760563,24.185890279194783,66.23627531184843,37.833333333333336,28.19037092594802,0.9912137502361746,77.84478505272443,Value-Add Flip
190,63844,15027,PA,Conway,"Pittsburgh, PA",Beaver County,192310.00262695007,8.034036179583898,100.0,82.87401574803148,81.84528616602078,42.59762097760563,24.185890279194783,66.23627531184843,37.833333333333336,28.19037092594802,0.9912137502361746,77.84478505272443,Value-Add Flip
191,63855,15043,PA,Georgetown,"Pittsburgh, PA",Beaver County,253348.5063602345,9.42026943581943,100.0,82.87401574803148,81.84528616602078,42.59762097760563,24.185890279194783,66.23627531184843,37.833333333333336,28.19037092594802,0.9912137502361746,77.84478505272443,Value-Add Flip
192,63861,15050,PA,Hookstown,"Pittsburgh, PA",Beaver County,263241.2826537148,9.237058387112741,100.0,82.87401574803148,81.84528616602078,42.59762097760563,24.185890279194783,66.23627531184843,37.833333333333336,28.19037092594802,0.9912137502361746,77.84478505272443,Value-Add Flip
193,84719,60935,IL,Essex,"Kankakee, IL",Kankakee County,271936.89900267567,6.646232707982852,91.56360744493158,86.3478462251042,76.61164012677037,,30.19869245661645,66.21507993450672,35.333333333333336,27.425074250404368,,103.1883803667239,Value-Add Flip
194,79208,48438,MI,Goodrich,"Flint, MI",Genesee County,359194.542088038,6.206513534360296,88.72102268603682,90.74803149606299,68.36944686673179,20.46506785227146,54.56907869249058,66.17837962022837,32.166666666666664,26.2198488580507,0.9993975282715953,205.9080754744553,Value-Add Flip
195,77253,44638,OH,Lakeville,"Ashland, OH",Holmes County,283356.6915408267,7.277627639795154,95.64528893092847,94.2218619731357,88.77673286226002,,11.400460974701987,66.15006334482997,29.666666666666668,29.203930703120047,,23.954978495382964,Value-Add Flip
196,65175,17765,PA,Roaring Branch,"Williamsport, PA",Lycoming County,253011.6171961225,6.707712584143789,91.96104692321057,83.80037054191754,89.26847880701163,,20.941427905506025,66.1493700498691,37.166666666666664,29.275836891255075,,64.16957356497093,Value-Add Flip
197,80804,52039,IA,Durango,"Dubuque, IA",Dubuque County,383045.1748162252,7.572959729861103,97.55447676806067,95.84298286243632,69.284160106544,,24.06293942985177,66.13763350015235,28.5,26.353603987124025,,77.32655470399243,Value-Add Flip
198,69055,26542,WV,Masontown,"Morgantown, WV",Preston County,164765.2298660977,6.062664068462578,87.79110121827979,85.88466882816118,52.56766214963085,,53.114861089988175,66.12272333121734,35.666666666666664,23.909212406720137,,199.7786367653775,Value-Add Flip
199,76810,43727,OH,Chandlersville,"Zanesville, OH",Muskingum County,222374.69821319904,4.525506370911561,77.85407480417365,82.41083835108847,100.0,,27.132862089505966,66.10835997608318,38.166666666666664,32.68581936009434,,90.2660919173912,Value-Add Flip
200,76227,42085,KY,Water Valley,"Mayfield, KY",Hickman County,95997.57212130744,7.39125546827592,96.37984123794928,,30.71069361083307,,83.41660342404073,66.09124988766412,,20.713148852792855,,327.49863691888635,Value-Add Flip
201,80967,52352,IA,Walker,"Cedar Rapids, IA",Linn County,306913.0239035017,7.211936282865519,95.22062414212493,82.64242704955997,80.96031652921984,41.28808631977306,29.968244427022295,66.07885745353073,38.0,28.060965093776414,0.9916979664451544,102.21705594416537,Value-Add Flip
202,66113,19964,DE,Marydel,"Dover, DE",Kent County,366824.4602371329,6.590741803013901,91.20488394551599,76.15794349235756,100.0,,17.319240564237678,66.05472265129205,42.666666666666664,30.870580184066927,,48.90227432248016,Value-Add Flip
203,87084,66076,KS,Pomona,"Ottawa, KS",Franklin County,279624.716897023,5.682404251604607,85.33289419738601,86.81102362204724,99.52262473361584,,17.163776552659275,66.05034617754158,35.0,30.77526267001745,,48.24700297326982,Value-Add Flip
204,87051,66033,KS,Greeley,"Ottawa, KS",Anderson County,213033.37228976903,5.789006650241449,86.0220302910666,86.81102362204724,99.52262473361584,,16.47177628687434,66.0496301345155,35.0,30.77526267001745,,45.3302639594555,Value-Add Flip
205,77377,44875,OH,Shelby,"Mansfield, OH",Richland County,177843.43679035327,6.375863755554878,89.81579495561358,95.84298286243632,85.27419602676565,,18.62634266829414,66.0418210406955,28.5,28.691767714627815,,54.41163015721497,Value-Add Flip
206,76995,44093,OH,Williamsfield,"Ashtabula, OH",Ashtabula County,170384.78143058295,7.58573759647055,97.63707987261935,87.04261232051874,64.35420942947407,,32.77127191976064,66.02932168206762,34.833333333333336,25.632715559542063,,114.03164626891096,Value-Add Flip
207,63843,15026,PA,Clinton,"Pittsburgh, PA",Beaver County,321287.27894549497,7.817107228112727,99.13277946460866,82.87401574803148,81.84528616602078,42.59762097760563,24.185890279194783,66.01947017800059,37.833333333333336,28.19037092594802,0.9912137502361746,77.84478505272443,Value-Add Flip
208,79344,48734,MI,Frankenmuth,"Saginaw, MI",Saginaw County,311116.56201642886,5.279414264524153,82.7277469489165,88.20055581287633,66.24754293323345,,45.00506844809853,65.9127958078319,34.0,25.90957070512428,,165.5963542402213,Value-Add Flip
209,77730,45653,OH,Minford,"Portsmouth, OH",Scioto County,192459.3629562149,9.190946666995387,100.0,74.07364520611394,60.03042889993849,,41.0638537399047,65.88309599588096,44.166666666666664,25.000465147454992,,148.9843740581495,Value-Add Flip
210,77712,45629,OH,Franklin Furnace,"Portsmouth, OH",Scioto County,167850.29942892664,8.920708646602389,100.0,74.07364520611394,60.03042889993849,,41.0638537399047,65.88309599588096,44.166666666666664,25.000465147454992,,148.9843740581495,Value-Add Flip
211,77761,45694,OH,Wheelersburg,"Portsmouth, OH",Scioto County,190026.75542324127,8.268655345525097,100.0,74.07364520611394,60.03042889993849,,41.0638537399047,65.88309599588096,44.166666666666664,25.000465147454992,,148.9843740581495,Value-Add Flip
212,80835,52078,IA,Worthington,"Dubuque, IA",Dubuque County,302246.5324925891,7.412978626387397,96.52027158956217,95.84298286243632,69.284160106544,,24.06293942985177,65.87908220552772,28.5,26.353603987124025,,77.32655470399243,Value-Add Flip
213,69137,26764,WV,Terra Alta,"Morgantown, WV",Preston County,172799.17874955715,5.902088017950714,86.75304997737496,85.88466882816118,52.56766214963085,,53.114861089988175,65.86321052099113,35.666666666666664,23.909212406720137,,199.7786367653775,Value-Add Flip
214,76644,43340,OH,Mount Victory,"Columbus, OH",Hardin County,214053.36533463505,8.063138092448291,100.0,98.853635942566,100.0,25.78554502405153,8.623542536666728,65.85176277915932,26.333333333333332,32.47348407681053,0.997430217768835,12.250436247540817,Value-Add Flip
215,77152,44408,OH,Columbiana,"Salem, OH",Columbiana County,241810.4756385394,5.4285585286225855,83.6918968824072,80.09495136637331,78.34547004483657,,38.97460049399542,65.84996105802396,39.833333333333336,27.678605777432175,,140.17829875242745,Value-Add Flip
216,78520,47283,IN,Westport,"Greensburg, IN",Decatur County,231821.042093182,5.875652284305329,86.58215496515274,,100.0,,36.79067162998733,65.84320664878501,,31.221922232271115,,130.97317147719127,Value-Add Flip
217,87099,66095,KS,Williamsburg,"Ottawa, KS",Franklin County,267142.89750572504,5.54396499507497,84.43794727614564,86.81102362204724,99.52262473361584,,17.163776552659275,65.82660944723149,35.0,30.77526267001745,,48.24700297326982,Value-Add Flip
218,77337,44822,OH,Butler,"Mansfield, OH",Richland County,248206.4207513882,6.239382097858917,88.93350302178891,95.84298286243632,85.27419602676565,,18.62634266829414,65.82124805723933,28.5,28.691767714627815,,54.41163015721497,Value-Add Flip
219,84724,60941,IL,Herscher,"Kankakee, IL",Kankakee County,247352.9938916721,6.381794141279388,89.85413220603634,86.3478462251042,76.61164012677037,,30.19869245661645,65.7877111247829,35.333333333333336,27.425074250404368,,103.1883803667239,Value-Add Flip
220,82484,55918,MN,Brownsdale,"Austin, MN",Mower County,197210.6925395974,9.213166851527966,100.0,75.46317739694302,72.21425601159228,,30.088389649830322,65.78442522431749,43.166666666666664,26.782061058607347,,102.7234607477677,Value-Add Flip
221,82514,55953,MN,Lyle,"Austin, MN",Mower County,197256.2755578592,10.367344363962527,100.0,75.46317739694302,72.21425601159228,,30.088389649830322,65.78442522431749,43.166666666666664,26.782061058607347,,102.7234607477677,Value-Add Flip
222,82480,55909,MN,Adams,"Austin, MN",Mower County,239623.5950078652,8.989972873298191,100.0,75.46317739694302,72.21425601159228,,30.088389649830322,65.78442522431749,43.166666666666664,26.782061058607347,,102.7234607477677,Value-Add Flip
223,82529,55970,MN,Rose Creek,"Austin, MN",Mower County,291943.8858961456,9.307967559508581,100.0,75.46317739694302,72.21425601159228,,30.088389649830322,65.78442522431749,43.166666666666664,26.782061058607347,,102.7234607477677,Value-Add Flip
224,76494,43060,OH,Woodstock,"Urbana, OH",Champaign County,252429.5772631112,4.508420949156969,77.74362531187886,100.0,94.81405571910192,,19.407238131208235,65.75052700459217,24.0,30.08674606298083,,57.70305701788037,Value-Add Flip
225,77393,44907,OH,Mansfield,"Mansfield, OH",Richland County,167439.49317577953,6.193983227674426,88.64001994395467,95.84298286243632,85.27419602676565,,18.62634266829414,65.74787728778077,28.5,28.691767714627815,,54.41163015721497,Value-Add Flip
226,77345,44836,OH,Green Springs,"Tiffin, OH",Seneca County,176074.83409972803,7.194546273660244,95.10820563028994,97.00092635479388,67.88773228360083,,25.281407118922406,65.72508859724233,27.666666666666668,26.14940951877054,,82.46232187274236,Value-Add Flip
227,87204,66520,KS,Olsburg,"Manhattan, KS",Pottawatomie County,280628.60242488654,8.502627477876613,100.0,80.32654006484483,62.233473085035854,,34.76719164715269,65.68747353852207,39.666666666666664,25.322608138839303,,122.44432647319185,Value-Add Flip
228,78563,47368,IN,Parker City,"Muncie, IN",Randolph County,166831.3254713513,9.816641347951172,100.0,89.82167670217693,85.89990932092816,,10.13044320510503,65.68584417078843,32.833333333333336,28.78326345206875,,18.601930873906834,Value-Add Flip
229,77106,44276,OH,Sterling,"Wooster, OH",Wayne County,280476.72140825255,2.6361613460319067,65.64031726485257,92.13756368689208,86.58968375698515,,42.54077511900112,65.68384440039426,31.166666666666668,28.884126613014388,,155.20950780410354,Value-Add Flip
230,77621,45362,OH,,"Greenville, OH",Darke County,247719.3924977967,6.695299878110495,91.88080441593894,90.05326540064844,82.74281545710247,,20.601408664393443,65.67710617160085,32.666666666666664,28.3216133098457,,62.73641315299382,Value-Add Flip
231,77590,45328,OH,Gettysburg,"Greenville, OH",Darke County,137450.53692151222,6.691001164901926,91.85301518730724,90.05326540064844,82.74281545710247,,20.601408664393443,65.67015886444293,32.666666666666664,28.3216133098457,,62.73641315299382,Value-Add Flip
232,83074,57014,SD,Centerville,"Sioux Falls, SD",Turner County,278987.0256092088,1.3379259914719541,57.247815291540526,42.345993515516426,75.99446826451538,,89.20270818888699,65.66342355033743,67.0,27.33482749491487,,351.8867164328458,Value-Add Flip
233,63824,15001,PA,Aliquippa,"Pittsburgh, PA",Beaver County,191833.8674881019,7.584442297905568,97.62870635565692,82.87401574803148,81.84528616602078,42.59762097760563,24.185890279194783,65.64345190076266,37.833333333333336,28.19037092594802,0.9912137502361746,77.84478505272443,Value-Add Flip
234,77389,44903,OH,Mansfield,"Mansfield, OH",Richland County,199651.4666677481,6.096115385194764,88.00734878902934,95.84298286243632,85.27419602676565,,18.62634266829414,65.58970949904943,28.5,28.691767714627815,,54.41163015721497,Value-Add Flip
235,77326,44805,OH,Ashland,"Ashland, OH",Ashland County,221391.1752284736,5.665176159209002,85.22152240419099,94.2218619731357,88.77673286226002,,19.424606102505976,65.55015799509661,29.666666666666668,29.203930703120047,,57.776261960103135,Value-Add Flip
236,80923,52305,IA,Martelle,"Cedar Rapids, IA",Jones County,277093.3550219764,6.071248263671561,87.84659414179141,82.64242704955997,80.96031652921984,41.28808631977306,35.11868050954296,65.52295897407753,38.0,28.060965093776414,0.9916979664451544,123.92583064095692,Value-Add Flip
237,88068,68628,NE,Clarks,"Grand Island, NE",Merrick County,295698.7838112657,8.280200495509222,100.0,,78.34297015701482,,39.28488145744232,65.48981439576355,,27.678240228095273,,141.48611413354283,Value-Add Flip
238,88195,68827,NE,Chapman,"Grand Island, NE",Merrick County,309249.6678048529,10.713269803487833,100.0,,78.34297015701482,,39.28488145744232,65.48981439576355,,27.678240228095273,,141.48611413354283,Value-Add Flip
239,88185,68816,NE,Archer,"Grand Island, NE",Merrick County,317646.6631872247,10.238478964296826,100.0,,78.34297015701482,,39.28488145744232,65.48981439576355,,27.678240228095273,,141.48611413354283,Value-Add Flip
240,88227,68864,NE,Palmer,"Grand Island, NE",Merrick County,299391.3808078076,9.818010311127066,100.0,,78.34297015701482,,39.28488145744232,65.48981439576355,,27.678240228095273,,141.48611413354283,Value-Add Flip
241,77609,45348,OH,North Star,"Greenville, OH",Darke County,263043.87502833566,6.5746602638373215,91.10092409817452,90.05326540064844,82.74281545710247,,20.601408664393443,65.48213609215975,32.666666666666664,28.3216133098457,,62.73641315299382,Value-Add Flip
242,79193,48420,MI,Vienna,"Flint, MI",Genesee County,208787.4527609054,5.774212391039449,85.92639212414228,90.74803149606299,68.36944686673179,20.46506785227146,54.56907869249058,65.47972197975474,32.166666666666664,26.2198488580507,0.9993975282715953,205.9080754744553,Value-Add Flip
243,77625,45368,OH,South Charleston,"Springfield, OH",Clark County,257158.48860458063,6.925413346856494,93.36838348529119,89.59008800370542,94.74989790887327,,8.992592306406888,65.47873673025498,33.0,30.077364504023667,,13.805958571248794,Value-Add Flip
244,74106,37019,TN,Belfast,"Lewisburg, TN",Marshall County,316370.9418966592,7.496115942339208,97.05771658035735,67.82075034738304,100.0,,14.158277788780646,65.47711114439196,48.666666666666664,32.822091984371355,,35.57900856053363,Value-Add Flip
245,77349,44840,OH,Jeromesville,"Ashland, OH",Ashland County,277936.0729592755,5.602807036461205,84.81833435057952,94.2218619731357,88.77673286226002,,19.424606102505976,65.44936098169373,29.666666666666668,29.203930703120047,,57.776261960103135,Value-Add Flip
246,77592,45331,OH,Greenville,"Greenville, OH",Darke County,190819.25712147888,6.546012570141803,90.91572976879041,90.05326540064844,82.74281545710247,,20.601408664393443,65.43583750981372,32.666666666666664,28.3216133098457,,62.73641315299382,Value-Add Flip
247,69976,28466,NC,Wallace,"Wilmington, NC",Duplin County,210727.0899080294,4.566779330445736,78.12088574343696,58.55720240852244,94.65817573383538,68.83644183082126,31.317339120373088,65.40023799862114,55.333333333333336,30.063952310095438,0.9815116302612275,107.90340798763272,Value-Add Flip
248,67963,24070,VA,Catawba,"Roanoke, VA",Craig County,338123.8831199079,3.1370525308499895,68.87835129484188,78.2422417786012,100.0,34.52937323412631,45.058600653723005,65.39998023905034,41.166666666666664,33.11355642455492,0.9941970819961169,165.82198922962888,Value-Add Flip
249,80928,52310,IA,Monticello,"Cedar Rapids, IA",Jones County,220032.03696683425,5.993912170472142,87.34665142146366,82.64242704955997,80.96031652921984,41.28808631977306,35.11868050954296,65.39797329399559,38.0,28.060965093776414,0.9916979664451544,123.92583064095692,Value-Add Flip
250,79196,48423,MI,Davison,"Flint, MI",Genesee County,246962.72958386503,5.716504529980064,85.55333701043321,90.74803149606299,68.36944686673179,20.46506785227146,54.56907869249058,65.38645820132747,32.166666666666664,26.2198488580507,0.9993975282715953,205.9080754744553,Value-Add Flip
251,77361,44853,OH,New Riegel,"Tiffin, OH",Seneca County,236812.57151469807,6.982836289416082,93.73959673029488,97.00092635479388,67.88773228360083,,25.281407118922406,65.38293637224356,27.666666666666668,26.14940951877054,,82.46232187274236,Value-Add Flip
252,87096,66092,KS,Wellsville,"Ottawa, KS",Franklin County,333402.2216265521,5.265601911795454,82.63845636140898,86.81102362204724,99.52262473361584,,17.163776552659275,65.37673671854732,35.0,30.77526267001745,,48.24700297326982,Value-Add Flip
253,74553,37916,TN,Knoxville,"Knoxville, TN",Knox County,469773.6911978373,11.682267988302277,100.0,66.89439555349696,100.0,59.112312156618046,5.886286961035119,65.37257789677604,49.333333333333336,32.53614792514818,0.9851072443049699,0.7130705513450136,Value-Add Flip
254,84697,60910,IL,Kankakee,"Kankakee, IL",Kankakee County,141350.27399932433,6.123200454437573,88.18244146099296,86.3478462251042,76.61164012677037,,30.19869245661645,65.36978843852206,35.333333333333336,27.425074250404368,,103.1883803667239,Value-Add Flip
255,77113,44287,OH,,"Wooster, OH",Wayne County,246802.77627411243,2.4226919491524197,64.26033456120783,92.13756368689208,86.58968375698515,,42.54077511900112,65.33884872448309,31.166666666666668,28.884126613014388,,155.20950780410354,Value-Add Flip
256,79276,48614,MI,Brant,"Saginaw, MI",Saginaw County,202907.9177636304,4.913916735372216,80.3649714137455,88.20055581287633,66.24754293323345,,45.00506844809853,65.32210192403915,34.0,25.90957070512428,,165.5963542402213,Value-Add Flip
257,90151,73735,OK,Drummond,"Enid, OK",Garfield County,160429.38096225934,1.4785026566317951,58.15657958887049,69.90504863362668,78.58510429268473,,68.21219570926245,65.29497197811419,47.166666666666664,27.71364660591947,,263.412983550921,Value-Add Flip
258,77370,44864,OH,Perrysville,"Ashland, OH",Ashland County,236793.909909806,5.5011924785276785,84.16144238181673,94.2218619731357,88.77673286226002,,19.424606102505976,65.28513798950303,29.666666666666668,29.203930703120047,,57.776261960103135,Value-Add Flip
259,76637,43332,OH,New Bloomington,"Marion, OH",Marion County,197664.7003416315,3.6779417614632486,72.3749545257743,97.92728114867994,100.0,,19.840944687846413,65.24306697570717,27.0,31.874184941010743,,59.53110376416123,Value-Add Flip
260,76504,43072,OH,Saint Paris,"Urbana, OH",Champaign County,235477.5273428773,4.180483882116784,75.62366110616686,100.0,94.81405571910192,,19.407238131208235,65.22053595316417,24.0,30.08674606298083,,57.70305701788037,Value-Add Flip
261,79224,48458,MI,Mount Morris,"Flint, MI",Genesee County,108624.88035206456,5.604255757604068,84.82769967483105,90.74803149606299,68.36944686673179,20.46506785227146,54.56907869249058,65.20504886742692,32.166666666666664,26.2198488580507,0.9993975282715953,205.9080754744553,Value-Add Flip
262,79203,48433,MI,Flushing,"Flint, MI",Genesee County,230035.77078306928,5.556624957797741,84.51978818562306,90.74803149606299,68.36944686673179,20.46506785227146,54.56907869249058,65.12807099512493,32.166666666666664,26.2198488580507,0.9993975282715953,205.9080754744553,Value-Add Flip
263,77925,46039,IN,Russiaville,"Frankfort, IN",Clinton County,214867.19507612195,3.508328161931299,71.27847963485982,98.853635942566,100.0,,19.90174545049916,65.12310166272464,26.333333333333332,35.8062459356185,,59.78737527916965,Value-Add Flip
264,74753,38316,TN,Bradford,"Jackson, TN",Gibson County,171570.06372807373,10.604762260848753,100.0,49.98842056507641,82.41139002965289,,34.56119754598617,65.12084047718858,61.5,28.273150197148432,,121.57607387099596,Value-Add Flip
265,65180,17772,PA,Turbotville,"Sunbury, PA",Northumberland County,251462.40121867607,3.1171549469494946,68.749722451418,88.66373320981936,52.0173173393412,,66.88365824131138,65.11136862252349,33.666666666666664,23.828737523520413,,257.8132789616582,Value-Add Flip
266,78552,47354,IN,,"New Castle, IN",Randolph County,196125.1100462236,7.092293229319696,94.44718613687452,87.96896711440482,91.25284831430551,,10.13044320510503,65.09032206551672,34.166666666666664,29.566003894448073,,18.601930873906834,Value-Add Flip
267,67957,24064,VA,Blue Ridge,"Roanoke, VA",Botetourt County,298456.21144419926,3.9801658155697655,74.3286957804415,78.2422417786012,100.0,34.52937323412631,38.3590242737605,65.08767226545963,41.166666666666664,33.11355642455492,0.9941970819961169,137.5836824403962,Value-Add Flip
268,95274,87042,NM,Los Lunas,"Albuquerque, NM",Valencia County,397519.2884377231,6.474029697741217,90.45039318976052,78.47383047707271,100.0,37.57870140352734,20.19243426842624,65.0685866466367,41.0,31.283354714289107,0.9930695561858673,61.012610959051585,Value-Add Flip
269,87993,68422,NE,Pickrell,"Beatrice, NE",Gage County,327211.62315893435,4.8364394379938425,79.86411587252871,,100.0,,40.40369063365486,65.06695162654589,,31.06719140922307,,146.2018267345648,Value-Add Flip
270,78258,46773,IN,Monroeville,"Fort Wayne, IN",Allen County,248765.49970781765,6.733040094321309,92.12477777401301,92.83232978230662,98.12144512503946,31.35795959009002,15.10412004563958,65.06005688578054,30.666666666666668,30.570373365650845,0.9953697503807503,39.56567612108054,Value-Add Flip
271,84015,59337,MT,Jordan,,Garfield County,242978.70840906235,6.716847458300864,92.02009973603063,,,,68.21219570926245,65.05807386132327,,,,263.412983550921,Value-Add Flip
272,86103,63552,MO,Macon,,Macon County,175399.69987272695,6.600714417415304,91.26935236855569,,,,68.9185652451205,65.04697940341904,,,,266.39028816375975,Value-Add Flip
273,80811,52046,IA,Farley,"Dubuque, IA",Dubuque County,298093.36603251286,6.897081226690266,93.18522919545613,95.84298286243632,69.284160106544,,24.06293942985177,65.04532160700121,28.5,26.353603987124025,,77.32655470399243,Value-Add Flip
274,85181,61833,IL,Danville,"Danville, IL",Vermilion County,73890.90345218846,11.034200100491981,100.0,100.0,31.96436398046114,,44.5365454393653,65.02700915593356,25.0,20.89646842750398,,163.62155826685301,Value-Add Flip
275,85215,61876,IL,Sidell,"Danville, IL",Vermilion County,98825.17972416356,9.120768179214108,100.0,100.0,31.96436398046114,,44.5365454393653,65.02700915593356,25.0,20.89646842750398,,163.62155826685301,Value-Add Flip
276,85190,61846,IL,Georgetown,"Danville, IL",Vermilion County,100347.11733857592,10.576522754290115,100.0,100.0,31.96436398046114,,44.5365454393653,65.02700915593356,25.0,20.89646842750398,,163.62155826685301,Value-Add Flip
277,85170,61817,IL,Danville,"Danville, IL",Vermilion County,160119.76862948926,8.51184487526259,100.0,100.0,31.96436398046114,,44.5365454393653,65.02700915593356,25.0,20.89646842750398,,163.62155826685301,Value-Add Flip
278,85185,61841,IL,Fairmount,"Danville, IL",Vermilion County,154183.58176333827,8.44836334781545,100.0,100.0,31.96436398046114,,44.5365454393653,65.02700915593356,25.0,20.89646842750398,,163.62155826685301,Value-Add Flip
279,85220,61883,IL,Westville,"Danville, IL",Vermilion County,99357.552149374,8.239928017061352,100.0,100.0,31.96436398046114,,44.5365454393653,65.02700915593356,25.0,20.89646842750398,,163.62155826685301,Value-Add Flip
280,85188,61844,IL,Fithian,"Danville, IL",Vermilion County,170183.01816360137,8.187674171021861,100.0,100.0,31.96436398046114,,44.5365454393653,65.02700915593356,25.0,20.89646842750398,,163.62155826685301,Value-Add Flip
281,67967,24077,VA,Troutville,"Roanoke, VA",Botetourt County,260511.1621006305,3.934951036185402,74.0364027660252,78.2422417786012,100.0,34.52937323412631,38.3590242737605,65.01459901185555,41.166666666666664,33.11355642455492,0.9941970819961169,137.5836824403962,Value-Add Flip
282,65225,17860,PA,Paxinos,"Sunbury, PA",Northumberland County,267851.29943436914,3.054833863512549,68.34684495013411,88.66373320981936,52.0173173393412,,66.88365824131138,65.01064924720252,33.666666666666664,23.828737523520413,,257.8132789616582,Value-Add Flip
283,65160,17744,PA,Linden,"Williamsport, PA",Lycoming County,251742.1161703072,5.996157722929806,87.36116789828424,83.80037054191754,89.26847880701163,,20.941427905506025,64.99940029363752,37.166666666666664,29.275836891255075,,64.16957356497093,Value-Add Flip
284,87165,66416,KS,Circleville,"Topeka, KS",Jackson County,239217.9821047893,8.107040452335823,100.0,97.2325150532654,67.47717143595477,,17.564801056601144,64.97151180933105,27.5,26.089374726685726,,49.93729685605614,Value-Add Flip
285,87196,66509,KS,Mayetta,"Topeka, KS",Jackson County,295599.25235613127,7.98017058151632,100.0,97.2325150532654,67.47717143595477,,17.564801056601144,64.97151180933105,27.5,26.089374726685726,,49.93729685605614,Value-Add Flip
286,82492,55926,MN,Dexter,"Austin, MN",Mower County,282279.4063892364,7.44118006806042,96.70258110228632,75.46317739694302,72.21425601159228,,30.088389649830322,64.96007049988907,43.166666666666664,26.782061058607347,,102.7234607477677,Value-Add Flip
287,87906,68301,NE,Adams,"Beatrice, NE",Gage County,384169.704203276,4.769701294308705,79.4326840827493,,100.0,,40.40369063365486,64.95909367910104,,31.06719140922307,,146.2018267345648,Value-Add Flip
288,88871,71033,LA,Bethany,"Shreveport-Bossier City, LA",Caddo Parish,236888.53243753067,7.718068423616107,98.49253857203641,,,,61.26648610551445,64.93975616938772,,,,234.13724020001777,Value-Add Flip
289,77448,45113,OH,Clarksville,"Wilmington, OH",Clinton County,378115.55381862,4.240644544516281,76.01257246659941,100.0,92.00653265502454,,19.90174545049916,64.87988601027955,23.166666666666668,29.67621236403808,,59.78737527916965,Value-Add Flip
290,74501,37828,TN,Norris,"Knoxville, TN",Anderson County,365253.3157970404,5.998177350794274,87.3742238752135,66.89439555349696,100.0,59.112312156618046,16.47177628687434,64.86250619703921,49.333333333333336,32.53614792514818,0.9851072443049699,45.3302639594555,Value-Add Flip
291,78686,47590,IN,Winslow,"Jasper, IN",Pike County,240350.62707263697,6.436212105905624,90.2059196334124,60.178323297823056,64.16306735023399,,51.72278173380417,64.8415373065244,54.166666666666664,25.604765561261345,,193.9111069835764,Value-Add Flip
292,63850,15034,PA,Dravosburg,"Pittsburgh, PA",Allegheny County,114726.259546021,8.400769858328983,100.0,82.87401574803148,81.84528616602078,42.59762097760563,18.481860003443842,64.8102677429107,37.833333333333336,28.19037092594802,0.9912137502361746,53.80264451627635,Value-Add Flip
293,63859,15047,PA,Greenock,"Pittsburgh, PA",Allegheny County,151430.91476398168,12.229366135129034,100.0,82.87401574803148,81.84528616602078,42.59762097760563,18.481860003443842,64.8102677429107,37.833333333333336,28.19037092594802,0.9912137502361746,53.80264451627635,Value-Add Flip
294,63828,15006,PA,Bairdford,"Pittsburgh, PA",Allegheny County,183381.5798687531,9.498959841041271,100.0,82.87401574803148,81.84528616602078,42.59762097760563,18.481860003443842,64.8102677429107,37.833333333333336,28.19037092594802,0.9912137502361746,53.80264451627635,Value-Add Flip
295,76642,43337,OH,Morral,"Marion, OH",Marion County,202841.35613223925,3.408106013081362,70.63058895845948,97.92728114867994,100.0,,19.840944687846413,64.80697558387845,27.0,31.874184941010743,,59.53110376416123,Value-Add Flip
296,74111,37025,TN,Bon Aqua,"Nashville-Davidson--Murfreesboro--Franklin, TN",Hickman County,326393.7593026175,4.204704381183037,75.78023563288434,,,,83.41660342404073,64.79920976423126,,,,327.49863691888635,Value-Add Flip
297,77491,45177,OH,Wilmington,"Wilmington, OH",Clinton County,259154.6699947098,4.180982949201362,75.62688734821722,100.0,92.00653265502454,,19.90174545049916,64.783464730684,23.166666666666668,29.67621236403808,,59.78737527916965,Value-Add Flip
298,79364,48757,MI,Reese,"Saginaw, MI",Tuscola County,213107.07705177632,8.468805240707928,100.0,88.20055581287633,66.24754293323345,,23.212335572945687,64.78267585181456,34.0,25.90957070512428,,73.74131120423057,Value-Add Flip
299,87057,66042,KS,Richmond,"Ottawa, KS",Franklin County,275044.8939712218,4.884565715977101,80.17523040312904,86.81102362204724,99.52262473361584,,17.163776552659275,64.76093022897734,35.0,30.77526267001745,,48.24700297326982,Value-Add Flip
300,75755,40601,KY,Frankfort,"Frankfort, KY",Franklin County,242124.053507891,5.715481434904526,85.54672316540874,84.26354793886057,94.67601582945326,,17.163776552659275,64.75236028623674,36.833333333333336,30.06656100120014,,48.24700297326982,Value-Add Flip
301,80976,52401,IA,Cedar Rapids,"Cedar Rapids, IA",Linn County,118156.91118009744,6.387026496647989,89.88795700721882,82.64242704955997,80.96031652921984,41.28808631977306,29.968244427022295,64.7456906698042,38.0,28.060965093776414,0.9916979664451544,102.21705594416537,Value-Add Flip
302,65184,17777,PA,Watsontown,"Sunbury, PA",Northumberland County,229215.07540807745,2.877475882779703,67.20030615186855,88.66373320981936,52.0173173393412,,66.88365824131138,64.72401454763613,33.666666666666664,23.828737523520413,,257.8132789616582,Value-Add Flip
303,79206,48436,MI,Gaines,"Flint, MI",Genesee County,276398.6903916615,5.274304075156485,82.69471189544834,90.74803149606299,68.36944686673179,20.46506785227146,54.56907869249058,64.67180192258125,32.166666666666664,26.2198488580507,0.9993975282715953,205.9080754744553,Value-Add Flip
304,87986,68415,NE,Odell,"Beatrice, NE",Gage County,242308.5505650208,4.587966923740089,78.25785391173403,,100.0,,40.40369063365486,64.66538613634722,,31.06719140922307,,146.2018267345648,Value-Add Flip
305,84740,60960,IL,Rankin,"Danville, IL",Vermilion County,95029.5756092131,7.686932935671607,98.29126178266502,100.0,31.96436398046114,,44.5365454393653,64.5998246015998,25.0,20.89646842750398,,163.62155826685301,Value-Add Flip
306,87229,66549,KS,Westmoreland,"Manhattan, KS",Pottawatomie County,281694.2236599451,7.277855644701058,95.64676287909664,80.32654006484483,62.233473085035854,,34.76719164715269,64.59916425829623,39.666666666666664,25.322608138839303,,122.44432647319185,Value-Add Flip
307,74119,37033,TN,Centerville,,Hickman County,239630.9266744106,4.079932951790753,74.97364500683979,,,,83.41660342404073,64.59756210772012,,,,327.49863691888635,Value-Add Flip
308,80888,52218,IA,Coggon,"Cedar Rapids, IA",Linn County,231773.8905059325,6.267140827528986,89.11295060247173,82.64242704955997,80.96031652921984,41.28808631977306,29.968244427022295,64.55193906861743,38.0,28.060965093776414,0.9916979664451544,102.21705594416537,Value-Add Flip
309,78555,47357,IN,Milton,"Richmond, IN",Wayne County,204866.2169809889,7.960573538547984,100.0,75.2315886984715,50.619070038608626,,42.54077511900112,64.54374609224273,43.333333333333336,23.624276999668904,,155.20950780410354,Value-Add Flip
310,78547,47346,IN,Hagerstown,"Richmond, IN",Wayne County,203637.9868938924,7.955175042100205,100.0,75.2315886984715,50.619070038608626,,42.54077511900112,64.54374609224273,43.333333333333336,23.624276999668904,,155.20950780410354,Value-Add Flip
311,78534,47330,IN,Centerville,"Richmond, IN",Wayne County,204795.06830992232,8.749060864404187,100.0,75.2315886984715,50.619070038608626,,42.54077511900112,64.54374609224273,43.333333333333336,23.624276999668904,,155.20950780410354,Value-Add Flip
312,64251,15692,PA,Westmoreland City,"Pittsburgh, PA",Westmoreland County,173895.70469224337,12.183274120346558,100.0,82.87401574803148,81.84528616602078,42.59762097760563,17.35142186397199,64.52765820804272,37.833333333333336,28.19037092594802,0.9912137502361746,49.03791654270944,Value-Add Flip
313,64234,15675,PA,Penn,"Pittsburgh, PA",Westmoreland County,129476.80888657107,15.043182622170209,100.0,82.87401574803148,81.84528616602078,42.59762097760563,17.35142186397199,64.52765820804272,37.833333333333336,28.19037092594802,0.9912137502361746,49.03791654270944,Value-Add Flip
314,64237,15678,PA,Rillton,"Pittsburgh, PA",Westmoreland County,177839.13702884316,26.599483839536852,100.0,82.87401574803148,81.84528616602078,42.59762097760563,17.35142186397199,64.52765820804272,37.833333333333336,28.19037092594802,0.9912137502361746,49.03791654270944,Value-Add Flip
315,79238,48473,MI,Swartz Creek,"Flint, MI",Genesee County,239292.93807785283,5.171429324237479,82.02967335135139,90.74803149606299,68.36944686673179,20.46506785227146,54.56907869249058,64.50554228655702,32.166666666666664,26.2198488580507,0.9993975282715953,205.9080754744553,Value-Add Flip
316,87184,66440,KS,Hoyt,"Topeka, KS",Jackson County,283857.1254917092,7.658878869630913,98.10990498647318,97.2325150532654,67.47717143595477,,17.564801056601144,64.49898805594935,27.5,26.089374726685726,,49.93729685605614,Value-Add Flip
317,77352,44843,OH,Lucas,"Mansfield, OH",Richland County,248319.9913208366,5.418308642972203,83.62563602666567,95.84298286243632,85.27419602676565,,18.62634266829414,64.49428130845853,28.5,28.691767714627815,,54.41163015721497,Value-Add Flip
318,64686,16662,PA,Martinsburg,"Altoona, PA",Blair County,234899.5588467922,6.362649276560522,89.73036935027407,66.31542380731818,86.47247323904452,,29.221939086352116,64.47988532806318,49.75,28.866987353109153,,99.07142434403646,Value-Add Flip
319,67971,24083,VA,Daleville,"Roanoke, VA",Botetourt County,452734.89456784,3.6004577220676746,71.8740554004782,78.2422417786012,100.0,34.52937323412631,38.3590242737605,64.4740121704688,41.166666666666664,33.11355642455492,0.9941970819961169,137.5836824403962,Value-Add Flip
320,84157,59728,MT,Elliston,,Powell County,407647.2016134421,4.758939434315728,79.36311354539619,,,,78.43747909081335,64.45014815905239,,,,306.5119308214786,Value-Add Flip
321,65168,17754,PA,Montoursville,"Williamsport, PA",Lycoming County,277668.67581405136,5.645862511472585,85.09666844287311,83.80037054191754,89.26847880701163,,20.941427905506025,64.43327542978474,37.166666666666664,29.275836891255075,,64.16957356497093,Value-Add Flip
322,77945,46065,IN,Rossville,"Frankfort, IN",Clinton County,283812.71639374405,3.0629340437092236,68.39920893640671,98.853635942566,100.0,,19.90174545049916,64.40328398811137,26.333333333333332,35.8062459356185,,59.78737527916965,Value-Add Flip
323,79218,48451,MI,Linden,"Flint, MI",Genesee County,329396.35713358567,5.106793826202095,81.61183421078057,90.74803149606299,68.36944686673179,20.46506785227146,54.56907869249058,64.40108250141431,32.166666666666664,26.2198488580507,0.9993975282715953,205.9080754744553,Value-Add Flip
324,79769,49457,MI,Twin Lake,"Muskegon, MI",Muskegon County,265152.6838167818,3.533838307760351,71.44339114220539,96.53774895785085,89.92665220177297,,26.081062867125986,64.34710628636506,28.0,29.372079148978386,,85.83282219438695,Value-Add Flip
325,79773,49461,MI,Whitehall,"Muskegon, MI",Muskegon County,315024.9512922952,3.530745433110193,71.42339711222192,96.53774895785085,89.92665220177297,,26.081062867125986,64.3421077788692,28.0,29.372079148978386,,85.83282219438695,Value-Add Flip
326,79605,49129,MI,Union Pier,"Niles, MI",Berrien County,758063.0966992354,7.908868787352446,99.7259762715579,79.40018527095876,72.93015349858084,,21.596798638042507,64.32675221776007,40.333333333333336,26.886744096534166,,66.93192132495766,Value-Add Flip
327,90147,73730,OK,Covington,"Enid, OK",Garfield County,89909.9103059827,0.8755753518899965,54.258928383304294,69.90504863362668,78.58510429268473,,68.21219570926245,64.32055917672264,47.166666666666664,27.71364660591947,,263.412983550921,Value-Add Flip
328,79732,49415,MI,Fruitport,"Muskegon, MI",Muskegon County,318659.5118090338,3.505634212224356,71.26106447346237,96.53774895785085,89.92665220177297,,26.081062867125986,64.30152461917932,28.0,29.372079148978386,,85.83282219438695,Value-Add Flip
329,86052,63441,MO,Frankford,"Hannibal, MO",Pike County,266539.7295665149,8.070218505593607,100.0,,56.80059512508544,,51.72278173380417,64.29081445846813,,24.52817851746202,,193.9111069835764,Value-Add Flip
330,76509,43078,OH,,"Urbana, OH",Champaign County,230774.7356652092,3.5964387232085713,71.84807439808345,100.0,94.81405571910192,,19.407238131208235,64.27663927614331,24.0,30.08674606298083,,57.70305701788037,Value-Add Flip
331,77751,45682,OH,South Webster,"Portsmouth, OH",Scioto County,135032.92273832267,6.939347959475723,93.45846442746661,74.07364520611394,60.03042889993849,,41.0638537399047,64.24771210274761,44.166666666666664,25.000465147454992,,148.9843740581495,Value-Add Flip
332,65183,17776,PA,Waterville,"Williamsport, PA",Lycoming County,181830.66961672105,5.529128874123491,84.34203849202245,83.80037054191754,89.26847880701163,,20.941427905506025,64.24461794207208,37.166666666666664,29.275836891255075,,64.16957356497093,Value-Add Flip
333,87185,66441,KS,Junction City,"Manhattan, KS",Geary County,201523.3068053883,10.36578627463063,100.0,80.32654006484483,62.233473085035854,,28.921901550881422,64.22615101445426,39.666666666666664,25.322608138839303,,97.80678438855406,Value-Add Flip
334,87199,66514,KS,Milford,"Manhattan, KS",Geary County,320432.2361437345,8.975367739663561,100.0,80.32654006484483,62.233473085035854,,28.921901550881422,64.22615101445426,39.666666666666664,25.322608138839303,,97.80678438855406,Value-Add Flip
335,87231,66552,KS,Whiting,"Topeka, KS",Jackson County,194852.0809879548,7.482191743215368,96.96770295670031,97.2325150532654,67.47717143595477,,17.564801056601144,64.21343754850614,27.5,26.089374726685726,,49.93729685605614,Value-Add Flip
336,84817,61089,IL,,"Freeport, IL",Stephenson County,183462.6219047302,14.585971706940146,100.0,84.4951366373321,44.36558217626063,,40.63424236462026,64.20594752200701,36.666666666666664,22.70985263170134,,147.1735882520932,Value-Add Flip
337,84777,61039,IL,German Valley,"Freeport, IL",Stephenson County,204896.64446400912,11.000325376579537,100.0,84.4951366373321,44.36558217626063,,40.63424236462026,64.20594752200701,36.666666666666664,22.70985263170134,,147.1735882520932,Value-Add Flip
338,84784,61048,IL,,"Freeport, IL",Stephenson County,200675.60872871065,8.436419443730534,100.0,84.4951366373321,44.36558217626063,,40.63424236462026,64.20594752200701,36.666666666666664,22.70985263170134,,147.1735882520932,Value-Add Flip
339,84796,61062,IL,Pearl City,"Freeport, IL",Stephenson County,210360.68692504909,10.6143820254017,100.0,84.4951366373321,44.36558217626063,,40.63424236462026,64.20594752200701,36.666666666666664,22.70985263170134,,147.1735882520932,Value-Add Flip
340,84802,61070,IL,Rock City,"Freeport, IL",Stephenson County,212912.42176161497,13.580519563119939,100.0,84.4951366373321,44.36558217626063,,40.63424236462026,64.20594752200701,36.666666666666664,22.70985263170134,,147.1735882520932,Value-Add Flip
341,84794,61060,IL,Orangeville,"Freeport, IL",Stephenson County,198832.9036949101,8.293977970093454,100.0,84.4951366373321,44.36558217626063,,40.63424236462026,64.20594752200701,36.666666666666664,22.70985263170134,,147.1735882520932,Value-Add Flip
342,77733,45657,OH,Otway,"Portsmouth, OH",Scioto County,147340.7271883254,6.90901595811873,93.26238181397983,74.07364520611394,60.03042889993849,,41.0638537399047,64.19869144937593,44.166666666666664,25.000465147454992,,148.9843740581495,Value-Add Flip
343,77269,44657,OH,Minerva,"Salem, OH",Columbiana County,181532.26331774032,4.405124201898326,77.0758587530959,80.09495136637331,78.34547004483657,,38.97460049399542,64.19595152569615,39.833333333333336,27.678605777432175,,140.17829875242745,Value-Add Flip
344,77353,44844,OH,McCutchenville,"Tiffin, OH",Wyandot County,192570.8614496316,7.255889321572376,95.504760576081,97.00092635479388,67.88773228360083,,18.758619777240465,64.19353049826961,27.666666666666668,26.14940951877054,,54.96917012269559,Value-Add Flip
345,70400,29320,SC,Spartanburg,"Spartanburg, SC",Spartanburg County,120410.41965402836,6.100788146397177,88.03755606806722,62.262621584066686,100.0,57.374314332003095,16.93868867926183,64.18960157424273,52.666666666666664,31.068293907115454,0.9857498899293652,47.29827128292843,Value-Add Flip
346,79207,48437,MI,Genesee,"Flint, MI",Genesee County,148397.78496932483,4.9668323659743905,80.7070469339414,90.74803149606299,68.36944686673179,20.46506785227146,54.56907869249058,64.17488568220452,32.166666666666664,26.2198488580507,0.9993975282715953,205.9080754744553,Value-Add Flip
347,87207,66523,KS,Osage City,"Topeka, KS",Osage County,185568.9716870938,5.32039404257733,82.99266260305362,97.2325150532654,67.47717143595477,,31.325976728067545,64.15997137796106,27.5,26.089374726685726,,107.93981497848823,Value-Add Flip
348,78575,47385,IN,Spiceland,"New Castle, IN",Henry County,203110.780021042,7.988077800587579,100.0,87.96896711440482,91.25284831430551,,0.7338328454760233,64.12937294139083,34.166666666666664,29.566003894448073,,-21.004210031911295,Value-Add Flip
349,77571,45308,OH,Bradford,"Greenville, OH",Darke County,202794.8790196552,5.732897248239824,85.65930848922537,90.05326540064844,82.74281545710247,,20.601408664393443,64.12173218992245,32.666666666666664,28.3216133098457,,62.73641315299382,Value-Add Flip
350,88096,68663,NE,Silver Creek,"Grand Island, NE",Merrick County,210341.6919535944,7.094482806362637,94.46134075806016,,78.34297015701482,,39.28488145744232,64.10514958527858,,27.678240228095273,,141.48611413354283,Value-Add Flip
351,80884,52214,IA,Central City,"Cedar Rapids, IA",Linn County,276702.22223246493,5.984871125168594,87.28820516956925,82.64242704955997,80.96031652921984,41.28808631977306,29.968244427022295,64.0957527103918,38.0,28.060965093776414,0.9916979664451544,102.21705594416537,Value-Add Flip
352,84876,61277,IL,Prophetstown,"Sterling, IL",Whiteside County,158231.70061676265,8.28659080303525,100.0,88.66373320981936,58.827092970869025,,26.0886173147512,64.08713290433451,33.666666666666664,24.824505791554227,,85.86466373145815,Value-Add Flip
353,84870,61270,IL,Morrison,"Sterling, IL",Whiteside County,161109.15089683238,8.58509379321756,100.0,88.66373320981936,58.827092970869025,,26.0886173147512,64.08713290433451,33.666666666666664,24.824505791554227,,85.86466373145815,Value-Add Flip
354,84855,61250,IL,Erie,"Sterling, IL",Whiteside County,170253.56216453036,10.428303894688007,100.0,88.66373320981936,58.827092970869025,,26.0886173147512,64.08713290433451,33.666666666666664,24.824505791554227,,85.86466373145815,Value-Add Flip
355,84840,61230,IL,Albany,"Sterling, IL",Whiteside County,164236.2390123928,9.44686826874476,100.0,88.66373320981936,58.827092970869025,,26.0886173147512,64.08713290433451,33.666666666666664,24.824505791554227,,85.86466373145815,Value-Add Flip
356,76645,43341,OH,New Bloomington,"Marion, OH",Marion County,198160.93730063413,2.9317643242678963,67.55125627098013,97.92728114867994,100.0,,19.840944687846413,64.03714241200862,27.0,31.874184941010743,,59.53110376416123,Value-Add Flip
357,68999,26374,WV,Independence,"Morgantown, WV",Preston County,192796.58900321543,4.7589543712917,79.36321010616221,85.88466882816118,52.56766214963085,,53.114861089988175,64.01575055318794,35.666666666666664,23.909212406720137,,199.7786367653775,Value-Add Flip
358,78240,46745,IN,Hoagland,"Fort Wayne, IN",Allen County,304458.617474076,6.080110022204225,87.90388138613518,92.83232978230662,98.12144512503946,31.35795959009002,15.10412004563958,64.00483278881107,30.666666666666668,30.570373365650845,0.9953697503807503,39.56567612108054,Value-Add Flip
359,63924,15142,PA,Presto,"Pittsburgh, PA",Allegheny County,659066.276827769,7.449232682151691,96.75463759528964,82.87401574803148,81.84528616602078,42.59762097760563,18.481860003443842,63.9989271417331,37.833333333333336,28.19037092594802,0.9912137502361746,53.80264451627635,Value-Add Flip
360,79209,48439,MI,Grand Blanc,"Flint, MI",Genesee County,282787.7977203477,4.8538184840930745,79.97646351286201,90.74803149606299,68.36944686673179,20.46506785227146,54.56907869249058,63.992239826934664,32.166666666666664,26.2198488580507,0.9993975282715953,205.9080754744553,Value-Add Flip
361,76529,43113,OH,Circleville,"Columbus, OH",Pickaway County,276692.0326113889,5.7691746051746815,85.89382512643829,98.853635942566,100.0,25.78554502405153,15.279038774372683,63.98909312019537,26.333333333333332,32.47348407681053,0.997430217768835,40.30294791932752,Value-Add Flip
362,76988,44085,OH,,"Ashtabula, OH",Ashtabula County,241082.2745319643,6.320886810085858,89.46039397095018,87.04261232051874,64.35420942947407,,32.77127191976064,63.985150206650324,34.833333333333336,25.632715559542063,,114.03164626891096,Value-Add Flip
363,76816,43734,OH,Duncan Falls,"Zanesville, OH",Muskingum County,210896.51829552185,3.209831525790294,69.34883444453179,82.41083835108847,100.0,,27.132862089505966,63.98204988617271,38.166666666666664,32.68581936009434,,90.2660919173912,Value-Add Flip
364,77927,46041,IN,Frankfort,"Frankfort, IN",Clinton County,204744.26377394152,2.8000953762979917,66.70007631984106,98.853635942566,100.0,,19.90174545049916,63.97850083396995,26.333333333333332,35.8062459356185,,59.78737527916965,Value-Add Flip
365,76951,44032,OH,Dorset,"Ashtabula, OH",Ashtabula County,182741.7428991507,6.315510221488478,89.42563676744722,87.04261232051874,64.35420942947407,,32.77127191976064,63.97646090577459,34.833333333333336,25.632715559542063,,114.03164626891096,Value-Add Flip
366,64207,15636,PA,Harrison City,"Pittsburgh, PA",Westmoreland County,409995.68566892686,7.608587535334835,97.78479435007137,82.87401574803148,81.84528616602078,42.59762097760563,17.35142186397199,63.973856795560565,37.833333333333336,28.19037092594802,0.9912137502361746,49.03791654270944,Value-Add Flip
367,77619,45360,OH,Port Jefferson,"Sidney, OH",Shelby County,127917.16955734034,6.323397589349532,89.47662501861879,78.70541917554422,64.58292431722332,,37.51612986715935,63.970586461220826,40.833333333333336,25.666159690446054,,134.0309338045691,Value-Add Flip
368,65171,17760,PA,North Bend,"Lock Haven, PA",Clinton County,118291.67009157728,7.932451572290169,99.87842826605247,60.178323297823056,87.48390410617462,,19.90174545049916,63.96857274504629,54.166666666666664,29.014885142595077,,59.78737527916965,Value-Add Flip
369,75648,40358,KY,Olympia,"Mount Sterling, KY",Bath County,196041.8942528415,9.898594343095853,100.0,59.25196850393699,77.32192804811699,,28.462304969752335,63.96775712765203,54.833333333333336,27.528937022324502,,95.86961276438663,Value-Add Flip
370,76982,44076,OH,Orwell,"Ashtabula, OH",Ashtabula County,222916.7526796112,6.305207891773216,89.35903688464371,87.04261232051874,64.35420942947407,,32.77127191976064,63.95981093507371,34.833333333333336,25.632715559542063,,114.03164626891096,Value-Add Flip
371,84700,60913,IL,Bonfield,"Kankakee, IL",Kankakee County,296582.9454933128,5.248053549735878,82.52501417028694,86.3478462251042,76.61164012677037,,30.19869245661645,63.95543161584555,35.333333333333336,27.425074250404368,,103.1883803667239,Value-Add Flip
372,80810,52045,IA,,"Dubuque, IA",Dubuque County,310551.27134287806,6.216720998033609,88.78700930296257,95.84298286243632,69.284160106544,,24.06293942985177,63.94576663387783,28.5,26.353603987124025,,77.32655470399243,Value-Add Flip
373,65150,17728,PA,Cogan Station,"Williamsport, PA",Lycoming County,273144.8927432688,5.343716474135148,83.14343153118664,83.80037054191754,89.26847880701163,,20.941427905506025,63.944966201863124,37.166666666666664,29.275836891255075,,64.16957356497093,Value-Add Flip
374,63847,15031,PA,Cuddy,"Pittsburgh, PA",Allegheny County,134377.41200248222,7.405192573340377,96.46993829265116,82.87401574803148,81.84528616602078,42.59762097760563,18.481860003443842,63.92775231607347,37.833333333333336,28.19037092594802,0.9912137502361746,53.80264451627635,Value-Add Flip
375,76873,43844,OH,Warsaw,"Coshocton, OH",Coshocton County,208118.230658429,6.959777344364832,93.59053112276435,93.52709587772117,63.202713034992584,,25.413693885241113,63.92066324065806,30.166666666666668,25.464336506776892,,83.01990254345993,Value-Add Flip
376,76866,43830,OH,Frazeysburg,"Zanesville, OH",Muskingum County,299179.8503433999,3.16953501661119,69.08833581335882,82.41083835108847,100.0,,27.132862089505966,63.91692522837947,38.166666666666664,32.68581936009434,,90.2660919173912,Value-Add Flip
377,79626,49240,MI,Grass Lake,"Jackson, MI",Jackson County,330828.4636798208,6.084850984473239,87.93452955409514,87.73737841593329,84.3666240696784,,17.564801056601144,63.90876422899974,34.333333333333336,28.559056828876933,,49.93729685605614,Value-Add Flip
378,90138,73718,OK,Ames,"Enid, OK",Major County,161806.37052173613,4.845049809813968,79.91977801594327,69.90504863362668,78.58510429268473,,40.775002869556936,63.876473374956,47.166666666666664,27.71364660591947,,147.7668852154799,Value-Add Flip
379,65158,17740,PA,Jersey Shore,"Williamsport, PA",Lycoming County,210775.8233341025,5.294553744386782,82.82561681062975,83.80037054191754,89.26847880701163,,20.941427905506025,63.86551252172391,37.166666666666664,29.275836891255075,,64.16957356497093,Value-Add Flip
380,78533,47327,IN,,"Richmond, IN",Wayne County,176294.13504280066,7.523427069092669,97.23427061146327,75.2315886984715,50.619070038608626,,42.54077511900112,63.85231374510855,43.333333333333336,23.624276999668904,,155.20950780410354,Value-Add Flip
381,90181,73773,OK,Waukomis,"Enid, OK",Garfield County,141202.9050052958,0.580134603266811,52.34903811794689,69.90504863362668,78.58510429268473,,68.21219570926245,63.84308661038328,47.166666666666664,27.71364660591947,,263.412983550921,Value-Add Flip
382,76514,43084,OH,Woodstock,"Urbana, OH",Champaign County,243489.0705288085,3.316384831821743,70.03765317681395,100.0,94.81405571910192,,19.407238131208235,63.82403397082593,24.0,30.08674606298083,,57.70305701788037,Value-Add Flip
383,85019,61491,IL,Wyoming,"Peoria, IL",Stark County,130029.07841164296,12.782093495515051,100.0,100.0,69.76764918621011,28.232351592901068,22.47693653134891,63.80761670901441,25.166666666666668,26.424302804460005,0.9965254815758762,70.64164899107529,Value-Add Flip
384,85012,61483,IL,Toulon,"Peoria, IL",Stark County,136554.78464368774,9.239916227804065,100.0,100.0,69.76764918621011,28.232351592901068,22.47693653134891,63.80761670901441,25.166666666666668,26.424302804460005,0.9965254815758762,70.64164899107529,Value-Add Flip
385,82539,55982,MN,Waltham,"Austin, MN",Mower County,282024.75952079106,6.722526946030091,92.05681504485928,75.46317739694302,72.21425601159228,,30.088389649830322,63.79862898553231,43.166666666666664,26.782061058607347,,102.7234607477677,Value-Add Flip
386,78218,46702,IN,Andrews,"Huntington, IN",Huntington County,188930.3861474557,5.286199604209755,82.77161108842016,81.71607225567392,89.40980808527637,,21.860916533425577,63.7975043608678,38.666666666666664,29.296502948149605,,68.04516218309014,Value-Add Flip
387,85560,62550,IL,Moweaqua,"Taylorville, IL",Shelby County,158520.678702353,9.760624044501766,100.0,76.15794349235756,52.46988472142383,,37.51612986715935,63.79670093492824,42.666666666666664,23.894914775548894,,134.0309338045691,Value-Add Flip
388,85526,62510,IL,Assumption,"Taylorville, IL",Shelby County,126237.10108172834,11.080564488692726,100.0,76.15794349235756,52.46988472142383,,37.51612986715935,63.79670093492824,42.666666666666664,23.894914775548894,,134.0309338045691,Value-Add Flip
389,78221,46705,IN,Ashley,"Auburn, IN",De Kalb County,188556.7712871124,6.985616266012262,93.75756801646212,94.68503937007874,68.56226703738137,,19.76551415644098,63.79597985621386,29.333333333333332,26.248044237422786,,59.21316866404472,Value-Add Flip
390,77351,44842,OH,Loudonville,"Ashland, OH",Ashland County,228298.966668068,4.579319664607879,78.20195330859924,94.2218619731357,88.77673286226002,,19.424606102505976,63.79526572119867,29.666666666666668,29.203930703120047,,57.776261960103135,Value-Add Flip
391,80792,52001,IA,Dubuque,"Dubuque, IA",Dubuque County,200932.0619736378,6.101634162139842,88.0430251756253,95.84298286243632,69.284160106544,,24.06293942985177,63.75977060204352,28.5,26.353603987124025,,77.32655470399243,Value-Add Flip
392,79754,49441,MI,Roosevelt Park,"Muskegon, MI",Muskegon County,244390.8890470448,3.1665880378446953,69.0692849340046,96.53774895785085,89.92665220177297,,26.081062867125986,63.75357973431487,28.0,29.372079148978386,,85.83282219438695,Value-Add Flip
393,64228,15668,PA,Murrysville,"Pittsburgh, PA",Westmoreland County,349767.5065295824,7.464408500533692,96.8527423690275,82.87401574803148,81.84528616602078,42.59762097760563,17.35142186397199,63.74084380029959,37.833333333333336,28.19037092594802,0.9912137502361746,49.03791654270944,Value-Add Flip
394,74425,37694,TN,Watauga,"Johnson City, TN",Carter County,233995.1207513051,6.32237096442025,89.46998835469296,74.30523390458544,100.0,,10.87325268707903,63.73159534613081,44.0,34.38620814854661,,21.73282764234553,Value-Add Flip
395,65140,17701,PA,Williamsport,"Williamsport, PA",Lycoming County,192277.98667751308,5.205817454832727,82.25197699827136,83.80037054191754,89.26847880701163,,20.941427905506025,63.722102568634305,37.166666666666664,29.275836891255075,,64.16957356497093,Value-Add Flip
396,86569,64738,MO,Collins,,Saint Clair County,269727.36538645934,6.629265515836824,91.45392225336217,,,,63.351502606874924,63.70135621505928,,,,242.92545788526178,Value-Add Flip
397,77877,45871,OH,New Knoxville,"Sidney, OH",Shelby County,254284.2422023736,6.155688898021002,88.39246449412488,78.70541917554422,64.58292431722332,,37.51612986715935,63.699546330097355,40.833333333333336,25.666159690446054,,134.0309338045691,Value-Add Flip
398,70215,28775,NC,Scaly Mountain,,Macon County,463543.2957304004,5.755323550194988,85.80428434645472,,,,68.9185652451205,63.68071239789381,,,,266.39028816375975,Value-Add Flip
399,78546,47345,IN,Greens Fork,"Richmond, IN",Wayne County,239891.95699337576,7.410387536174341,96.50352136807905,75.2315886984715,50.619070038608626,,42.54077511900112,63.6696264342625,43.333333333333336,23.624276999668904,,155.20950780410354,Value-Add Flip
400,65155,17737,PA,Hughesville,"Williamsport, PA",Lycoming County,244192.6984890616,5.166576368642301,81.99830119739957,83.80037054191754,89.26847880701163,,20.941427905506025,63.65868361841636,37.166666666666664,29.275836891255075,,64.16957356497093,Value-Add Flip
401,78670,47564,IN,Otwell,"Jasper, IN",Pike County,216669.0727277009,5.703116694202479,85.46679073222016,60.178323297823056,64.16306735023399,,51.72278173380417,63.65675508122634,54.166666666666664,25.604765561261345,,193.9111069835764,Value-Add Flip
402,84773,61032,IL,Freeport,"Freeport, IL",Stephenson County,121684.458082732,7.607962219875251,97.78075196961234,84.4951366373321,44.36558217626063,,40.63424236462026,63.65113551441009,36.666666666666664,22.70985263170134,,147.1735882520932,Value-Add Flip
403,64664,16635,PA,Duncansville,"Altoona, PA",Blair County,224338.12678579648,5.849564156450807,86.41350706650319,66.31542380731818,86.47247323904452,,29.221939086352116,63.650669757120454,49.75,28.866987353109153,,99.07142434403646,Value-Add Flip
404,76962,44048,OH,Kingsville,"Ashtabula, OH",Ashtabula County,212136.0861222336,6.108137199810624,88.08506436081068,87.04261232051874,64.35420942947407,,32.77127191976064,63.64131780411545,34.833333333333336,25.632715559542063,,114.03164626891096,Value-Add Flip
405,70361,29206,SC,Columbia,"Columbia, SC",Richland County,380089.16225201054,6.074097825601021,87.8650152655361,71.75775822139877,97.13387933647242,45.45370748670096,18.62634266829414,63.63133520696701,45.833333333333336,30.425965278209905,0.9901576778568141,54.41163015721497,Value-Add Flip
406,78500,47240,IN,Greensburg,"Greensburg, IN",Decatur County,255912.982262591,4.504755286023414,77.71992846448228,,100.0,,36.79067162998733,63.627650023617406,,31.221922232271115,,130.97317147719127,Value-Add Flip
407,79752,49437,MI,Montague,"Muskegon, MI",Muskegon County,261918.91818728155,3.0784916813584235,68.49978199830366,96.53774895785085,89.92665220177297,,26.081062867125986,63.611204000389634,28.0,29.372079148978386,,85.83282219438695,Value-Add Flip
408,80817,52053,IA,,"Dubuque, IA",Dubuque County,323428.2154306423,6.0088254327988,87.44305888954361,95.84298286243632,69.284160106544,,24.06293942985177,63.60977903052309,28.5,26.353603987124025,,77.32655470399243,Value-Add Flip
409,87194,66507,KS,Maple Hill,"Topeka, KS",Wabaunsee County,288296.4892502585,5.207980465339557,82.26595987886624,97.2325150532654,67.47717143595477,,29.798922340300166,63.596532099972364,27.5,26.089374726685726,,101.5033736514531,Value-Add Flip
410,77250,44634,OH,Homeworth,"Salem, OH",Columbiana County,230755.76304595327,4.03407374908638,74.67718608832463,80.09495136637331,78.34547004483657,,38.97460049399542,63.59628335950332,39.833333333333336,27.678605777432175,,140.17829875242745,Value-Add Flip
411,76649,43345,OH,Ridgeway,"Bellefontaine, OH",Hardin County,231734.1969153825,7.965886959366028,100.0,81.25289485873088,83.6830189315296,,8.623542536666728,63.58042364928223,39.0,28.459095781514097,,12.250436247540817,Value-Add Flip
412,82620,56097,MN,,"Albert Lea, MN",Faribault County,181623.11660342533,9.586924350409788,100.0,60.8730893932376,59.78817687206755,,39.883141321303135,63.55938411372493,53.666666666666664,24.965041530690897,,144.0077430571138,Value-Add Flip
413,84803,61071,IL,Rock Falls,"Sterling, IL",Whiteside County,117154.56342512784,7.602751833608509,97.7470691886961,88.66373320981936,58.827092970869025,,26.0886173147512,63.52390020150853,33.666666666666664,24.824505791554227,,85.86466373145815,Value-Add Flip
414,88194,68826,NE,Central City,"Grand Island, NE",Merrick County,198094.43097879188,6.713624223010189,91.99926298370956,,78.34297015701482,,39.28488145744232,63.48963014169093,,27.678240228095273,,141.48611413354283,Value-Add Flip
415,77373,44867,OH,Republic,"Tiffin, OH",Seneca County,214316.67617641544,5.8060362117215245,86.1321186720556,97.00092635479388,67.88773228360083,,25.281407118922406,63.48106685768374,27.666666666666668,26.14940951877054,,82.46232187274236,Value-Add Flip
416,79758,49445,MI,,"Muskegon, MI",Muskegon County,281941.07285378425,2.9956659323371553,67.96435114621625,96.53774895785085,89.92665220177297,,26.081062867125986,63.47734628736778,28.0,29.372079148978386,,85.83282219438695,Value-Add Flip
417,69018,26425,WV,Rowlesburg,"Morgantown, WV",Preston County,88573.77040048917,4.424662911195966,77.20216763519532,85.88466882816118,52.56766214963085,,53.114861089988175,63.47548993544623,35.666666666666664,23.909212406720137,,199.7786367653775,Value-Add Flip
418,77585,45323,OH,Enon,"Springfield, OH",Clark County,234941.5813307895,5.685401400198191,85.35226940188772,89.59008800370542,94.74989790887327,,8.992592306406888,63.47470820940411,33.0,30.077364504023667,,13.805958571248794,Value-Add Flip
419,68029,24175,VA,Troutville,"Roanoke, VA",Botetourt County,324498.4019823705,2.980045930031476,67.86337492513807,78.2422417786012,100.0,34.52937323412631,38.3590242737605,63.47134205163377,41.166666666666664,33.11355642455492,0.9941970819961169,137.5836824403962,Value-Add Flip
420,65169,17756,PA,Muncy,"Williamsport, PA",Lycoming County,265188.46052778,5.048543305383361,81.23527104817637,83.80037054191754,89.26847880701163,,20.941427905506025,63.46792608111056,37.166666666666664,29.275836891255075,,64.16957356497093,Value-Add Flip
421,88856,71007,LA,Bethany,"Shreveport-Bossier City, LA",Caddo Parish,203499.76280778195,6.805993329425071,92.59638730722848,,,,61.26648610551445,63.465718353185736,,,,234.13724020001777,Value-Add Flip
422,64675,16648,PA,Hollidaysburg,"Altoona, PA",Blair County,238053.49325640147,5.732557631873291,85.6571130236526,66.31542380731818,86.47247323904452,,29.221939086352116,63.46157124640781,49.75,28.866987353109153,,99.07142434403646,Value-Add Flip
423,76839,43767,OH,Norwich,"Zanesville, OH",Muskingum County,270566.37359806645,2.8647370312398523,67.11795526201608,82.41083835108847,100.0,,27.132862089505966,63.42433009054378,38.166666666666664,32.68581936009434,,90.2660919173912,Value-Add Flip
424,86693,65075,MO,Saint Elizabeth,,Miller County,334296.73989086994,8.208255801259327,100.0,,,,53.61841125466482,63.4046028136662,,,,201.9010700697333,Value-Add Flip
425,80819,52056,IA,Luxemburg,"Dubuque, IA",Dubuque County,226727.0576117883,5.870089252303299,86.54619248971203,95.84298286243632,69.284160106544,,24.06293942985177,63.385562430565194,28.5,26.353603987124025,,77.32655470399243,Value-Add Flip
426,79686,49318,MI,Casnovia,"Muskegon, MI",Muskegon County,298759.6440380427,2.9348591431371758,67.57126286945724,96.53774895785085,89.92665220177297,,26.081062867125986,63.379074218178026,28.0,29.372079148978386,,85.83282219438695,Value-Add Flip
427,78815,47882,IN,Sullivan,"Terre Haute, IN",Sullivan County,170006.51961255624,10.591842626886574,100.0,73.6104678091709,65.98829805684512,,26.54921621977444,63.37653383768827,44.5,25.871662287060893,,87.80606008985056,Value-Add Flip
428,79765,49453,MI,Saugatuck,"Holland, MI",Allegan County,606449.6860690258,6.718091768627725,92.02814363718993,89.82167670217693,75.48816844872697,,17.176562487765754,63.372061726310854,32.833333333333336,27.260793148123863,,48.30089491175175,Value-Add Flip
429,74825,38456,TN,Ethridge,"Lawrenceburg, TN",Lawrence County,272160.88682491524,9.253436323204447,100.0,31.924502084298254,78.50038968784621,,41.525446619130456,63.3701149049966,74.5,27.701259103026327,,150.92995995732468,Value-Add Flip
430,84764,61019,IL,Davis,"Freeport, IL",Stephenson County,257415.5192063135,7.424966543145084,96.59776802708515,84.4951366373321,44.36558217626063,,40.63424236462026,63.355389528778296,36.666666666666664,22.70985263170134,,147.1735882520932,Value-Add Flip
431,64748,16822,PA,Beech Creek,"Lock Haven, PA",Clinton County,190525.1088438921,7.547812394919139,97.39191066832944,60.178323297823056,87.48390410617462,,19.90174545049916,63.34694334561553,54.166666666666664,29.014885142595077,,59.78737527916965,Value-Add Flip
432,78581,47393,IN,Williamsburg,"Richmond, IN",Wayne County,243089.3687456682,7.209763212019121,95.20657622600363,75.2315886984715,50.619070038608626,,42.54077511900112,63.34539014874364,43.333333333333336,23.624276999668904,,155.20950780410354,Value-Add Flip
433,85379,62260,IL,Millstadt,"St. Louis, MO-IL",Saint Clair County,294155.8967148706,6.397225825207163,89.9538910343262,,,,63.351502606874924,63.326348410300284,,,,242.92545788526178,Value-Add Flip
434,76629,43321,OH,Cardington,"Columbus, OH",Morrow County,184469.84658065,4.6795879198465755,78.85014204186369,98.853635942566,100.0,25.78554502405153,19.644436426949316,63.31952176219588,26.333333333333332,32.47348407681053,0.997430217768835,58.70283340151155,Value-Add Flip
435,77330,44813,OH,Bellville,"Mansfield, OH",Richland County,272208.8006805352,4.676493011019154,78.83013486184805,95.84298286243632,85.27419602676565,,18.62634266829414,63.29540601725413,28.5,28.691767714627815,,54.41163015721497,Value-Add Flip
436,89918,73092,OK,Verden,"Oklahoma City, OK",Grady County,131305.12225356448,14.613213251091404,100.0,59.25196850393699,87.87651021607712,42.96400065271766,21.548699650468176,63.294872329330666,54.833333333333336,29.072294479881773,0.9910782769394055,66.72918701903382,Value-Add Flip
437,75631,40328,KY,Gravel Switch,"Danville, KY",Marion County,248881.2708919441,8.98599656549296,100.0,59.715145900880024,84.33976353641187,,19.840944687846413,63.285460764375976,54.5,28.555129112585455,,59.53110376416123,Value-Add Flip
438,85186,61842,IL,Farmer City,"Bloomington, IL",Dewitt County,169581.9109640045,12.641430201730069,100.0,100.0,68.88994666525419,27.30188148359329,21.574254013492077,63.26683505896285,18.333333333333332,26.29595961572192,0.9968695341033929,66.83689710426107,Value-Add Flip
439,78583,47396,IN,Yorktown,"Muncie, IN",Delaware County,244401.53056237564,5.928182657601398,86.92173997182937,89.82167670217693,85.89990932092816,,13.460147714940529,63.24870529120464,32.833333333333336,28.78326345206875,,32.63643277875006,Value-Add Flip
440,76950,44030,OH,Conneaut,"Ashtabula, OH",Ashtabula County,147357.49443208508,5.865176292432013,86.51443243536613,87.04261232051874,64.35420942947407,,32.77127191976064,63.24865982275431,34.833333333333336,25.632715559542063,,114.03164626891096,Value-Add Flip
441,76986,44082,OH,Pierpont,"Ashtabula, OH",Ashtabula County,184129.03028300268,5.864828474072176,86.5121839476316,87.04261232051874,64.35420942947407,,32.77127191976064,63.24809770082068,34.833333333333336,25.632715559542063,,114.03164626891096,Value-Add Flip
442,64452,16115,PA,Darlington,"Pittsburgh, PA",Beaver County,204051.8729684853,6.099859387781083,88.03155206541014,82.87401574803148,81.84528616602078,42.59762097760563,24.185890279194783,63.24416332820095,37.833333333333336,28.19037092594802,0.9912137502361746,77.84478505272443,Value-Add Flip
443,78247,46760,IN,Kimmell,"Kendallville, IN",Noble County,236418.6945530756,5.773008274606535,85.91860805825327,87.04261232051874,88.68273094815231,,13.763556126995665,63.21347908402051,34.833333333333336,29.19018515139151,,33.91528077392657,Value-Add Flip
444,87931,68331,NE,Cortland,"Beatrice, NE",Gage County,314424.279258257,3.6840030779877715,72.41413818435689,,100.0,,40.40369063365486,63.20445720450294,,31.06719140922307,,146.2018267345648,Value-Add Flip
445,78519,47282,IN,Vernon,"North Vernon, IN",Jennings County,138552.31049731106,7.913284024877387,99.75451877697537,,92.01607932497409,,19.44730114890553,63.203670846465045,,29.67760833822512,,57.87192019974099,Value-Add Flip
446,77694,45503,OH,Springfield,"Springfield, OH",Clark County,188375.7089799953,5.51037521489336,84.22080460207879,89.59008800370542,94.74989790887327,,8.992592306406888,63.19184200945189,33.0,30.077364504023667,,13.805958571248794,Value-Add Flip
447,87159,66409,KS,Berryton,"Topeka, KS",Shawnee County,363946.9720227022,4.355737494031551,76.75659611572321,97.2325150532654,67.47717143595477,,33.65086684382859,63.18217728506872,27.5,26.089374726685726,,117.73908535272682,Value-Add Flip
448,78517,47280,IN,Taylorsville,"Columbus, IN",Bartholomew County,190602.24612604445,3.8747300460601917,73.64710141424378,89.3584993052339,100.0,,15.428791088050694,63.17274802135871,33.166666666666664,31.708138072882107,,40.93414480943011,Value-Add Flip
449,85578,62601,IL,Alexander,"Jacksonville, IL",Morgan County,150587.55008516845,9.544417716272408,100.0,95.14821676702176,61.13759477412126,,16.644500696357944,63.160876643967,29.0,25.162361912431635,,46.058286835584624,Value-Add Flip
450,85639,62695,IL,Woodson,"Jacksonville, IL",Morgan County,117933.4004903173,12.50466513565838,100.0,95.14821676702176,61.13759477412126,,16.644500696357944,63.160876643967,29.0,25.162361912431635,,46.058286835584624,Value-Add Flip
451,399594,49037,MI,Battle Creek,"Battle Creek, MI",Calhoun County,125113.4090674999,6.891134142439098,93.14678399664216,93.52709587772117,70.18479014320687,,17.212284227309308,63.155789466287416,30.166666666666668,26.485299781563263,,48.45145987035016,Value-Add Flip
452,76961,44047,OH,Jefferson,"Ashtabula, OH",Ashtabula County,217812.9976561458,5.80232949694085,86.108156444404,87.04261232051874,64.35420942947407,,32.77127191976064,63.147090825013784,34.833333333333336,25.632715559542063,,114.03164626891096,Value-Add Flip
453,93822,81624,CO,Collbran,"Grand Junction, CO",Mesa County,410324.3754495972,7.06845595152014,94.2930889616062,67.82075034738304,85.42628010041685,,19.221189288475397,63.13693813471122,48.666666666666664,28.71400640541728,,56.918872466363844,Value-Add Flip
454,78543,47341,IN,Fountain City,"Richmond, IN",Wayne County,216346.6018795642,7.080267822943048,94.36944734599086,75.2315886984715,50.619070038608626,,42.54077511900112,63.13610792874045,43.333333333333336,23.624276999668904,,155.20950780410354,Value-Add Flip
455,79757,49444,MI,Norton Shores,"Muskegon, MI",Muskegon County,179809.44405942355,2.776815541254587,66.54958275882848,96.53774895785085,89.92665220177297,,26.081062867125986,63.12365419052084,28.0,29.372079148978386,,85.83282219438695,Value-Add Flip
456,79406,48832,MI,Elwell,"Alma, MI",Gratiot County,190142.924073214,7.916687657487807,99.77652171604112,89.82167670217693,58.65871184085667,,21.83865017160496,63.10878684540939,32.833333333333336,24.799884042575346,,67.95131082286814,Value-Add Flip
457,82500,55936,MN,Grand Meadow,"Austin, MN",Mower County,262032.24912037028,6.276592860675392,89.17405370411997,75.46317739694302,72.21425601159228,,30.088389649830322,63.077938650347484,43.166666666666664,26.782061058607347,,102.7234607477677,Value-Add Flip
458,76957,44041,OH,Geneva,"Ashtabula, OH",Ashtabula County,199291.33400477504,5.738647609002371,85.69648196002743,87.04261232051874,64.35420942947407,,32.77127191976064,63.044172203919636,34.833333333333336,25.632715559542063,,114.03164626891096,Value-Add Flip
459,78568,47374,IN,Richmond,"Richmond, IN",Wayne County,151863.77874628233,7.018967036810013,93.97316560340848,75.2315886984715,50.619070038608626,,42.54077511900112,63.03703749309485,43.333333333333336,23.624276999668904,,155.20950780410354,Value-Add Flip
460,78276,46793,IN,Waterloo,"Auburn, IN",De Kalb County,240941.5802708545,6.509495216699143,90.67966166314902,94.68503937007874,68.56226703738137,,19.76551415644098,63.02650326788559,29.333333333333332,26.248044237422786,,59.21316866404472,Value-Add Flip
461,74537,37880,TN,Ten Mile,"Knoxville, TN",Meigs County,348682.3094947135,-0.24623392534820326,47.00694087592928,66.89439555349696,100.0,59.112312156618046,49.48251051157067,63.02336900339224,49.333333333333336,32.53614792514818,0.9851072443049699,184.46850009671036,Value-Add Flip
462,65162,17747,PA,Loganton,"Lock Haven, PA",Clinton County,230726.6047558341,7.343668968536209,96.07221612855305,60.178323297823056,87.48390410617462,,19.90174545049916,63.017019710671434,54.166666666666664,29.014885142595077,,59.78737527916965,Value-Add Flip
463,82761,56296,MN,Wheaton,,Traverse County,122301.3595972797,15.997134922201498,100.0,,,,52.03748600627064,63.00937150156766,,,,195.23756634306207,Value-Add Flip
464,82715,56236,MN,,,Traverse County,192035.4740974915,9.190690173426791,100.0,,,,52.03748600627064,63.00937150156766,,,,195.23756634306207,Value-Add Flip
465,76620,43310,OH,Belle Center,"Bellefontaine, OH",Logan County,273558.8024161094,6.784607073380874,92.45813487447639,81.25289485873088,83.6830189315296,,13.846989064917498,63.000818999964025,39.0,28.459095781514097,,34.266945530583435,Value-Add Flip
466,76874,43845,OH,West Lafayette,"Coshocton, OH",Coshocton County,165882.73936391887,6.387033729416866,89.88800376378484,93.52709587772117,63.202713034992584,,25.413693885241113,62.99503140091318,30.166666666666668,25.464336506776892,,83.01990254345993,Value-Add Flip
467,79638,49254,MI,Michigan Center,"Jackson, MI",Jackson County,198245.17168418,5.5048443643980285,84.18505016546364,87.73737841593329,84.3666240696784,,17.564801056601144,62.97139438184186,34.333333333333336,28.559056828876933,,49.93729685605614,Value-Add Flip
468,69059,26547,WV,Arthurdale,"Morgantown, WV",Preston County,186023.9245727694,4.10976062413878,75.16646736232477,85.88466882816118,52.56766214963085,,53.114861089988175,62.966564867228584,35.666666666666664,23.909212406720137,,199.7786367653775,Value-Add Flip
469,77444,45107,OH,Blanchester,"Wilmington, OH",Clinton County,258156.56986376765,3.0536284684479678,68.33905261847207,100.0,92.00653265502454,,19.90174545049916,62.96150604824771,23.166666666666668,29.67621236403808,,59.78737527916965,Value-Add Flip
470,80836,52079,IA,Zwingle,"Dubuque, IA",Jackson County,369797.1334528625,6.6075528778319095,91.31355990946048,95.84298286243632,69.284160106544,,17.564801056601144,62.95286969218965,28.5,26.353603987124025,,49.93729685605614,Value-Add Flip
471,85416,62314,IL,Baylis,"Quincy, IL-MO",Pike County,119796.81642477195,12.82286237127998,100.0,,,,51.72278173380417,62.93069543345104,,,,193.9111069835764,Value-Add Flip
472,85435,62345,IL,Kinderhook,,Pike County,108205.23000998562,13.615400054660407,100.0,,,,51.72278173380417,62.93069543345104,,,,193.9111069835764,Value-Add Flip
473,85997,63334,MO,Bowling Green,,Pike County,217100.6530515148,8.608058647178204,100.0,,,,51.72278173380417,62.93069543345104,,,,193.9111069835764,Value-Add Flip
474,85433,62343,IL,Hull,,Pike County,88358.39142901411,12.89021528695573,100.0,,,,51.72278173380417,62.93069543345104,,,,193.9111069835764,Value-Add Flip
475,85445,62356,IL,,,Pike County,89746.60867494419,12.854100792342004,100.0,,,,51.72278173380417,62.93069543345104,,,,193.9111069835764,Value-Add Flip
476,85431,62340,IL,Griggsville,,Pike County,109816.3033602898,8.58082143982626,100.0,,,,51.72278173380417,62.93069543345104,,,,193.9111069835764,Value-Add Flip
477,85452,62363,IL,Pittsfield,,Pike County,134640.37638212275,14.80641760894271,100.0,,,,51.72278173380417,62.93069543345104,,,,193.9111069835764,Value-Add Flip
478,85450,62361,IL,Pearl,"St. Louis, MO-IL",Pike County,122096.9175309897,13.48855085233799,100.0,,,,51.72278173380417,62.93069543345104,,,,193.9111069835764,Value-Add Flip
479,85454,62366,IL,Pleasant Hill,,Pike County,92833.18233566552,8.027661180393896,100.0,,,,51.72278173380417,62.93069543345104,,,,193.9111069835764,Value-Add Flip
480,79652,49269,MI,Parma,"Jackson, MI",Jackson County,248776.2779617456,5.477577901240941,84.00878486422427,87.73737841593329,84.3666240696784,,17.564801056601144,62.92732805653202,34.333333333333336,28.559056828876933,,49.93729685605614,Value-Add Flip
481,63863,15052,PA,Industry,"Pittsburgh, PA",Beaver County,186320.25185584565,5.90058295924047,86.74332045633604,82.87401574803148,81.84528616602078,42.59762097760563,24.185890279194783,62.92210542593242,37.833333333333336,28.19037092594802,0.9912137502361746,77.84478505272443,Value-Add Flip
482,84215,59843,MT,Helmville,,Powell County,358197.0022326396,3.8093870705419324,73.22468875304726,,,,78.43747909081335,62.91554196096515,,,,306.5119308214786,Value-Add Flip
483,87221,66540,KS,Soldier,"Topeka, KS",Jackson County,282928.60688783583,6.675206346105565,91.75090885700978,97.2325150532654,67.47717143595477,,17.564801056601144,62.90923902358349,27.5,26.089374726685726,,49.93729685605614,Value-Add Flip
484,69053,26537,WV,Kingwood,"Morgantown, WV",Preston County,173730.08644911216,4.07231932865341,74.92442639098576,85.88466882816118,52.56766214963085,,53.114861089988175,62.90605462439383,35.666666666666664,23.909212406720137,,199.7786367653775,Value-Add Flip
485,80952,52336,IA,Springville,"Cedar Rapids, IA",Linn County,266349.3457677848,5.247040857490899,82.51846757483759,82.64242704955997,80.96031652921984,41.28808631977306,29.968244427022295,62.9033183117089,38.0,28.060965093776414,0.9916979664451544,102.21705594416537,Value-Add Flip
486,74405,37657,TN,Flag Pond,"Johnson City, TN",Unicoi County,249621.85720122032,4.180143611916284,75.62146141385443,74.30523390458544,100.0,,21.408227449479757,62.90320730152136,44.0,34.38620814854661,,66.13710523924642,Value-Add Flip
487,75105,39039,MS,Benton,"Jackson, MS",Yazoo County,174363.91568056148,4.05284890296503,74.79855893140918,58.55720240852244,57.76438516843895,65.36161760526139,56.223922930985815,62.89632050135411,55.333333333333336,24.6691099657428,0.98279648836201,212.88314324661854,Value-Add Flip
488,85202,61858,IL,Oakwood,"Danville, IL",Vermilion County,160186.37475755336,6.63104405950398,91.46541973044425,100.0,31.96436398046114,,44.5365454393653,62.893364088544615,25.0,20.89646842750398,,163.62155826685301,Value-Add Flip
489,87220,66539,KS,Silver Lake,"Topeka, KS",Shawnee County,268624.3105976198,4.174995945974818,75.58818409135665,97.2325150532654,67.47717143595477,,33.65086684382859,62.890074278977075,27.5,26.089374726685726,,117.73908535272682,Value-Add Flip
490,79691,49323,MI,Dorr,"Holland, MI",Allegan County,367009.88211036654,6.417178242923449,90.0828743534664,89.82167670217693,75.48816844872697,,17.176562487765754,62.88574440537997,32.833333333333336,27.260793148123863,,48.30089491175175,Value-Add Flip
491,85115,61729,IL,Congerville,"Peoria, IL",Woodford County,282436.9588877068,14.376282168374486,100.0,100.0,69.76764918621011,28.232351592901068,18.761247942671567,62.87869456184507,25.166666666666668,26.424302804460005,0.9965254815758762,54.98024768007045,Value-Add Flip
492,85124,61738,IL,Minonk,"Peoria, IL",Woodford County,196560.7548991733,9.5490387842945,100.0,100.0,69.76764918621011,28.232351592901068,18.761247942671567,62.87869456184507,25.166666666666668,26.424302804460005,0.9965254815758762,54.98024768007045,Value-Add Flip
493,85031,61530,IL,Eureka,"Peoria, IL",Woodford County,206351.12012614508,8.866238062285325,100.0,100.0,69.76764918621011,28.232351592901068,18.761247942671567,62.87869456184507,25.166666666666668,26.424302804460005,0.9965254815758762,54.98024768007045,Value-Add Flip
494,85021,61516,IL,Benson,"Peoria, IL",Woodford County,152668.16131346332,14.946886732181412,100.0,100.0,69.76764918621011,28.232351592901068,18.761247942671567,62.87869456184507,25.166666666666668,26.424302804460005,0.9965254815758762,54.98024768007045,Value-Add Flip
495,85048,61548,IL,,"Peoria, IL",Woodford County,281144.2814191006,8.978416677691566,100.0,100.0,69.76764918621011,28.232351592901068,18.761247942671567,62.87869456184507,25.166666666666668,26.424302804460005,0.9965254815758762,54.98024768007045,Value-Add Flip
496,85128,61742,IL,Goodfield,"Peoria, IL",Woodford County,297448.45516003016,10.049264773018516,100.0,100.0,69.76764918621011,28.232351592901068,18.761247942671567,62.87869456184507,25.166666666666668,26.424302804460005,0.9965254815758762,54.98024768007045,Value-Add Flip
497,85149,61771,IL,,"Peoria, IL",Woodford County,216483.23600513744,16.227323691686177,100.0,100.0,69.76764918621011,28.232351592901068,18.761247942671567,62.87869456184507,25.166666666666668,26.424302804460005,0.9965254815758762,54.98024768007045,Value-Add Flip
498,85045,61545,IL,Lowpoint,"Peoria, IL",Woodford County,195566.7137153648,14.172642658163417,100.0,100.0,69.76764918621011,28.232351592901068,18.761247942671567,62.87869456184507,25.166666666666668,26.424302804460005,0.9965254815758762,54.98024768007045,Value-Add Flip
499,85111,61725,IL,Carlock,"Peoria, IL",Woodford County,280190.49759105954,8.150316458066643,100.0,100.0,69.76764918621011,28.232351592901068,18.761247942671567,62.87869456184507,25.166666666666668,26.424302804460005,0.9965254815758762,54.98024768007045,Value-Add Flip
500,85144,61760,IL,Minonk,"Peoria, IL",Woodford County,150713.11162952162,9.034949866035792,100.0,100.0,69.76764918621011,28.232351592901068,18.761247942671567,62.87869456184507,25.166666666666668,26.424302804460005,0.9965254815758762,54.98024768007045,Value-Add Flip
501,70403,29323,SC,Chesnee,"Spartanburg, SC",Spartanburg County,280669.2227860328,5.289266565408037,82.79143759970584,62.262621584066686,100.0,57.374314332003095,16.93868867926183,62.878071957152386,52.666666666666664,31.068293907115454,0.9857498899293652,47.29827128292843,Value-Add Flip
502,93837,81643,CO,Mesa,"Grand Junction, CO",Mesa County,519250.6731259752,6.8967132750888505,93.1828505554583,67.82075034738304,85.42628010041685,,19.221189288475397,62.85937853317425,48.666666666666664,28.71400640541728,,56.918872466363844,Value-Add Flip
503,66090,19934,DE,Camden,"Dover, DE",Kent County,373311.1394727536,4.607486475092641,78.38403894641907,76.15794349235756,100.0,,17.319240564237678,62.84951140151782,42.666666666666664,30.870580184066927,,48.90227432248016,Value-Add Flip
504,90164,73753,OK,,"Enid, OK",Garfield County,178801.15206999073,-0.06805066607534903,48.158814725155544,69.90504863362668,78.58510429268473,,68.21219570926245,62.79553076218545,47.166666666666664,27.71364660591947,,263.412983550921,Value-Add Flip
505,89854,73017,OK,Cement,"Oklahoma City, OK",Caddo County,103218.60702091752,3.7334748122417523,72.73395047870812,59.25196850393699,87.87651021607712,42.96400065271766,46.5685127923751,62.73331323448443,54.833333333333336,29.072294479881773,0.9910782769394055,172.1861770197057,Value-Add Flip
506,82491,55925,MN,Winona,"Winona, MN",Winona County,330996.20576946833,7.823086657601314,99.17143376069295,83.80037054191754,62.32461025686228,,21.59044613659253,62.725447606981454,37.166666666666664,25.3359347899147,,66.90514591787966,Value-Add Flip
507,59489,4427,ME,Corinth,"Bangor, ME",Penobscot County,256859.50730058787,7.907926774265215,99.71988658476441,68.9786938397406,82.22208545078443,,14.009357438376972,62.72353217190333,47.833333333333336,28.245468889741183,,34.95131834500951,Value-Add Flip
508,82621,56098,MN,Winnebago,"Fairmont, MN",Faribault County,167930.68921185864,9.721412624684461,100.0,64.57850856878183,52.681306616495284,,39.883141321303135,62.69382293894211,51.0,23.92583021618471,,144.0077430571138,Value-Add Flip
509,80979,52404,IA,Cedar Rapids,"Cedar Rapids, IA",Linn County,191468.8420395105,5.1032451563405425,81.58889367175496,82.64242704955997,80.96031652921984,41.28808631977306,29.968244427022295,62.67092483593824,38.0,28.060965093776414,0.9916979664451544,102.21705594416537,Value-Add Flip
510,68212,24558,VA,Halifax,,Halifax County,167006.0382272222,6.490819770117405,90.55893338245691,,,,60.09912192355019,62.66451382650178,,,,229.21687120420185,Value-Add Flip
511,75229,39272,MS,Byram,"Jackson, MS",Hinds County,217022.2407621744,5.188557541332339,82.14039949608548,58.55720240852244,57.76438516843895,65.36161760526139,47.9196175762247,62.65570430383291,55.333333333333336,24.6691099657428,0.98279648836201,177.8810014723166,Value-Add Flip
512,82512,55951,MN,Le Roy,"Austin, MN",Mower County,202812.36786818635,5.932167435221165,86.94749974945339,75.46317739694302,72.21425601159228,,30.088389649830322,62.52130016168084,43.166666666666664,26.782061058607347,,102.7234607477677,Value-Add Flip
513,70360,29205,SC,Columbia,"Columbia, SC",Richland County,300374.5587351583,5.38504075627448,83.41057424778414,71.75775822139877,97.13387933647242,45.45370748670096,18.62634266829414,62.51772495252901,45.833333333333336,30.425965278209905,0.9901576778568141,54.41163015721497,Value-Add Flip
514,100393,99723,AK,Barrow,,North Slope Borough,279879.3505776425,10.511838876236771,100.0,,,,,62.5,,,,,Value-Add Flip
515,86759,65281,MO,Salisbury,,Chariton County,173334.36078395523,13.279699352053123,100.0,,,,,62.5,,,,,Value-Add Flip
516,86536,64658,MO,Marceline,,Chariton County,134950.2426625339,8.905732814553732,100.0,,,,,62.5,,,,,Value-Add Flip
517,83037,56732,MN,Karlstad,,Kittson County,162676.8338429265,14.351994532165058,100.0,,,,,62.5,,,,,Value-Add Flip
518,69010,26411,WV,New Milton,"Clarksburg, WV",Doddridge County,161264.26577072436,2.743408354902654,66.33362047094546,84.72672533580361,82.18055090569078,,36.98013157342327,62.473556992600884,36.5,28.239395447050942,,131.77173361061455,Value-Add Flip
519,74826,38457,TN,Five Points,"Lawrenceburg, TN",Lawrence County,225333.79733554675,7.341893050032572,96.06073562196089,31.924502084298254,78.50038968784621,,41.525446619130456,62.385298810486816,74.5,27.701259103026327,,150.92995995732468,Value-Add Flip
520,83034,56728,MN,Hallock,,Kittson County,157686.45821509915,7.864063735221571,99.43633195775764,,,,,62.359082989439415,,,,,Value-Add Flip
521,94053,83210,ID,Aberdeen,"Blackfoot, ID",Bingham County,288208.12414178206,10.381577722318806,100.0,56.47290412227881,82.08144344204534,,19.530374295866448,62.2698178807175,56.833333333333336,28.224903329723826,,58.22206845938999,Value-Add Flip
522,82596,56062,MN,Madelia,"Mankato, MN",Watonwan County,202634.4502945997,6.827141375132915,92.73309981833933,76.15794349235756,70.0690904628509,,24.33868453967391,62.20545570592712,42.666666666666664,26.468381445842077,,78.48880356349895,Value-Add Flip
523,74424,37692,TN,Unicoi,"Johnson City, TN",Unicoi County,296715.29413786327,3.7391008712330613,72.77032039501078,74.30523390458544,100.0,,21.408227449479757,62.190422046810454,44.0,34.38620814854661,,66.13710523924642,Value-Add Flip
524,90477,74630,OK,Billings,"Enid, OK",Noble County,63997.07367921186,11.656962056193622,100.0,69.90504863362668,78.58510429268473,,13.763556126995665,62.14366718532987,47.166666666666664,27.71364660591947,,33.91528077392657,Value-Add Flip
525,82186,55334,MN,Gaylord,"Mankato, MN",Sibley County,244201.7223144103,8.733247058251276,100.0,76.15794349235756,70.0690904628509,,16.767220161022315,62.12931465667939,42.666666666666664,26.468381445842077,,46.57554191197533,Value-Add Flip
526,82526,55967,MN,Racine,"Austin, MN",Mower County,347172.7602533967,5.682624942626653,85.33432086461666,75.46317739694302,72.21425601159228,,30.088389649830322,62.118005440471656,43.166666666666664,26.782061058607347,,102.7234607477677,Value-Add Flip
527,74507,37843,TN,Parrottsville,"Newport, TN",Cocke County,280755.13704234065,5.92366368476991,86.89252686476647,,98.85680080577558,,22.33810639610477,62.07901847637292,,30.677901703178634,,70.05648841848449,Value-Add Flip
528,99906,98603,WA,Cougar,"Longview, WA",Cowlitz County,549267.4523020156,6.155803241305638,88.39320367153101,67.58916164891151,88.7228699229901,,18.270200684294156,62.04879932089104,48.833333333333336,29.196054525012254,,52.91051336499566,Value-Add Flip
529,75650,40360,KY,Owingsville,"Mount Sterling, KY",Bath County,176224.37499391404,6.72937185223059,92.1010642548296,59.25196850393699,77.32192804811699,,28.462304969752335,61.99302319135943,54.833333333333336,27.528937022324502,,95.86961276438663,Value-Add Flip
530,82606,56078,MN,Pemberton,"Mankato, MN",Waseca County,234880.8070242176,11.060813966550201,100.0,76.15794349235756,70.0690904628509,,15.853602324717897,61.90091019760328,42.666666666666664,26.468381445842077,,42.72469832329107,Value-Add Flip
531,90385,74421,OK,,"Tulsa, OK",Okmulgee County,247434.21012596635,1.2746399926798162,56.83870005070189,63.18897637795274,82.66517967613358,39.16604543554387,63.02983020109028,61.85342177019925,52.0,28.31026091714792,0.9924826166154387,241.56962826783334,Value-Add Flip
532,74717,38225,TN,Dresden,"Martin, TN",Weakley County,170482.7235394737,8.59090089518261,100.0,,80.28722448083737,,23.154138807181766,61.845979597962916,,27.962541336590924,,73.49601537766192,Value-Add Flip
533,74718,38226,TN,Dukedom,"Martin, TN",Weakley County,191127.58448617728,12.798759666580237,100.0,,80.28722448083737,,23.154138807181766,61.845979597962916,,27.962541336590924,,73.49601537766192,Value-Add Flip
534,74729,38241,TN,Palmersville,"Martin, TN",Weakley County,191469.20063887304,9.024900564469764,100.0,,80.28722448083737,,23.154138807181766,61.845979597962916,,27.962541336590924,,73.49601537766192,Value-Add Flip
535,86462,64463,MO,King City,"St. Joseph, MO-KS",Gentry County,141224.7119817269,9.155952978983674,100.0,,,,47.361782509518804,61.8404456273797,,,,175.52976060900676,Value-Add Flip
536,75187,39170,MS,Terry,"Jackson, MS",Hinds County,260209.9760994505,4.623052988988496,78.48466938921949,58.55720240852244,57.76438516843895,65.36161760526139,47.9196175762247,61.74177177711641,55.333333333333336,24.6691099657428,0.98279648836201,177.8810014723166,Value-Add Flip
537,75210,39206,MS,Jackson,"Jackson, MS",Hinds County,102102.10173251956,4.605677025969677,78.37234167960088,58.55720240852244,57.76438516843895,65.36161760526139,47.9196175762247,61.71368984971176,55.333333333333336,24.6691099657428,0.98279648836201,177.8810014723166,Value-Add Flip
538,69991,28510,NC,Minnesott Beach,"New Bern, NC",Pamlico County,334980.5074985603,5.489139339318134,84.08352431076325,65.7364520611394,81.07703016850256,,28.374575574345627,61.69039881414864,50.166666666666664,28.07803169695588,,95.49983870085961,Value-Add Flip
539,75775,40744,KY,London,"London, KY",Laurel County,196656.0284690197,8.553879981548514,100.0,43.27234830940249,85.7479249980189,,22.054292113601782,61.6540102744146,66.33333333333333,28.761039347460816,,68.86022848711698,Value-Add Flip
540,75772,40741,KY,London,"London, KY",Laurel County,183489.82789882625,7.90586246197673,99.7065417433273,43.27234830940249,85.7479249980189,,22.054292113601782,61.58064571024643,66.33333333333333,28.761039347460816,,68.86022848711698,Value-Add Flip
541,83381,57638,SD,Lemmon,,Perkins County,117387.3500819414,8.692690865600317,100.0,,,,46.26760759175341,61.56690189793835,,,,170.9178799084071,Value-Add Flip
542,83923,59071,MT,Fishtail,"Billings, MT",Carbon County,485766.23632321256,8.745340489881604,100.0,61.33626679018062,74.43116012856234,,19.915275848797293,61.565491006438876,53.333333333333336,27.106230736493934,,59.8444050847057,Value-Add Flip
543,83889,59029,MT,Fromberg,"Billings, MT",Carbon County,370379.5326205434,9.730946312856029,100.0,61.33626679018062,74.43116012856234,,19.915275848797293,61.565491006438876,53.333333333333336,27.106230736493934,,59.8444050847057,Value-Add Flip
544,94583,84526,UT,Helper,"Price, UT",Carbon County,274426.44365803426,10.334414248006146,100.0,,82.9148619622595,,19.915275848797293,61.56179135465122,,28.34677103305589,,59.8444050847057,Value-Add Flip
545,89911,73082,OK,Rush Springs,"Oklahoma City, OK",Grady County,159727.2621245832,6.871081587675371,93.01715333696754,59.25196850393699,87.87651021607712,42.96400065271766,21.548699650468176,61.54916066357254,54.833333333333336,29.072294479881773,0.9910782769394055,66.72918701903382,Value-Add Flip
546,75658,40374,KY,Sharpsburg,"Mount Sterling, KY",Bath County,173742.7022700506,6.44284041857899,90.24876866459583,59.25196850393699,77.32192804811699,,28.462304969752335,61.52994929380098,54.833333333333336,27.528937022324502,,95.86961276438663,Value-Add Flip
547,90131,73701,OK,Enid,"Enid, OK",Garfield County,76353.14765628536,-0.857685584307933,43.05418359168181,69.90504863362668,78.58510429268473,,68.21219570926245,61.51937297881702,47.166666666666664,27.71364660591947,,263.412983550921,Value-Add Flip
548,84107,59538,MT,Malta,,Phillips County,235723.3061841613,1.08031380243715,55.58246948407201,,,,90.4482799942009,61.50768736956823,,,,357.1367258023441,Value-Add Flip
549,83781,58652,ND,Richardton,"Dickinson, ND",Stark County,240157.2322128364,8.384707818968684,100.0,68.74710514126909,65.13497315695524,,22.47693653134891,61.45829453541864,48.0,25.746883747559608,,70.64164899107529,Value-Add Flip
550,83758,58622,ND,Belfield,"Dickinson, ND",Stark County,242283.13830693523,11.325162199640035,100.0,68.74710514126909,65.13497315695524,,22.47693653134891,61.45829453541864,48.0,25.746883747559608,,70.64164899107529,Value-Add Flip
551,93031,79701,TX,Midland,"Midland, TX",Midland County,212114.7096079198,5.590504318627145,84.73880286706476,72.22093561834181,100.0,,7.754742832507954,61.456526767644455,45.5,33.22583030941546,,8.588498358780251,Value-Add Flip
552,75692,40464,KY,Parksville,"Danville, KY",Boyle County,191460.16173824505,10.2713060006275,100.0,59.715145900880024,84.33976353641187,,12.512923048269334,61.453455354481704,54.5,28.555129112585455,,28.643938444960625,Value-Add Flip
553,92935,79373,TX,Tahoka,"Lubbock, TX",Lynn County,157013.96541518767,3.862906980691843,73.57067066608558,44.430291801760056,72.67035781589684,62.315903716465144,,61.43866855743454,65.5,26.848755136106277,0.9839226777484832,,Value-Add Flip
554,83754,58601,ND,Dickinson,"Dickinson, ND",Stark County,316253.89112826245,7.920785509722711,99.80301246969913,68.74710514126909,65.13497315695524,,22.47693653134891,61.40904765284342,48.0,25.746883747559608,,70.64164899107529,Value-Add Flip
555,86424,64402,MO,Albany,,Gentry County,109498.31411028928,7.6806263780857265,98.25049275199704,,,,47.361782509518804,61.403068815378965,,,,175.52976060900676,Value-Add Flip
556,75629,40322,KY,Frenchburg,"Mount Sterling, KY",Menifee County,143916.89626818497,14.1809597048767,100.0,59.25196850393699,77.32192804811699,,18.173295281148157,61.39550470550098,54.833333333333336,27.528937022324502,,52.502062987184416,Value-Add Flip
557,90299,74108,OK,Tulsa,"Tulsa, OK",Tulsa County,174328.87228824795,7.445244597930895,96.72885644199167,63.18897637795274,82.66517967613358,39.16604543554387,21.044631961713556,61.32966130817751,52.0,28.31026091714792,0.9924826166154387,64.6045723821794,Value-Add Flip
558,75764,40701,KY,Corbin,"London, KY",Whitley County,177221.82355170336,4.144097338596502,75.3884386272663,43.27234830940249,85.7479249980189,,45.330893817017305,61.32027035708506,66.33333333333333,28.761039347460816,,166.9696883445628,Value-Add Flip
559,93812,81527,CO,Whitewater,"Grand Junction, CO",Mesa County,544057.1535225558,5.922132794543536,86.88263035470716,67.82075034738304,85.42628010041685,,19.221189288475397,61.284323482986466,48.666666666666664,28.71400640541728,,56.918872466363844,Value-Add Flip
560,66104,19953,DE,Hartly,"Dover, DE",Kent County,361347.2738394404,3.6288772522494206,72.05777475636629,76.15794349235756,100.0,,17.319240564237678,61.267945354004624,42.666666666666664,30.870580184066927,,48.90227432248016,Value-Add Flip
561,69044,26519,WV,Albright,"Morgantown, WV",Preston County,158158.050516253,3.0469906606293136,68.29614220548659,85.88466882816118,52.56766214963085,,53.114861089988175,61.24898357801904,35.666666666666664,23.909212406720137,,199.7786367653775,Value-Add Flip
562,76360,42436,KY,Manitou,"Madisonville, KY",Hopkins County,233628.29027028903,4.039343736131105,74.71125416120283,47.67253358036127,59.52487041602649,,63.88676567815045,61.20535908009781,63.166666666666664,24.926539202878473,,245.18155916128154,Value-Add Flip
563,69985,28501,NC,Kinston,"Kinston, NC",Lenoir County,90194.51653495448,3.3082740595775624,69.9852207177646,70.36822603056969,70.25611452353921,,46.34406802400114,61.188778994734726,46.833333333333336,26.4957292815226,,171.240155977907,Value-Add Flip
564,70402,29322,SC,Campobello,"Spartanburg, SC",Spartanburg County,367144.7665675853,4.243066855299488,76.02823160571978,62.262621584066686,100.0,57.374314332003095,16.93868867926183,61.187270458655874,52.666666666666664,31.068293907115454,0.9857498899293652,47.29827128292843,Value-Add Flip
565,74845,38483,TN,Summertown,"Lawrenceburg, TN",Lawrence County,291188.67230448424,6.5854193311363165,91.17047658202935,31.924502084298254,78.50038968784621,,41.525446619130456,61.162734050503936,74.5,27.701259103026327,,150.92995995732468,Value-Add Flip
566,74428,37705,TN,Andersonville,"Knoxville, TN",Anderson County,404856.4654004529,3.699269267859372,72.51282716873274,66.89439555349696,100.0,59.112312156618046,16.47177628687434,61.147157020419016,49.333333333333336,32.53614792514818,0.9851072443049699,45.3302639594555,Value-Add Flip
567,100282,99587,AK,Anchorage,"Anchorage, AK",Anchorage Borough,686134.2904224767,23.92212367518034,100.0,96.30616025937934,72.77623623681933,19.310577888761486,16.906296235464914,61.12433202845122,28.166666666666668,26.864237345437232,0.9998244148378213,47.16173910332287,Value-Add Flip
568,86013,63353,MO,Louisiana,,Pike County,142111.2061712406,6.805526683936396,92.59337065607136,,,,51.72278173380417,61.07903809746888,,,,193.9111069835764,Value-Add Flip
569,93808,81523,CO,Glade Park,"Grand Junction, CO",Mesa County,591818.7532409296,5.787001563745935,86.00906831748367,67.82075034738304,85.42628010041685,,19.221189288475397,61.06593297368059,48.666666666666664,28.71400640541728,,56.918872466363844,Value-Add Flip
570,83785,58656,ND,Taylor,"Dickinson, ND",Stark County,255326.39290466745,7.679776812968384,98.24500069934363,68.74710514126909,65.13497315695524,,22.47693653134891,61.01954471025455,48.0,25.746883747559608,,70.64164899107529,Value-Add Flip
571,73738,36083,AL,Tuskegee,,Macon County,113785.52452843438,4.107088743444679,75.1491948670727,,,,68.9185652451205,61.0169400280483,,,,266.39028816375975,Value-Add Flip
572,70433,29374,SC,Pauline,"Spartanburg, SC",Spartanburg County,315889.6973595777,4.087926706107255,75.0253209981304,62.262621584066686,100.0,57.374314332003095,16.93868867926183,60.936542806758524,52.666666666666664,31.068293907115454,0.9857498899293652,47.29827128292843,Value-Add Flip
573,69027,26440,WV,Grafton,"Clarksburg, WV",Taylor County,174653.336174638,4.361744048056133,76.79542575961406,84.72672533580361,82.18055090569078,,20.366061503440722,60.935490797272394,36.5,28.239395447050942,,61.7444391898587,Value-Add Flip
574,70038,28572,NC,Pink Hill,"Kinston, NC",Lenoir County,162234.1467320474,3.14639332430418,68.93873528239949,70.36822603056969,70.25611452353921,,46.34406802400114,60.92715763589345,46.833333333333336,26.4957292815226,,171.240155977907,Value-Add Flip
575,69851,28318,NC,Autryville,"Fayetteville, NC",Sampson County,188397.5731633126,2.300004753058363,63.46721755688122,68.05233904585455,92.55905841213871,23.71822845721242,51.06928483118169,60.91152240490352,48.5,29.757006159013994,0.9981946329637812,191.15665730265937,Value-Add Flip
576,95249,87013,NM,Cuba,"Albuquerque, NM",Sandoval County,214777.899283105,5.480674568980502,84.02880341480808,78.47383047707271,100.0,37.57870140352734,9.734923648659153,60.848811547956814,41.0,31.283354714289107,0.9930695561858673,16.934840009853964,Value-Add Flip
577,66092,19938,DE,Clayton,"Dover, DE",Kent County,413996.3939446125,3.3621225457562436,70.33332672560603,76.15794349235756,100.0,,17.319240564237678,60.836833346314556,42.666666666666664,30.870580184066927,,48.90227432248016,Value-Add Flip
578,89909,73079,OK,Pocasset,"Oklahoma City, OK",Grady County,275841.6226295548,6.415650339481462,90.07299715161167,59.25196850393699,87.87651021607712,42.96400065271766,21.548699650468176,60.813121617233584,54.833333333333336,29.072294479881773,0.9910782769394055,66.72918701903382,Value-Add Flip
579,83921,59069,MT,Reed Point,"Billings, MT",Sweet Grass County,446380.3618672602,7.116503926597925,94.60369729948393,61.33626679018062,74.43116012856234,,22.16829641559686,60.77967047300976,53.333333333333336,27.106230736493934,,69.34074968315225,Value-Add Flip
580,88881,71047,LA,Keithville,"Shreveport-Bossier City, LA",Caddo Parish,213405.2137614944,5.133562711403843,81.7848828965138,,,,61.26648610551445,60.76284225050706,,,,234.13724020001777,Value-Add Flip
581,66105,19954,DE,Houston,"Dover, DE",Kent County,335362.3762648809,3.302666013225252,69.9489672449926,76.15794349235756,100.0,,17.319240564237678,60.74074347616121,42.666666666666664,30.870580184066927,,48.90227432248016,Value-Add Flip
582,85998,63336,MO,Clarksville,,Pike County,214011.26115444585,6.5788817237758135,91.12821391949977,,,,51.72278173380417,60.71274891332599,,,,193.9111069835764,Value-Add Flip
583,86000,63339,MO,Curryville,,Pike County,330702.56171859585,6.508948887516184,90.67612989309673,,,,51.72278173380417,60.59972790672523,,,,193.9111069835764,Value-Add Flip
584,76356,42413,KY,Manitou,"Madisonville, KY",Hopkins County,248561.7361665261,3.6616883395861404,72.26988353483448,47.67253358036127,59.52487041602649,,63.88676567815045,60.59501642350572,63.166666666666664,24.926539202878473,,245.18155916128154,Value-Add Flip
585,84160,59731,MT,Avon,,Powell County,375684.18886263686,2.2939939404764975,63.428360383351524,,,,78.43747909081335,60.46645986854122,,,,306.5119308214786,Value-Add Flip
586,69892,28366,NC,Newton Grove,"Raleigh-Cary, NC",Sampson County,154776.59684375586,6.515808267584681,90.72047267005036,,,,51.06928483118169,60.44743937530801,,,,191.15665730265937,Value-Add Flip
587,94582,84525,UT,Elmo,"Price, UT",Emery County,248984.13052513893,10.409267941708645,100.0,,82.9148619622595,,15.456376736001076,60.44706657645217,,28.34677103305589,,41.05041663702392,Value-Add Flip
588,95259,87024,NM,Jemez Pueblo,"Albuquerque, NM",Sandoval County,340436.00901823695,5.183043212271788,82.10475186304296,78.47383047707271,100.0,37.57870140352734,9.734923648659153,60.36779866001554,41.0,31.283354714289107,0.9930695561858673,16.934840009853964,Value-Add Flip
589,84153,59722,MT,Deer Lodge,"Helena, MT",Powell County,276364.6188861715,3.5720702369371042,71.69054320129268,,38.96614651626026,,78.43747909081335,60.325234876278564,,21.92031315397962,,306.5119308214786,Value-Add Flip
590,60426,6757,CT,Kent,"Torrington, CT",Litchfield County,543743.2983275965,8.471186817680291,100.0,86.81102362204724,43.06608705842157,,24.608047536378823,60.28688283908611,35.0,22.51983227378851,,79.62415220455182,Value-Add Flip
591,60447,6794,CT,Washington,"Torrington, CT",Litchfield County,855697.8578494835,9.733566827574949,100.0,86.81102362204724,43.06608705842157,,24.608047536378823,60.28688283908611,35.0,22.51983227378851,,79.62415220455182,Value-Add Flip
592,60434,6778,CT,Litchfield,"Torrington, CT",Litchfield County,418832.7284462362,10.135902211358356,100.0,86.81102362204724,43.06608705842157,,24.608047536378823,60.28688283908611,35.0,22.51983227378851,,79.62415220455182,Value-Add Flip
593,60428,6759,CT,Litchfield,"Torrington, CT",Litchfield County,535918.8022404663,9.056058141013915,100.0,86.81102362204724,43.06608705842157,,24.608047536378823,60.28688283908611,35.0,22.51983227378851,,79.62415220455182,Value-Add Flip
594,60126,6069,CT,Sharon,"Torrington, CT",Litchfield County,669836.8727169958,10.990596347953618,100.0,86.81102362204724,43.06608705842157,,24.608047536378823,60.28688283908611,35.0,22.51983227378851,,79.62415220455182,Value-Add Flip
595,60433,6777,CT,New Preston,"Torrington, CT",Litchfield County,705322.3422157312,9.395984616447592,100.0,86.81102362204724,43.06608705842157,,24.608047536378823,60.28688283908611,35.0,22.51983227378851,,79.62415220455182,Value-Add Flip
596,60440,6785,CT,Kent,"Torrington, CT",Litchfield County,811106.097134985,9.62167541629457,100.0,86.81102362204724,43.06608705842157,,24.608047536378823,60.28688283908611,35.0,22.51983227378851,,79.62415220455182,Value-Add Flip
597,94090,83262,ID,Pingree,"Blackfoot, ID",Bingham County,424481.9445751876,6.7191221078019465,92.03480431202247,56.47290412227881,82.08144344204534,,19.530374295866448,60.27851895872312,56.833333333333336,28.224903329723826,,58.22206845938999,Value-Add Flip
598,83414,57730,SD,Custer,"Rapid City, SD",Custer County,469955.6840930361,2.4546979144927867,64.46723859161597,67.1259842519685,86.68513563424995,,36.89267049726797,60.24590203686625,49.166666666666664,28.8980841874849,,131.4030904964056,Value-Add Flip
599,89847,73009,OK,,,Caddo County,125588.39206541404,7.079765830026126,94.36620218976319,,,,46.5685127923751,60.233678745534576,,,,172.1861770197057,Value-Add Flip
600,75680,40437,KY,Hustonville,"Danville, KY",Casey County,190744.9195401372,4.754410148328073,79.3338337684624,59.715145900880024,84.33976353641187,,28.299709336463447,60.233610368645834,54.5,28.555129112585455,,95.18428206360778,Value-Add Flip
601,69917,28393,NC,Turkey,,Sampson County,118995.13717870628,6.375663201112827,89.81449846222756,,,,51.06928483118169,60.22094582335231,,,,191.15665730265937,Value-Add Flip
602,68223,24577,VA,Nathalie,,Halifax County,130457.56762751436,4.977670022675594,80.77710746259011,,,,60.09912192355019,60.219057346535074,,,,229.21687120420185,Value-Add Flip
603,93811,81526,CO,Palisade,"Grand Junction, CO",Mesa County,552407.6534725433,5.260718132317753,82.60688494505534,67.82075034738304,85.42628010041685,,19.221189288475397,60.21538713057351,48.666666666666664,28.71400640541728,,56.918872466363844,Value-Add Flip
604,66123,19979,DE,Viola,"Dover, DE",Kent County,337871.09253841056,2.9597756799340242,67.73233696399731,76.15794349235756,100.0,,17.319240564237678,60.18658590591238,42.666666666666664,30.870580184066927,,48.90227432248016,Value-Add Flip
605,76380,42464,KY,White Plains,"Madisonville, KY",Hopkins County,160958.75865021945,3.3901545626796663,70.51454098426831,47.67253358036127,59.52487041602649,,63.88676567815045,60.15618078586418,63.166666666666664,24.926539202878473,,245.18155916128154,Value-Add Flip
606,68152,24459,VA,Rockbridge Baths,"Staunton, VA",Rockbridge County,400727.18600123655,5.689507096933964,85.37881086668128,88.43214451134784,59.61164225106778,,24.37772535815811,60.12628418312558,33.833333333333336,24.939227526924444,,78.6533582378746,Value-Add Flip
607,69165,27007,NC,Ararat,"Mount Airy, NC",Surry County,255718.8724953612,9.319074279318922,100.0,44.430291801760056,71.31109577856638,,26.673972122235178,60.09525595653608,65.5,26.649995282925477,,88.33189862764085,Value-Add Flip
608,83733,58558,ND,Menoken,"Bismarck, ND",Burleigh County,367134.6152791148,7.428331579929845,96.61952146166631,81.25289485873088,57.63484272741053,,18.705670334835624,60.04620072341722,39.0,24.65016745440035,,54.74599144479907,Value-Add Flip
609,94159,83431,ID,Lewisville,"Idaho Falls, ID",Jefferson County,381468.74822302297,4.467255749338108,77.47751099023594,61.33626679018062,100.0,,15.807864769128013,60.021783958368076,53.333333333333336,31.866335061146362,,42.531917309494496,Value-Add Flip
610,66081,19901,DE,Dover,"Dover, DE",Kent County,324705.04468035226,2.8445831151160847,66.98766934718209,76.15794349235756,100.0,,17.319240564237678,60.00041900170857,42.666666666666664,30.870580184066927,,48.90227432248016,Value-Add Flip
611,89840,73002,OK,,"Oklahoma City, OK",Grady County,166446.58937595785,5.889471374543192,86.67148910759717,59.25196850393699,87.87651021607712,42.96400065271766,21.548699650468176,59.962744606229954,54.833333333333336,29.072294479881773,0.9910782769394055,66.72918701903382,Value-Add Flip
612,98488,95936,CA,,,Sierra County,304792.83973179245,6.956198903405435,93.56739812711172,,,,46.26757488589096,59.95874325325067,,,,170.9177420551869,Value-Add Flip
613,90405,74445,OK,Morris,"Tulsa, OK",Okmulgee County,193815.12299480863,0.08719353400847794,49.162397974504344,63.18897637795274,82.66517967613358,39.16604543554387,63.02983020109028,59.93434625114986,52.0,28.31026091714792,0.9924826166154387,241.56962826783334,Value-Add Flip
614,94161,83434,ID,Menan,"Idaho Falls, ID",Jefferson County,408565.7251726464,4.406509207765804,77.08481218702839,61.33626679018062,100.0,,15.807864769128013,59.92360925756619,53.333333333333336,31.866335061146362,,42.531917309494496,Value-Add Flip
615,68993,26354,WV,Grafton,"Clarksburg, WV",Taylor County,158503.00667271705,3.7348121134989505,72.7425955240002,84.72672533580361,82.18055090569078,,20.366061503440722,59.922283238368934,36.5,28.239395447050942,,61.7444391898587,Value-Add Flip
616,66103,19952,DE,,"Dover, DE",Kent County,335657.66647593555,2.7894899100219184,66.63151679684147,76.15794349235756,100.0,,17.319240564237678,59.91138086412342,42.666666666666664,30.870580184066927,,48.90227432248016,Value-Add Flip
617,67978,24090,VA,Fincastle,"Roanoke, VA",Botetourt County,318568.6051697707,0.7717218038759089,53.58756236050859,78.2422417786012,100.0,34.52937323412631,38.3590242737605,59.9023889104764,41.166666666666664,33.11355642455492,0.9941970819961169,137.5836824403962,Value-Add Flip
618,83452,57790,SD,Wall,"Rapid City, SD",Pennington County,306799.0957873908,5.433424098636183,83.72335058284524,67.1259842519685,86.68513563424995,,16.210858117436672,59.88947693971575,49.166666666666664,28.8980841874849,,44.23050975148763,Value-Add Flip
619,67921,24018,VA,Roanoke,"Roanoke, VA",Roanoke County,366976.1058724541,4.584081279663456,78.23273498744486,78.2422417786012,100.0,34.52937323412631,13.632858542625156,59.88214063442663,41.166666666666664,33.11355642455492,0.9941970819961169,33.36439840842292,Value-Add Flip
620,83314,57469,SD,Redfield,,Spink County,157202.09547062035,11.734672702714857,100.0,,,,39.31900371837075,59.82975092959269,,,,141.62993738710276,Value-Add Flip
621,83321,57476,SD,Tulare,,Spink County,222878.1415670401,11.447574727345298,100.0,,,,39.31900371837075,59.82975092959269,,,,141.62993738710276,Value-Add Flip
622,83310,57465,SD,,,Spink County,232588.35326664787,8.583255838936681,100.0,,,,39.31900371837075,59.82975092959269,,,,141.62993738710276,Value-Add Flip
623,83365,57580,SD,Winner,,Tripp County,232723.5594043236,6.226346773378568,88.84923556901938,,,,,59.712308892254846,,,,,Value-Add Flip
624,88570,70390,LA,Napoleonville,"Baton Rouge, LA",Assumption Parish,162004.01659663967,8.134596113145767,100.0,42.345993515516426,71.5654368605229,49.340793368392774,26.124639489163197,59.59726527698175,67.0,26.68718663729215,0.9887203810442755,86.01649500474635,Value-Add Flip
625,69988,28504,NC,Kinston,"Kinston, NC",Lenoir County,184312.36853572563,2.2837392522446787,63.3620684811021,70.36822603056969,70.25611452353921,,46.34406802400114,59.5329909355691,46.833333333333336,26.4957292815226,,171.240155977907,Value-Add Flip
626,88542,70339,LA,Pierre Part,"Baton Rouge, LA",Assumption Parish,199615.6917478676,7.89428164884577,99.6316770458649,42.345993515516426,71.5654368605229,49.340793368392774,26.124639489163197,59.505184538447985,67.0,26.68718663729215,0.9887203810442755,86.01649500474635,Value-Add Flip
627,75173,39154,MS,,"Jackson, MS",Hinds County,248644.4166690717,3.201953262201429,69.29790504834521,58.55720240852244,57.76438516843895,65.36161760526139,47.9196175762247,59.44508069189784,55.333333333333336,24.6691099657428,0.98279648836201,177.8810014723166,Value-Add Flip
628,100326,99645,AK,Palmer,"Anchorage, AK",Matanuska Susitna Borough,421505.503970604,8.03463507313615,100.0,96.30616025937934,72.77623623681933,19.310577888761486,10.164346165579314,59.43884451097982,28.166666666666668,26.864237345437232,0.9998244148378213,18.744829789396388,Value-Add Flip
629,67475,23002,VA,Amelia Court House,"Richmond, VA",Amelia County,323706.3146349751,6.283746106291087,89.22029618837712,98.15886984715146,74.41305492546597,19.34317233370419,18.316970199300226,59.39223390914087,26.833333333333332,27.10358327970458,0.9998123626493056,53.107644024939326,Value-Add Flip
630,93932,82441,WY,,,Big Horn County,421284.85964538186,8.834228419726891,100.0,,,,37.52132843424491,59.38033210856123,,,,134.052845448515,Value-Add Flip
631,93916,82411,WY,Burlington,,Big Horn County,384988.6133723308,9.075854476221574,100.0,,,,37.52132843424491,59.38033210856123,,,,134.052845448515,Value-Add Flip
632,93927,82432,WY,Manderson,,Big Horn County,387273.0366556464,9.386701216095908,100.0,,,,37.52132843424491,59.38033210856123,,,,134.052845448515,Value-Add Flip
633,93919,82420,WY,Cowley,,Big Horn County,335223.1018151544,11.407003618322374,100.0,,,,37.52132843424491,59.38033210856123,,,,134.052845448515,Value-Add Flip
634,99434,97830,OR,Fossil,,Wheeler County,233456.95694851715,3.6346153744955068,72.09486911071755,,,,65.4168140163553,59.37792078176821,,,,251.63061980723631,Value-Add Flip
635,92827,79096,TX,Wheeler,,Wheeler County,117909.50223763456,3.632419034023332,72.08067076703354,,,,65.4168140163553,59.37437119584722,,,,251.63061980723631,Value-Add Flip
636,69117,26705,WV,Rowlesburg,"Morgantown, WV",Preston County,129876.39308463129,1.8680392669449832,60.674756866394134,85.88466882816118,52.56766214963085,,53.114861089988175,59.34363724324593,35.666666666666664,23.909212406720137,,199.7786367653775,Value-Add Flip
637,93810,81525,CO,Mack,"Grand Junction, CO",Mesa County,469321.2696011995,4.717365090511219,79.0943542936989,67.82075034738304,85.42628010041685,,19.221189288475397,59.3372544677344,48.666666666666664,28.71400640541728,,56.918872466363844,Value-Add Flip
638,93809,81524,CO,Loma,"Grand Junction, CO",Mesa County,622381.6137004722,4.7152007743476165,79.08036297262593,67.82075034738304,85.42628010041685,,19.221189288475397,59.33375663746616,48.666666666666664,28.71400640541728,,56.918872466363844,Value-Add Flip
639,71394,31041,GA,Oglethorpe,,Macon County,79384.76281095552,3.053551603370576,68.33855572065502,,,,68.9185652451205,59.31428024144388,,,,266.39028816375975,Value-Add Flip
640,94097,83278,ID,Stanley,,Custer County,674973.4736262216,21.38506725277906,100.0,,,,36.89267049726797,59.22316762431699,,,,131.4030904964056,Value-Add Flip
641,69858,28328,NC,Clinton,,Sampson County,148845.70781914602,5.700376386265328,85.449075885918,,,,51.06928483118169,59.12959017927493,,,,191.15665730265937,Value-Add Flip
642,67918,24015,VA,Roanoke,"Roanoke, VA",Roanoke City,297153.1196802128,4.048000113144874,74.76721370730101,78.2422417786012,100.0,34.52937323412631,13.99874261317665,59.10723133202855,41.166666666666664,33.11355642455492,0.9941970819961169,34.90657750267547,Value-Add Flip
643,83813,58746,ND,Kenmare,"Minot, ND",Ward County,235902.6869746678,5.809095431924353,86.15189514132125,87.04261232051874,65.74153470118665,,15.37329969498778,59.085997497392405,34.833333333333336,25.835578995543823,,40.700251964181106,Value-Add Flip
644,83751,58579,ND,Wilton,"Bismarck, ND",McLean County,237895.32180833435,7.791169583926615,98.9651043745332,81.25289485873088,57.63484272741053,,12.472268049563779,59.074245880315985,39.0,24.65016745440035,,28.472580099170745,Value-Add Flip
645,67455,22952,VA,Lyndhurst,"Staunton, VA",Augusta County,325644.0291483682,6.521033660297382,90.75425246082452,88.43214451134784,59.61164225106778,,14.7420538623239,59.061226707702836,33.833333333333336,24.939227526924444,,38.03958918921815,Value-Add Flip
646,73740,36088,AL,Tuskegee,,Macon County,92836.00085635636,2.8834401965596346,67.23886273176116,,,,68.9185652451205,59.03935699422042,,,,266.39028816375975,Value-Add Flip
647,70206,28763,NC,Otto,,Macon County,301255.3439319677,2.8764353073232067,67.1935793041199,,,,68.9185652451205,59.0280361373101,,,,266.39028816375975,Value-Add Flip
648,60419,6750,CT,Litchfield,"Torrington, CT",Litchfield County,423786.0160226847,7.1668346876788664,94.92906281214418,86.81102362204724,43.06608705842157,,24.608047536378823,59.01914854212215,35.0,22.51983227378851,,79.62415220455182,Value-Add Flip
649,59128,3450,NH,Harrisville,"Keene, NH",Cheshire County,514250.8430746971,10.36797046763375,100.0,99.77999073645206,39.27562170496323,,14.735733533261056,59.00605633477572,25.666666666666668,21.965566564565933,,38.01294938679433,Value-Add Flip
650,59172,3609,NH,Walpole,"Keene, NH",Cheshire County,282732.05473675183,8.914391326434446,100.0,99.77999073645206,39.27562170496323,,14.735733533261056,59.00605633477572,25.666666666666668,21.965566564565933,,38.01294938679433,Value-Add Flip
651,94169,83444,ID,Roberts,"Idaho Falls, ID",Jefferson County,394726.717506004,3.828303387729969,73.34697415281764,61.33626679018062,100.0,,15.807864769128013,58.98914974901351,53.333333333333336,31.866335061146362,,42.531917309494496,Value-Add Flip
652,70298,29078,SC,Lugoff,"Columbia, SC",Kershaw County,255212.70889511533,2.8684456927119477,67.14193007414363,71.75775822139877,97.13387933647242,45.45370748670096,20.730955718518164,58.97671717167489,45.833333333333336,30.425965278209905,0.9901576778568141,63.28244610351833,Value-Add Flip
653,71436,31090,GA,Toomsboro,,Wilkinson County,139235.33479669047,10.930276894337796,100.0,,,,35.796246755022004,58.9490616887555,,,,126.78173113745561,Value-Add Flip
654,59501,4448,ME,Howland,"Bangor, ME",Penobscot County,184312.5974710544,5.56969275134434,84.60426553616004,68.9786938397406,82.22208545078443,,14.009357438376972,58.94462690975223,47.833333333333336,28.245468889741183,,34.95131834500951,Value-Add Flip
655,91388,76429,TX,Breckenridge,,Stephens County,422139.5467490698,4.323954676588478,76.5511346351284,,,,59.04533691726107,58.899117888097365,,,,224.77523152285048,Value-Add Flip
656,59082,3258,NH,Chichester,"Concord, NH",Merrimack County,540061.8993224147,6.928165652378183,93.38617589052866,100.0,48.88225762495529,,13.10079847833287,58.89819511720644,22.5,23.370309353358184,,31.121797611942632,Value-Add Flip
657,75215,39211,MS,Jackson,"Jackson, MS",Hinds County,202553.03929244567,2.862566550152612,67.10392408751161,58.55720240852244,57.76438516843895,65.36161760526139,47.9196175762247,58.89658545168945,55.333333333333336,24.6691099657428,0.98279648836201,177.8810014723166,Value-Add Flip
658,83784,58655,ND,South Heart,"Dickinson, ND",Stark County,330585.3552000634,6.3446735840875315,89.61416466210152,68.74710514126909,65.13497315695524,,22.47693653134891,58.86183570094402,48.0,25.746883747559608,,70.64164899107529,Value-Add Flip
659,69008,26408,WV,Mount Clare,"Clarksburg, WV",Harrison County,197394.85678704263,3.735242172205681,72.74537565822793,84.72672533580361,82.18055090569078,,15.950583292122378,58.81910871909628,36.5,28.239395447050942,,43.133467199853925,Value-Add Flip
660,93033,79703,TX,Midland,"Midland, TX",Midland County,233961.42436375268,3.938035636375201,74.0563433053803,72.22093561834181,100.0,,7.754742832507954,58.785911877223334,45.5,33.22583030941546,,8.588498358780251,Value-Add Flip
661,399729,81507,CO,Grand Junction,"Grand Junction, CO",Mesa County,613224.5424926081,4.375524417554861,76.88450959006502,67.82075034738304,85.42628010041685,,19.221189288475397,58.78479329182593,48.666666666666664,28.71400640541728,,56.918872466363844,Value-Add Flip
662,70356,29201,SC,Columbia,"Columbia, SC",Richland County,235797.8729621429,3.071519429398386,68.45470955583204,71.75775822139877,97.13387933647242,45.45370748670096,18.62634266829414,58.77875877954099,45.833333333333336,30.425965278209905,0.9901576778568141,54.41163015721497,Value-Add Flip
663,94436,84071,UT,,"Salt Lake City, UT",Tooele County,611854.6574730325,4.683961636120575,78.87841613125073,74.99999999999999,100.0,27.053600054379572,14.878868895201428,58.74736126476998,43.5,35.336829323051596,0.9969613391516173,38.61625622794757,Value-Add Flip
664,69029,26444,WV,Rowlesburg,"Morgantown, WV",Preston County,110397.35512737832,1.4978339692563245,58.2815477456675,85.88466882816118,52.56766214963085,,53.114861089988175,58.745334963064266,35.666666666666664,23.909212406720137,,199.7786367653775,Value-Add Flip
665,62901,13026,NY,Aurora,"Auburn, NY",Cayuga County,326499.4856179395,5.505535880016125,84.18952049988263,89.3584993052339,58.890561908748104,,20.029967125310982,58.73675918383311,33.166666666666664,24.83378661925921,,60.327821836536266,Value-Add Flip
666,66111,19962,DE,Magnolia,"Dover, DE",Kent County,412995.4061920286,2.037413958220698,61.76968732393229,76.15794349235756,100.0,,17.319240564237678,58.695923495896125,42.666666666666664,30.870580184066927,,48.90227432248016,Value-Add Flip
667,63554,14482,NY,Le Roy,"Batavia, NY",Genesee County,220294.50668442223,5.789322778747982,86.02407391829149,100.0,5.163896366842736,,54.56907869249058,58.68106742606406,23.0,16.977535313973238,,205.9080754744553,Value-Add Flip
668,95239,87002,NM,Belen,"Albuquerque, NM",Valencia County,259945.67789763995,2.5179998722668175,64.87645700002477,78.47383047707271,100.0,37.57870140352734,20.19243426842624,58.675102599202766,41.0,31.283354714289107,0.9930695561858673,61.012610959051585,Value-Add Flip
669,70004,28525,NC,Deep Run,"Kinston, NC",Lenoir County,142894.02539507995,1.7249807568520594,59.749948568702294,70.36822603056969,70.25611452353921,,46.34406802400114,58.62996095746915,46.833333333333336,26.4957292815226,,171.240155977907,Value-Add Flip
670,66084,19904,DE,Dover,"Dover, DE",Kent County,332820.19081635354,1.9880731781525804,61.45072158891979,76.15794349235756,100.0,,17.319240564237678,58.616182062143004,42.666666666666664,30.870580184066927,,48.90227432248016,Value-Add Flip
671,93915,82410,WY,Basin,,Big Horn County,244873.76991153872,7.4586278944222855,96.815373375781,,,,37.52132843424491,58.58417545250648,,,,134.052845448515,Value-Add Flip
672,83087,57029,SD,Freeman,"Sioux Falls, SD",Hutchinson County,241069.56892678875,5.429812412994661,83.70000267542078,42.345993515516426,75.99446826451538,,34.387200328163445,58.57259343112659,67.0,27.33482749491487,,120.84268618516462,Value-Add Flip
673,68167,24482,VA,Verona,"Staunton, VA",Augusta County,298646.22846452263,6.214017245611116,88.76953077146099,88.43214451134784,59.61164225106778,,14.7420538623239,58.56504628536195,33.833333333333336,24.939227526924444,,38.03958918921815,Value-Add Flip
674,67564,23148,VA,Aylett,"Richmond, VA",King and Queen County,278970.7998373053,5.51891903325845,84.27603650763179,98.15886984715146,74.41305492546597,19.34317233370419,19.86749558252138,58.54380033475983,26.833333333333332,27.10358327970458,0.9998123626493056,59.6430141696613,Value-Add Flip
675,66096,19943,DE,Felton,"Dover, DE",Kent County,381291.76893557375,1.932177110680902,61.08937889792871,76.15794349235756,100.0,,17.319240564237678,58.525846389395234,42.666666666666664,30.870580184066927,,48.90227432248016,Value-Add Flip
676,68157,24467,VA,Mount Sidney,"Staunton, VA",Augusta County,392367.5451638582,6.154221677973211,88.38297958285428,88.43214451134784,59.61164225106778,,14.7420538623239,58.46840848821028,33.833333333333336,24.939227526924444,,38.03958918921815,Value-Add Flip
677,60444,6791,CT,Harwinton,"Torrington, CT",Litchfield County,425907.6936424325,6.824051644400668,92.71312611235734,86.81102362204724,43.06608705842157,,24.608047536378823,58.46516436717545,35.0,22.51983227378851,,79.62415220455182,Value-Add Flip
678,68033,24179,VA,Vinton,"Roanoke, VA",Roanoke County,276087.15961124655,3.706837020642554,72.56174925357915,78.2422417786012,100.0,34.52937323412631,13.632858542625156,58.4643942009602,41.166666666666664,33.11355642455492,0.9941970819961169,33.36439840842292,Value-Add Flip
679,93035,79705,TX,Midland,"Midland, TX",Midland County,347566.8464428195,3.7377133083186562,72.76135043093122,72.22093561834181,100.0,,7.754742832507954,58.46216365861107,45.5,33.22583030941546,,8.588498358780251,Value-Add Flip
680,83309,57461,SD,,,Spink County,182224.106294726,7.104231301854225,94.52436035413156,,,,39.31900371837075,58.46084101812558,,,,141.62993738710276,Value-Add Flip
681,68137,24431,VA,Crimora,"Staunton, VA",Augusta County,338380.5828346775,6.10994208914563,88.09673215067055,88.43214451134784,59.61164225106778,,14.7420538623239,58.39684663016434,33.833333333333336,24.939227526924444,,38.03958918921815,Value-Add Flip
682,67522,23083,VA,Jetersville,"Richmond, VA",Amelia County,298925.7935279412,5.647336174333883,85.10619500400703,98.15886984715146,74.41305492546597,19.34317233370419,18.316970199300226,58.36370861304835,26.833333333333332,27.10358327970458,0.9998123626493056,53.107644024939326,Value-Add Flip
683,95497,87935,NM,Elephant Butte,,Sierra County,241347.41320822388,5.956577893370476,87.10530227537288,,,,46.26757488589096,58.34321929031596,,,,170.9177420551869,Value-Add Flip
684,59063,3235,NH,Franklin,"Concord, NH",Merrimack County,367690.0456121026,6.574272753940434,91.09841902267888,100.0,48.88225762495529,,13.10079847833287,58.326255900244,22.5,23.370309353358184,,31.121797611942632,Value-Add Flip
685,69312,27349,NC,,"Burlington, NC",Alamance County,305695.0955460442,2.9302904716531812,67.54172848317653,69.67345993515515,91.57228875260046,,20.698614913105196,58.32556258986379,47.333333333333336,29.612714486572173,,63.14613157655903,Value-Add Flip
686,99279,97432,OR,Winston,"Roseburg, OR",Douglas County,217337.3329601999,6.491432184900995,90.56289236590449,39.79851783232976,84.55561704974531,,21.210140559769588,58.32415931621705,68.83333333333333,28.586692572345555,,65.30218105220523,Value-Add Flip
687,95244,87008,NM,Cedar Crest,"Albuquerque, NM",Bernalillo County,450860.2883725918,3.3270419144291554,70.10654637595408,78.47383047707271,100.0,37.57870140352734,13.477484389084388,58.30388747334963,41.0,31.283354714289107,0.9930695561858673,32.709505805373574,Value-Add Flip
688,93900,82301,WY,Rawlins,"Rock Springs, WY",Carbon County,189669.54845997752,7.051202028647147,94.18155018610578,71.17878647522,57.96465160151655,,19.915275848797293,58.29395480031208,46.25,24.6983941844897,,59.8444050847057,Value-Add Flip
689,89150,71653,AR,Lake Village,,Chicot County,171815.61085757604,5.674255117507718,85.28021374638095,,,,47.871597147592446,58.28795272349335,,,,177.6785982875535,Value-Add Flip
690,69527,27828,NC,Farmville,"Greenville, NC",Pitt County,205570.624845645,3.2000444876255827,69.28556568758283,76.62112088930058,89.43712003233254,,16.21397718117982,58.255477857052256,42.333333333333336,29.300496673007565,,44.24365641537785,Value-Add Flip
691,70397,29316,SC,Boiling Springs,"Spartanburg, SC",Spartanburg County,279814.2982540275,2.4289704390516103,64.3009221470283,62.262621584066686,100.0,57.374314332003095,16.93868867926183,58.255443093983004,52.666666666666664,31.068293907115454,0.9857498899293652,47.29827128292843,Value-Add Flip
692,99207,97342,OR,Detroit,"Salem, OR",Marion County,433577.9881463537,6.736225084167229,92.14536728690294,71.06299212598424,82.88224054444188,20.075656620771056,19.840944687846413,58.24382341458901,46.333333333333336,28.342000923954107,0.999541517763682,59.53110376416123,Value-Add Flip
693,83433,57761,SD,New Underwood,"Rapid City, SD",Pennington County,401016.8643710623,4.410346345670852,77.10961754094735,67.1259842519685,86.68513563424995,,16.210858117436672,58.23604367924128,49.166666666666664,28.8980841874849,,44.23050975148763,Value-Add Flip
694,70420,29349,SC,Inman,"Spartanburg, SC",Spartanburg County,299772.7254214483,2.4076384477404518,64.16302051113098,62.262621584066686,100.0,57.374314332003095,16.93868867926183,58.220967685008674,52.666666666666664,31.068293907115454,0.9857498899293652,47.29827128292843,Value-Add Flip
695,83294,57440,SD,Frankfort,,Spink County,184011.52872249632,6.938487389942519,93.45290123626233,,,,39.31900371837075,58.192976238658275,,,,141.62993738710276,Value-Add Flip
696,71185,30538,GA,Eastanollee,"Toccoa, GA",Stephens County,250731.68628824083,0.9084778301418283,54.471627962533475,,73.86796477615756,,59.04533691726107,58.152834175180146,,27.02387676611753,,224.77523152285048,Value-Add Flip
697,84059,59447,MT,Geyser,,Judith Basin County,322590.5255838727,9.928577549081115,100.0,,,,32.5341420725467,58.133535518136675,,,,113.03215839165675,Value-Add Flip
698,84070,59462,MT,Moccasin,,Judith Basin County,350010.6743977019,8.76821619633319,100.0,,,,32.5341420725467,58.133535518136675,,,,113.03215839165675,Value-Add Flip
699,93037,79707,TX,Midland,"Midland, TX",Midland County,410533.35396067816,3.5256243326178183,71.39029152328781,72.22093561834181,100.0,,7.754742832507954,58.11939893170021,45.5,33.22583030941546,,8.588498358780251,Value-Add Flip
700,59508,4456,ME,Levant,"Bangor, ME",Penobscot County,317591.8305634023,5.024601821695591,81.08050022916588,68.9786938397406,82.22208545078443,,14.009357438376972,58.06368558300369,47.833333333333336,28.245468889741183,,34.95131834500951,Value-Add Flip
701,66122,19977,DE,Smyrna,"Dover, DE",Kent County,387357.7961671792,1.6309018854713808,59.141771391169684,76.15794349235756,100.0,,17.319240564237678,58.03894451270548,42.666666666666664,30.870580184066927,,48.90227432248016,Value-Add Flip
702,69536,27837,NC,Grimesland,"Greenville, NC",Pitt County,311043.8570090363,3.064626941812085,68.41015275381159,76.62112088930058,89.43712003233254,,16.21397718117982,58.03662462360945,42.333333333333336,29.300496673007565,,44.24365641537785,Value-Add Flip
703,94178,83454,ID,Idaho Falls,"Idaho Falls, ID",Bonneville County,344325.50101899134,3.580935685449572,71.74785429968009,61.33626679018062,100.0,,13.44246588526749,57.99802006476399,53.333333333333336,31.866335061146362,,32.5619049425729,Value-Add Flip
704,75144,39095,MS,Lexington,"Jackson, MS",Holmes County,98821.40371414034,8.662133908545469,100.0,58.55720240852244,57.76438516843895,65.36161760526139,11.400460974701987,57.99081527943086,55.333333333333336,24.6691099657428,0.98279648836201,23.954978495382964,Value-Add Flip
705,75133,39079,MS,Goodman,"Jackson, MS",Holmes County,79683.64252236996,9.674418523478627,100.0,58.55720240852244,57.76438516843895,65.36161760526139,11.400460974701987,57.99081527943086,55.333333333333336,24.6691099657428,0.98279648836201,23.954978495382964,Value-Add Flip
706,75166,39146,MS,Lexington,"Jackson, MS",Holmes County,116587.63135384663,8.391098132324768,100.0,58.55720240852244,57.76438516843895,65.36161760526139,11.400460974701987,57.99081527943086,55.333333333333336,24.6691099657428,0.98279648836201,23.954978495382964,Value-Add Flip
707,75116,39056,MS,Clinton,"Jackson, MS",Hinds County,232251.15224073923,2.243512059238278,63.10201794750571,58.55720240852244,57.76438516843895,65.36161760526139,47.9196175762247,57.896108916687965,55.333333333333336,24.6691099657428,0.98279648836201,177.8810014723166,Value-Add Flip
708,83259,57369,SD,Platte,,Charles Mix County,314816.9108477694,5.101453623308899,81.57731222433057,,,,,57.89432805608264,,,,,Value-Add Flip
709,83263,57374,SD,Spencer,"Sioux Falls, SD",McCook County,249692.70188897708,6.603881067735699,91.28982332474199,42.345993515516426,75.99446826451538,,24.051921861080704,57.88622897668621,67.0,27.33482749491487,,77.28011632201361,Value-Add Flip
710,66099,19946,DE,Frederica,"Dover, DE",Kent County,359559.7700300011,1.5314147447841198,58.498632208736915,76.15794349235756,100.0,,17.319240564237678,57.87815971709728,42.666666666666664,30.870580184066927,,48.90227432248016,Value-Add Flip
711,95280,87048,NM,Corrales,"Albuquerque, NM",Sandoval County,691623.9387320504,3.640225746935454,72.13113762058974,78.47383047707271,100.0,37.57870140352734,9.734923648659153,57.874395099402236,41.0,31.283354714289107,0.9930695561858673,16.934840009853964,Value-Add Flip
712,70396,29307,SC,Spartanburg,"Spartanburg, SC",Spartanburg County,257502.46761412543,2.1871453636442424,62.737632859439465,62.262621584066686,100.0,57.374314332003095,16.93868867926183,57.864620772085786,52.666666666666664,31.068293907115454,0.9857498899293652,47.29827128292843,Value-Add Flip
713,70178,28734,NC,Franklin,,Macon County,292711.5555441525,2.144828615906573,62.46407430347723,,,,68.9185652451205,57.84565988714943,,,,266.39028816375975,Value-Add Flip
714,73564,35650,AL,Moulton,"Decatur, AL",Lawrence County,225581.0898169068,3.524443363746598,71.38265709587269,40.72487262621581,79.88872055882892,,41.525446619130456,57.813500934448946,68.16666666666667,27.90426958408474,,150.92995995732468,Value-Add Flip
715,94175,83450,ID,,"Idaho Falls, ID",Jefferson County,379117.2232097344,3.1007047314903406,68.6433792793441,61.33626679018062,100.0,,15.807864769128013,57.81325103064512,53.333333333333336,31.866335061146362,,42.531917309494496,Value-Add Flip
716,69559,27863,NC,Pikeville,"Goldsboro, NC",Wayne County,239375.8851408695,1.3194879749308224,57.12862188823203,76.62112088930058,69.47727023551546,,42.54077511900112,57.80597143230647,42.333333333333336,26.381841766027552,,155.20950780410354,Value-Add Flip
717,60114,6057,CT,New Hartford,"Torrington, CT",Litchfield County,448453.91015665577,6.412611848636953,90.05335468823333,86.81102362204724,43.06608705842157,,24.608047536378823,57.80022151114444,35.0,22.51983227378851,,79.62415220455182,Value-Add Flip
718,70390,29301,SC,Spartanburg,"Spartanburg, SC",Spartanburg County,232300.82494720115,2.1438607060035,62.4578172055304,62.262621584066686,100.0,57.374314332003095,16.93868867926183,57.79466685860852,52.666666666666664,31.068293907115454,0.9857498899293652,47.29827128292843,Value-Add Flip
719,93923,82426,WY,Greybull,,Big Horn County,227687.3128968662,6.957683966045177,93.57699838263606,,,,37.52132843424491,57.774581704220246,,,,134.052845448515,Value-Add Flip
720,83706,58501,ND,Bismarck,"Bismarck, ND",Burleigh County,289180.4739317427,6.012115531241913,87.4643278817793,81.25289485873088,57.63484272741053,,18.705670334835624,57.757402328445465,39.0,24.65016745440035,,54.74599144479907,Value-Add Flip
721,95299,87104,NM,Albuquerque,"Albuquerque, NM",Bernalillo County,344975.63444671914,2.9731239280829236,67.81862732616965,78.47383047707271,100.0,37.57870140352734,13.477484389084388,57.73190771090351,41.0,31.283354714289107,0.9930695561858673,32.709505805373574,Value-Add Flip
722,70410,29333,SC,Spartanburg,"Spartanburg, SC",Spartanburg County,144611.88827069837,2.0934927802597962,62.13221144020371,62.262621584066686,100.0,57.374314332003095,16.93868867926183,57.713265417276844,52.666666666666664,31.068293907115454,0.9857498899293652,47.29827128292843,Value-Add Flip
723,68872,26059,WV,Valley Grove,"Wheeling, WV-OH",Ohio County,183630.6286073345,7.494805971279674,97.04924821238114,,,,33.63309400503625,57.670585554354346,,,,117.66417391864947,Value-Add Flip
724,61796,10456,NY,New York,"New York-Newark-Jersey City, NY-NJ-PA",Bronx County,438358.98435456376,9.470000369840172,100.0,,,,30.680918296804442,57.67022957420111,,,,105.22093294089134,Value-Add Flip
725,61792,10452,NY,New York,"New York-Newark-Jersey City, NY-NJ-PA",Bronx County,316211.5551499698,11.064481859282193,100.0,,,,30.680918296804442,57.67022957420111,,,,105.22093294089134,Value-Add Flip
726,69078,26585,WV,,"Fairmont, WV",Wetzel County,109985.93175524772,3.2944170196385207,69.89564124773693,83.33719314497452,70.57042788350611,,24.30231991618989,57.66415483942911,37.5,26.541690159972852,,78.33552888820934,Value-Add Flip
727,70427,29365,SC,Lyman,"Spartanburg, SC",Spartanburg County,303844.0281766211,2.0576553690424895,61.900538852253284,62.262621584066686,100.0,57.374314332003095,16.93868867926183,57.65534727028924,52.666666666666664,31.068293907115454,0.9857498899293652,47.29827128292843,Value-Add Flip
728,68842,25969,WV,Cool Ridge,"Beckley, WV",Summers County,200583.86449128148,6.6532107531264595,91.60871733770402,76.85270958777211,44.18001674677384,,27.545999875019124,57.652589090701376,42.166666666666664,22.682718086258827,,92.0074425449379,Value-Add Flip
729,60420,6751,CT,Bethlehem,"Torrington, CT",Litchfield County,500053.65250330354,6.3185770114500395,89.44546217176527,86.81102362204724,43.06608705842157,,24.608047536378823,57.648248382027425,35.0,22.51983227378851,,79.62415220455182,Value-Add Flip
730,59040,3106,NH,Hooksett,"Concord, NH",Merrimack County,509416.28628180205,6.135137480801868,88.25960891523455,100.0,48.88225762495529,,13.10079847833287,57.616553373382914,22.5,23.370309353358184,,31.121797611942632,Value-Add Flip
731,68980,26330,WV,Bridgeport,"Clarksburg, WV",Harrison County,299362.06602263567,2.9724594555442336,67.81433181297739,84.72672533580361,82.18055090569078,,15.950583292122378,57.58634775778364,36.5,28.239395447050942,,43.133467199853925,Value-Add Flip
732,68857,26032,WV,Bethany,"Weirton-Steubenville, WV-OH",Brooke County,172675.56373363847,10.444920702025568,100.0,,,,30.309533784023262,57.57738344600582,,,,103.65556981732868,Value-Add Flip
733,70440,29385,SC,Lyman,"Spartanburg, SC",Spartanburg County,268422.5259551809,1.9993054017645875,61.5233328134542,62.262621584066686,100.0,57.374314332003095,16.93868867926183,57.56104576058948,52.666666666666664,31.068293907115454,0.9857498899293652,47.29827128292843,Value-Add Flip
734,95260,87025,NM,Jemez Springs,"Albuquerque, NM",Sandoval County,340153.2474011181,3.431333088970993,70.78074145550349,78.47383047707271,100.0,37.57870140352734,9.734923648659153,57.536796058130676,41.0,31.283354714289107,0.9930695561858673,16.934840009853964,Value-Add Flip
735,71599,31625,GA,Quitman,"Valdosta, GA",Brooks County,250251.52213707523,6.144370472527052,88.31929601357233,62.03103288559517,42.16063587533148,,40.58717428663937,57.463399682958496,52.833333333333336,22.387431500964148,,146.97519916737744,Value-Add Flip
736,69873,28344,NC,Wade,"Fayetteville, NC",Cumberland County,230168.31703229816,3.590125597256202,71.80726290590914,68.05233904585455,92.55905841213871,23.71822845721242,28.83976152147305,57.43915291473333,48.5,29.757006159013994,0.9981946329637812,97.4605691626112,Value-Add Flip
737,70297,29075,SC,Little Mountain,"Columbia, SC",Richland County,324586.2650147395,2.2373470127863766,63.06216372205158,71.75775822139877,97.13387933647242,45.45370748670096,18.62634266829414,57.43062232109587,45.833333333333336,30.425965278209905,0.9901576778568141,54.41163015721497,Value-Add Flip
738,60036,5830,VT,Holland,,Orleans County,226609.99950246603,7.5591893164575135,97.46545729924321,,,,32.23144432912634,57.424225407092386,,,,111.75630582153346,Value-Add Flip
739,70391,29302,SC,Spartanburg,"Spartanburg, SC",Spartanburg County,265374.0913022482,1.9130234637392465,60.965559269084565,62.262621584066686,100.0,57.374314332003095,16.93868867926183,57.42160237449707,52.666666666666664,31.068293907115454,0.9857498899293652,47.29827128292843,Value-Add Flip
740,70296,29074,SC,Liberty Hill,"Columbia, SC",Kershaw County,431056.0980309702,1.8916128378757286,60.82714929651814,71.75775822139877,97.13387933647242,45.45370748670096,20.730955718518164,57.39802197726852,45.833333333333336,30.425965278209905,0.9901576778568141,63.28244610351833,Value-Add Flip
741,83759,58623,ND,Bowman,,Bowman County,192707.31092528123,10.393532596814497,100.0,,,,29.57950147333463,57.39487536833366,,,,100.57852804839919,Value-Add Flip
742,94132,83344,ID,Murtaugh,"Twin Falls, ID",Twin Falls County,448902.1869243347,5.13702063128488,81.80723677812954,51.60954145437701,89.24038679528371,,15.341361364021175,57.376658112750974,60.333333333333336,29.27172910042943,,40.56563384252367,Value-Add Flip
743,94465,84105,UT,Salt Lake City,"Salt Lake City, UT",Salt Lake County,692542.3259117006,4.299751833184198,76.39467424424724,74.99999999999999,100.0,27.053600054379572,11.839060973610513,57.36647381262137,43.5,35.336829323051596,0.9969613391516173,25.803650803079737,Value-Add Flip
744,62943,13081,NY,King Ferry,"Auburn, NY",Cayuga County,315002.0317170768,4.655537347935282,78.69466601703056,89.3584993052339,58.890561908748104,,20.029967125310982,57.36304556312009,33.166666666666664,24.83378661925921,,60.327821836536266,Value-Add Flip
745,94266,83670,ID,Horseshoe Bend,"Boise City, ID",Boise County,640169.0830429988,2.443242653891655,64.39318553423918,79.63177396943028,100.0,27.184203232183563,20.91216744044573,57.348734823913304,40.166666666666664,32.96762557134984,0.9969130470539178,64.04624248516723,Value-Add Flip
746,94167,83442,ID,Rigby,"Idaho Falls, ID",Jefferson County,472997.15247000166,2.799435528924694,66.69581070624255,61.33626679018062,100.0,,15.807864769128013,57.326358887369736,53.333333333333336,31.866335061146362,,42.531917309494496,Value-Add Flip
747,94693,84759,UT,Panguitch,,Garfield County,207108.46212247896,1.9217418923656817,61.02191995067788,,,,68.21219570926245,57.30852891498509,,,,263.412983550921,Value-Add Flip
748,84045,59425,MT,Conrad,,Pondera County,244354.7050385132,8.668245388131567,100.0,,,,29.21927820671501,57.304819551678754,,,,99.06020889827387,Value-Add Flip
749,84037,59416,MT,Brady,,Pondera County,324296.77808307606,9.165613944933552,100.0,,,,29.21927820671501,57.304819551678754,,,,99.06020889827387,Value-Add Flip
750,100334,99654,AK,Wasilla,"Anchorage, AK",Matanuska Susitna Borough,410730.7954432555,6.625758375911498,91.43125018651342,96.30616025937934,72.77623623681933,19.310577888761486,10.164346165579314,57.29665705760817,28.166666666666668,26.864237345437232,0.9998244148378213,18.744829789396388,Value-Add Flip
751,94124,83335,ID,Hazelton,"Twin Falls, ID",Jerome County,384490.3639565508,4.932360790850311,80.48420385603887,51.60954145437701,89.24038679528371,,16.299327742057795,57.28539147673745,60.333333333333336,29.27172910042943,,44.60340383611236,Value-Add Flip
752,93806,81521,CO,Fruita,"Grand Junction, CO",Mesa County,469940.55654819217,3.438941492748477,70.82992633056641,67.82075034738304,85.42628010041685,,19.221189288475397,57.27114747695128,48.666666666666664,28.71400640541728,,56.918872466363844,Value-Add Flip
753,93825,81630,CO,De Beque,"Glenwood Springs, CO",Garfield County,411574.4556909691,7.620589936727175,97.8623844241792,28.682260305697056,19.513892767870352,,68.21219570926245,57.22376263278905,76.83333333333333,19.075882137088293,,263.412983550921,Value-Add Flip
754,84162,59733,MT,Goldcreek,,Powell County,413659.62526597845,0.28495249866399036,50.4408198687179,,,,78.43747909081335,57.219574739882816,,,,306.5119308214786,Value-Add Flip
755,95265,87031,NM,Los Lunas,"Albuquerque, NM",Valencia County,314566.2512214619,1.614809672790346,59.037742544469296,78.47383047707271,100.0,37.57870140352734,20.19243426842624,57.2154239853139,41.0,31.283354714289107,0.9930695561858673,61.012610959051585,Value-Add Flip
756,83913,59061,MT,Nye,"Billings, MT",Stillwater County,484925.703330982,4.897970602034494,80.26188690365767,61.33626679018062,74.43116012856234,,22.218734857934965,57.20682748463772,53.333333333333336,27.106230736493934,,69.5533446485555,Value-Add Flip
757,84025,59353,MT,Wibaux,,Wibaux County,209029.8381673368,8.876621073172679,100.0,,,,28.782192578658922,57.19554814466473,,,,97.21791957157448,Value-Add Flip
758,94064,83226,ID,,,Lemhi County,311938.6018126482,9.467801104504472,100.0,,,,28.714504498569198,57.1786261246423,,,,96.93261843264507,Value-Add Flip
759,71404,31054,GA,Mc Intyre,,Wilkinson County,145116.6686408034,6.855064861076476,92.91361247350616,,,,35.796246755022004,57.17746480713204,,,,126.78173113745561,Value-Add Flip
760,70392,29303,SC,Spartanburg,"Spartanburg, SC",Spartanburg County,201530.43146210324,1.7477373458049825,59.89705958137226,62.262621584066686,100.0,57.374314332003095,16.93868867926183,57.15447745256898,52.666666666666664,31.068293907115454,0.9857498899293652,47.29827128292843,Value-Add Flip
761,75050,38871,MS,Thaxton,"Tupelo, MS",Pontotoc County,215893.28231349296,8.085316766647479,100.0,,51.10633423230516,,27.72793429936459,57.15325042130218,,23.695527837946997,,92.77428507330363,Value-Add Flip
762,94219,83604,ID,,"Boise City, ID",Owyhee County,495220.292849967,2.3998033807979793,64.11237036164555,79.63177396943028,100.0,27.184203232183563,20.40702789304141,57.152246143913814,40.166666666666664,32.96762557134984,0.9969130470539178,61.9171100293242,Value-Add Flip
763,95316,87122,NM,Albuquerque,"Albuquerque, NM",Bernalillo County,733812.1580052009,2.60518870212961,65.44009318825836,78.47383047707271,100.0,37.57870140352734,13.477484389084388,57.13727417642569,41.0,31.283354714289107,0.9930695561858673,32.709505805373574,Value-Add Flip
764,68989,26347,WV,Bridgeport,"Clarksburg, WV",Taylor County,139767.77899705622,2.0055905922232706,61.56396371534873,84.72672533580361,82.18055090569078,,20.366061503440722,57.12762528620607,36.5,28.239395447050942,,61.7444391898587,Value-Add Flip
765,95297,87102,NM,Albuquerque,"Albuquerque, NM",Bernalillo County,242936.035231813,2.593210685873598,65.36266075298239,78.47383047707271,100.0,37.57870140352734,13.477484389084388,57.1179160676067,41.0,31.283354714289107,0.9930695561858673,32.709505805373574,Value-Add Flip
766,83566,58249,ND,Langdon,,Cavalier County,165831.45022299935,4.619435790092048,78.46128584110576,,,,,57.11532146027644,,,,,Value-Add Flip
767,91604,76866,TX,Paint Rock,,Concho County,209475.1938715008,9.428208657350655,100.0,,,,28.426429658749726,57.10660741468743,,,,95.71840051143275,Value-Add Flip
768,89077,71419,LA,Converse,"Shreveport-Bossier City, LA",Sabine Parish,155338.88362335542,11.661262383602919,100.0,,,,28.387779681495285,57.09694492037382,,,,95.55549320905882,Value-Add Flip
769,69528,27829,NC,,"Greenville, NC",Pitt County,181229.302354392,2.471859564321919,64.57818086379365,76.62112088930058,89.43712003233254,,16.21397718117982,57.07863165110496,42.333333333333336,29.300496673007565,,44.24365641537785,Value-Add Flip
770,81676,54428,WI,Elcho,,Langlade County,294639.47139086475,11.017647263378572,100.0,,,,28.280727969087522,57.070181992271884,,,,95.10427675508653,Value-Add Flip
771,81658,54409,WI,Antigo,,Langlade County,168373.81682624246,9.343120838091977,100.0,,,,28.280727969087522,57.070181992271884,,,,95.10427675508653,Value-Add Flip
772,93920,82421,WY,Deaver,,Big Horn County,284161.34616193577,6.5070224935734275,90.6636766311291,,,,37.52132843424491,57.0462512663435,,,,134.052845448515,Value-Add Flip
773,59517,4468,ME,Old Town,"Bangor, ME",Penobscot County,245243.4784951101,4.388478484942234,76.96825175263137,68.9786938397406,82.22208545078443,,14.009357438376972,57.03562346387007,47.833333333333336,28.245468889741183,,34.95131834500951,Value-Add Flip
774,99917,98616,WA,Cougar,"Longview, WA",Cowlitz County,286267.44135016925,3.048042534385942,68.30294209161445,67.58916164891151,88.7228699229901,,18.270200684294156,57.0262339259119,48.833333333333336,29.196054525012254,,52.91051336499566,Value-Add Flip
775,94468,84108,UT,Salt Lake City,"Salt Lake City, UT",Salt Lake County,897899.1103216828,4.0735849365476655,74.93260797124597,74.99999999999999,100.0,27.053600054379572,11.839060973610513,57.00095724437106,43.5,35.336829323051596,0.9969613391516173,25.803650803079737,Value-Add Flip
776,84020,59344,MT,Plevna,,Fallon County,173257.32882997347,10.079055765386064,100.0,,,,27.953058498852005,56.988264624713004,,,,93.72316987590389,Value-Add Flip
777,81672,54424,WI,Deerbrook,,Langlade County,282762.1057174871,7.899024529977017,99.66233761839773,,,,28.280727969087522,56.98576639687131,,,,95.10427675508653,Value-Add Flip
778,84091,59501,MT,Havre,,Hill County,227092.6090318684,7.957025188083977,100.0,,,,27.864689129667187,56.9661722824168,,,,93.3506983618429,Value-Add Flip
779,84097,59525,MT,Gildford,,Hill County,256160.4658386417,10.442392504312824,100.0,,,,27.864689129667187,56.9661722824168,,,,93.3506983618429,Value-Add Flip
780,100301,99615,AK,Kodiak,,Kodiak Island Borough,421284.8427623147,6.904334502735694,93.23211833101266,,,,34.630263843481906,56.96559554362364,,,,121.86718411243065,Value-Add Flip
781,89484,72333,AR,Elaine,"Helena-West Helena, AR",Phillips County,69629.47007322639,-1.740884515112957,37.344703609047464,,,,90.4482799942009,56.94824590081209,,,,357.1367258023441,Value-Add Flip
782,97092,93013,CA,Carpinteria,"Santa Maria-Santa Barbara, CA",Santa Barbara County,1420563.5701113946,6.280300897849298,89.19802448044325,,,,38.554758931917725,56.93819585309024,,,,138.4086921145691,Value-Add Flip
783,71378,31025,GA,Elko,"Warner Robins, GA",Houston County,340802.7192209882,6.75650888487979,92.27649284661636,80.09495136637331,50.389499081288406,,17.10745753275949,56.93813011605764,39.833333333333336,23.590707688882325,,48.009621731262406,Value-Add Flip
784,75292,39427,MS,Bassfield,,Jefferson Davis County,103896.55746109804,9.934618613507604,100.0,,,,27.739323919129244,56.93483097978231,,,,92.82229162758205,Value-Add Flip
785,93803,81505,CO,Grand Junction,"Grand Junction, CO",Mesa County,492216.4323092901,3.1998021488018358,69.28399907714554,67.82075034738304,85.42628010041685,,19.221189288475397,56.88466566359606,48.666666666666664,28.71400640541728,,56.918872466363844,Value-Add Flip
786,93003,79543,TX,Roby,,Fisher County,103295.6425965352,9.11447601989311,100.0,,,,27.428318466858865,56.857079616714714,,,,91.511422570159,Value-Add Flip
787,93006,79546,TX,Rotan,,Fisher County,62719.178807875614,9.153099401575721,100.0,,,,27.428318466858865,56.857079616714714,,,,91.511422570159,Value-Add Flip
788,100213,99361,WA,Waitsburg,"Walla Walla, WA",Walla Walla County,363867.0827993477,4.806177294247063,79.6684848567661,57.39925891616488,83.7061428141788,,16.269769079713708,56.835680884380444,56.166666666666664,28.462477101225897,,44.47881587290201,Value-Add Flip
789,95952,89701,NV,Carson City,"Carson City, NV",Carson City,463769.1010568617,2.333178333376228,63.681669687846245,70.36822603056969,100.0,,11.289953409729552,56.7981396789794,46.833333333333336,31.604261298999397,,23.48919583313049,Value-Add Flip
790,70411,29334,SC,Duncan,"Spartanburg, SC",Spartanburg County,307427.4251582281,1.5231288837008794,58.44506787985969,62.262621584066686,100.0,57.374314332003095,16.93868867926183,56.791479527190845,52.666666666666664,31.068293907115454,0.9857498899293652,47.29827128292843,Value-Add Flip
791,62836,12921,NY,Chazy,"Plattsburgh, NY",Clinton County,241492.11127567795,5.008134172444018,80.97404435554157,74.07364520611394,64.76047225912646,,19.90174545049916,56.78208868425257,44.166666666666664,25.69212186837499,,59.78737527916965,Value-Add Flip
792,88924,71129,LA,Shreveport,"Shreveport-Bossier City, LA",Caddo Parish,201348.6876279793,2.660599785414448,65.79830067673721,,,,61.26648610551445,56.76619669556291,,,,234.13724020001777,Value-Add Flip
793,75219,39216,MS,Jackson,"Jackson, MS",Hinds County,215377.4478636894,1.5304076414000576,58.492121742735215,58.55720240852244,57.76438516843895,65.36161760526139,47.9196175762247,56.743634865495345,55.333333333333336,24.6691099657428,0.98279648836201,177.8810014723166,Value-Add Flip
794,83821,58759,ND,Max,"Minot, ND",Ward County,168121.1705027501,4.354863516499365,76.75094624789473,87.04261232051874,65.74153470118665,,15.37329969498778,56.735760274035776,34.833333333333336,25.835578995543823,,40.700251964181106,Value-Add Flip
795,95954,89703,NV,Carson City,"Carson City, NV",Carson City,610795.3883227443,2.285975516231175,63.376524912174936,70.36822603056969,100.0,,11.289953409729552,56.72185348506157,46.833333333333336,31.604261298999397,,23.48919583313049,Value-Add Flip
796,94484,84124,UT,Holladay,"Salt Lake City, UT",Salt Lake County,791363.5786780184,3.8952864061752828,73.77998894671165,74.99999999999999,100.0,27.053600054379572,11.839060973610513,56.71280248823748,43.5,35.336829323051596,0.9969613391516173,25.803650803079737,Value-Add Flip
797,95279,87047,NM,Sandia Park,"Albuquerque, NM",Bernalillo County,519611.1263260375,2.326021326633872,63.635402889613346,78.47383047707271,100.0,37.57870140352734,13.477484389084388,56.68610160176445,41.0,31.283354714289107,0.9930695561858673,32.709505805373574,Value-Add Flip
798,60120,6063,CT,Barkhamsted,"Torrington, CT",Litchfield County,418195.005277918,5.718876140874513,85.56866839779812,86.81102362204724,43.06608705842157,,24.608047536378823,56.67904993853564,35.0,22.51983227378851,,79.62415220455182,Value-Add Flip
799,95302,87107,NM,Albuquerque,"Albuquerque, NM",Bernalillo County,338480.7133386297,2.310589046963357,63.535640210117215,78.47383047707271,100.0,37.57870140352734,13.477484389084388,56.66116093189041,41.0,31.283354714289107,0.9930695561858673,32.709505805373574,Value-Add Flip
800,61791,10451,NY,New York,"New York-Newark-Jersey City, NY-NJ-PA",Bronx County,337932.3974757859,7.322465754161497,95.93514697706578,,,,30.680918296804442,56.654016318467555,,,,105.22093294089134,Value-Add Flip
801,59191,3770,NH,Plainfield,"Lebanon, NH-VT",Sullivan County,571068.3654625126,8.771341897468544,100.0,,,,26.54921621977444,56.63730405494361,,,,87.80606008985056,Value-Add Flip
802,73650,35956,AL,Boaz,"Gadsden, AL",Etowah County,220315.01486898912,4.473192526332594,77.5158895573165,41.882816118573395,72.48762019572241,,35.90614054799537,56.63545398325846,67.33333333333333,26.822034090745657,,127.24492678807846,Value-Add Flip
803,71202,30558,GA,,"Jefferson, GA",Banks County,342974.67234693334,4.934272415955841,80.4965616441811,37.25104214914309,96.41985928944514,,16.55380508631259,56.63421986288391,70.66666666666667,30.32155677137482,,45.67601035784236,Value-Add Flip
804,94174,83449,ID,Swan Valley,"Idaho Falls, ID",Bonneville County,524279.3498072011,2.7360657735685923,66.28615401725594,61.33626679018062,100.0,,13.44246588526749,56.632594994157955,53.333333333333336,31.866335061146362,,32.5619049425729,Value-Add Flip
805,63737,14802,NY,Alfred,,Allegany County,189089.5094738632,8.188548374298477,100.0,,,,26.513598597649302,56.62839964941232,,,,87.65593397983548,Value-Add Flip
806,63679,14717,NY,Canaedea,,Allegany County,199587.0646857237,8.080213218694606,100.0,,,,26.513598597649302,56.62839964941232,,,,87.65593397983548,Value-Add Flip
807,63676,14714,NY,Black Creek,,Allegany County,152241.24510284947,8.881380279328816,100.0,,,,26.513598597649302,56.62839964941232,,,,87.65593397983548,Value-Add Flip
808,63816,14897,NY,Whitesville,,Allegany County,112773.655008732,9.787765321784182,100.0,,,,26.513598597649302,56.62839964941232,,,,87.65593397983548,Value-Add Flip
809,71634,31714,GA,Ashburn,,Turner County,130273.85916995996,-1.751346447474857,37.27707196761704,,,,89.20270818888699,56.61994503912601,,,,351.8867164328458,Value-Add Flip
810,81827,54655,WI,Soldiers Grove,,Crawford County,281585.1776030729,11.72376590980848,100.0,,,,26.43258134686528,56.60814533671632,,,,87.31445119747602,Value-Add Flip
811,73333,35125,AL,Pell City,"Birmingham-Hoover, AL",Saint Clair County,217506.68592677984,2.2351814639870176,63.04816443254827,,,,63.351502606874924,56.5999167598558,,,,242.92545788526178,Value-Add Flip
812,61798,10458,NY,New York,"New York-Newark-Jersey City, NY-NJ-PA",Bronx County,413761.9533656402,7.26959765610111,95.59337873316562,,,,30.680918296804442,56.568574257492514,,,,105.22093294089134,Value-Add Flip
813,94405,84038,UT,Laketown,"Logan, UT-ID",Rich County,730452.9930046675,11.986360343285057,100.0,,,,26.226051498179874,56.55651287454497,,,,86.44394045208692,Value-Add Flip
814,62824,12903,NY,Plattsburgh,"Plattsburgh, NY",Clinton County,232082.2507615088,4.868314526896718,80.07017384620603,74.07364520611394,64.76047225912646,,19.90174545049916,56.556121056918684,44.166666666666664,25.69212186837499,,59.78737527916965,Value-Add Flip
815,75033,38850,MS,New Houlka,"Tupelo, MS",Chickasaw County,144189.6901090401,6.6588600453039115,91.64523744600376,,51.10633423230516,,33.599068924071474,56.532343438979844,,23.695527837946997,,117.52076027272322,Value-Add Flip
816,89815,72932,AR,Cedarville,"Fort Smith, AR-OK",Crawford County,242085.0405296364,7.902812088043889,99.6868224611796,,,,26.43258134686528,56.529850952011216,,,,87.31445119747602,Value-Add Flip
817,93899,82244,WY,Yoder,,Goshen County,347662.62577536114,9.081166463123926,100.0,,,,26.081133892310778,56.5202834730777,,,,85.83312156121914,Value-Add Flip
818,59198,3781,NH,Plainfield,"Lebanon, NH-VT",Sullivan County,518877.7781780423,7.860560171357865,99.41368300852321,,,,26.54921621977444,56.490724807074415,,,,87.80606008985056,Value-Add Flip
819,100029,98933,WA,Harrah,"Yakima, WA",Yakima County,308583.1421683773,5.8524086286651,86.4318952875508,72.68411301528485,64.83470996833883,,13.972253182642296,56.47059606350877,45.166666666666664,25.702977373625846,,34.79492616478815,Value-Add Flip
820,93959,82639,WY,Kaycee,"Casper, WY",Johnson County,388585.29043957154,7.206064555907976,95.1826660939907,84.72672533580361,56.691727551228254,,4.46802477135702,56.46002702695312,36.5,24.51225921536888,,-5.264818280474415,Value-Add Flip
821,94087,83255,ID,,"Idaho Falls, ID",Butte County,326923.128181757,2.777960444014014,66.5569840352103,61.33626679018062,100.0,,12.441675826293517,56.450104983903046,53.333333333333336,31.866335061146362,,28.343635739546148,Value-Add Flip
822,100031,98935,WA,Mabton,"Yakima, WA",Yakima County,270399.88565054187,5.837725870713375,86.33697792557118,72.68411301528485,64.83470996833883,,13.972253182642296,56.44686672301386,45.166666666666664,25.702977373625846,,34.79492616478815,Value-Add Flip
823,59735,4953,ME,Newport,"Bangor, ME",Penobscot County,254163.62762722743,4.018063039192966,74.57368412013172,68.9786938397406,82.22208545078443,,14.009357438376972,56.43698155574515,47.833333333333336,28.245468889741183,,34.95131834500951,Value-Add Flip
824,94469,84109,UT,Millcreek,"Salt Lake City, UT",Salt Lake County,774265.7584198788,3.696519300088673,72.49504987599374,74.99999999999999,100.0,27.053600054379572,11.839060973610513,56.391567720558,43.5,35.336829323051596,0.9969613391516173,25.803650803079737,Value-Add Flip
825,92813,79080,TX,Skellytown,"Borger, TX",Hutchinson County,61204.00908203265,4.908496510031793,80.3299321185164,,63.52607595666922,,34.387200328163445,56.38449830300381,,25.5116206691175,,120.84268618516462,Value-Add Flip
826,93036,79706,TX,Midland,"Midland, TX",Midland County,376670.3791755288,2.441907280786392,64.38455295357369,72.22093561834181,100.0,,7.754742832507954,56.36796428927168,45.5,33.22583030941546,,8.588498358780251,Value-Add Flip
827,59091,3269,NH,Sanbornton,"Laconia, NH",Belknap County,530616.5865661647,5.693253873249357,85.40303207396087,88.43214451134784,50.69722313466751,,16.428795028868066,56.36222307934291,33.833333333333336,23.635705037436217,,45.149100572260096,Value-Add Flip
828,60446,6793,CT,Washington,"Torrington, CT",Litchfield County,1160730.15116698,5.519627323574148,84.28061528285255,86.81102362204724,43.06608705842157,,24.608047536378823,56.35703665979925,35.0,22.51983227378851,,79.62415220455182,Value-Add Flip
829,92941,79381,TX,Wilson,"Lubbock, TX",Lynn County,319499.8092126528,0.6759982165173506,52.96875284112718,44.430291801760056,72.67035781589684,62.315903716465144,,56.28818910119494,65.5,26.848755136106277,0.9839226777484832,,Value-Add Flip
830,98623,96104,CA,Cedarville,,Modoc County,221456.34146752275,7.419087667566713,96.55976376636384,,,,28.587964732218058,56.28693212464548,,,,96.39926101710034,Value-Add Flip
831,59492,4430,ME,East Millinocket,"Bangor, ME",Penobscot County,164380.91697030372,3.9162281204053446,73.91536761852412,68.9786938397406,82.22208545078443,,14.009357438376972,56.27240243034325,47.833333333333336,28.245468889741183,,34.95131834500951,Value-Add Flip
832,60448,6795,CT,Watertown,"Torrington, CT",Litchfield County,414478.8260410526,5.459701815451849,83.89322408802671,86.81102362204724,43.06608705842157,,24.608047536378823,56.260188861092786,35.0,22.51983227378851,,79.62415220455182,Value-Add Flip
833,95286,87059,NM,Tijeras,"Albuquerque, NM",Bernalillo County,433113.2159332286,2.055576229740972,61.88709816091061,78.47383047707271,100.0,37.57870140352734,13.477484389084388,56.24902541958876,41.0,31.283354714289107,0.9930695561858673,32.709505805373574,Value-Add Flip
834,94062,83221,ID,Blackfoot,"Blackfoot, ID",Bingham County,358345.63702787785,4.21236174289195,75.8297369987397,56.47290412227881,82.08144344204534,,19.530374295866448,56.22725213040243,56.833333333333336,28.224903329723826,,58.22206845938999,Value-Add Flip
835,93864,82054,WY,Carpenter,"Cheyenne, WY",Laramie County,475287.0927060256,5.422401563459048,83.65209489881224,77.08429828624362,65.02823336083935,,12.861116776221035,56.19659433386273,42.0,25.73127558252455,,30.111553821567732,Value-Add Flip
836,93801,81503,CO,Grand Junction,"Grand Junction, CO",Mesa County,390058.16713724006,2.773523934687943,66.5283040172591,67.82075034738304,85.42628010041685,,19.221189288475397,56.19574189862445,48.666666666666664,28.71400640541728,,56.918872466363844,Value-Add Flip
837,94411,84044,UT,Magna,"Salt Lake City, UT",Salt Lake County,439697.0007302966,3.5160130080622367,71.32815867502148,74.99999999999999,100.0,27.053600054379572,11.839060973610513,56.099844920314936,43.5,35.336829323051596,0.9969613391516173,25.803650803079737,Value-Add Flip
838,88783,70760,LA,New Roads,"Baton Rouge, LA",Pointe Coupee Parish,149297.80872852154,2.2374757330613932,63.06299584017122,42.345993515516426,71.5654368605229,49.340793368392774,49.065891864639724,56.098327330893696,67.0,26.68718663729215,0.9887203810442755,182.7124778500893,Value-Add Flip
839,95314,87120,NM,Albuquerque,"Albuquerque, NM",Bernalillo County,350372.30644564395,1.9589340726981497,61.26235050568909,78.47383047707271,100.0,37.57870140352734,13.477484389084388,56.09283850578338,41.0,31.283354714289107,0.9930695561858673,32.709505805373574,Value-Add Flip
840,95317,87123,NM,Albuquerque,"Albuquerque, NM",Bernalillo County,333894.0656304376,1.9566705640369508,61.24771795016747,78.47383047707271,100.0,37.57870140352734,13.477484389084388,56.08918036690298,41.0,31.283354714289107,0.9930695561858673,32.709505805373574,Value-Add Flip
841,93914,82401,WY,Worland,,Washakie County,250455.1839478881,9.174808569963243,100.0,,,,24.329244178273715,56.08231104456843,,,,78.44901301461928,Value-Add Flip
842,93933,82442,WY,Ten Sleep,,Washakie County,367121.729478217,10.382923461415293,100.0,,,,24.329244178273715,56.08231104456843,,,,78.44901301461928,Value-Add Flip
843,89091,71435,LA,Grayson,,Caldwell Parish,133874.50489080886,8.322057572947806,100.0,,,,24.317975570336426,56.079493892584104,,,,78.40151651782995,Value-Add Flip
844,89095,71441,LA,Kelly,,Caldwell Parish,138243.74191291915,18.709559296616643,100.0,,,,24.317975570336426,56.079493892584104,,,,78.40151651782995,Value-Add Flip
845,89076,71418,LA,Columbia,,Caldwell Parish,128423.90504781122,9.100619725301767,100.0,,,,24.317975570336426,56.079493892584104,,,,78.40151651782995,Value-Add Flip
846,81777,54563,WI,,,Rusk County,243718.3697056284,8.207629380906074,100.0,,,,24.215032698465954,56.05375817461649,,,,77.96761857670978,Value-Add Flip
847,81906,54819,WI,Bruce,,Rusk County,197109.9173752889,9.197389883469878,100.0,,,,24.215032698465954,56.05375817461649,,,,77.96761857670978,Value-Add Flip
848,81750,54530,WI,Hawkins,,Rusk County,152197.8459278545,10.4306829909111,100.0,,,,24.215032698465954,56.05375817461649,,,,77.96761857670978,Value-Add Flip
849,94685,84751,UT,Beaver,,Beaver County,206384.4274386041,8.945421552717308,100.0,,,,24.185890279194783,56.046472569798695,,,,77.84478505272443,Value-Add Flip
850,94686,84752,UT,Minersville,,Beaver County,298076.30509993114,8.124626265493013,100.0,,,,24.185890279194783,56.046472569798695,,,,77.84478505272443,Value-Add Flip
851,62834,12919,NY,Champlain,"Plattsburgh, NY",Clinton County,189879.4552103764,4.540020511310075,77.94790213024947,74.07364520611394,64.76047225912646,,19.90174545049916,56.02555312792954,44.166666666666664,25.69212186837499,,59.78737527916965,Value-Add Flip
852,93926,82431,WY,Lovell,,Big Horn County,271676.4361961317,5.87102976407043,86.55227247115286,,,,37.52132843424491,56.01840022634944,,,,134.052845448515,Value-Add Flip
853,94133,83346,ID,,"Burley, ID",Cassia County,347415.8805197044,7.653013587889333,98.07198860373309,50.91477535896246,55.08632773224584,,21.377864105557265,56.01694502761612,60.833333333333336,24.277507546040933,,66.00912559214595,Value-Add Flip
854,95471,87740,NM,Raton,,Colfax County,150181.01629119657,6.637837987374414,91.50933938866255,,,,32.54889072837109,56.01455752925841,,,,113.09432307853807,Value-Add Flip
855,63700,14740,NY,Gerry,"Jamestown-Dunkirk-Fredonia, NY",Chautauqua County,170629.67792913152,8.981950788819585,100.0,,,,23.99266003845332,55.99816500961333,,,,77.0303313455715,Value-Add Flip
856,81618,54213,WI,Forestville,,Door County,283941.76718986407,7.606507809460145,97.77134986679954,,,,26.221227071931537,55.99814423468277,,,,86.42360578900433,Value-Add Flip
857,94065,83227,ID,Clayton,,Custer County,383324.2327948136,5.954575847069638,87.09235995526781,,,,36.89267049726797,55.99625761313394,,,,131.4030904964056,Value-Add Flip
858,100234,99516,AK,Anchorage,"Anchorage, AK",Anchorage Borough,657452.5909848859,4.7755763897877666,79.47066390684533,96.30616025937934,72.77623623681933,19.310577888761486,16.906296235464914,55.99199800516255,28.166666666666668,26.864237345437232,0.9998244148378213,47.16173910332287,Value-Add Flip
859,73548,35619,AL,Danville,"Decatur, AL",Lawrence County,236159.5617790077,2.395166354658848,64.08239409356267,40.72487262621581,79.88872055882892,,41.525446619130456,55.98843518387144,68.16666666666667,27.90426958408474,,150.92995995732468,Value-Add Flip
860,100227,99508,AK,Anchorage,"Anchorage, AK",Anchorage Borough,327863.0742241431,4.76882841032092,79.42704128418877,96.30616025937934,72.77623623681933,19.310577888761486,16.906296235464914,55.98109234949841,28.166666666666668,26.864237345437232,0.9998244148378213,47.16173910332287,Value-Add Flip
861,94073,83236,ID,,"Blackfoot, ID",Bingham County,418026.9797012657,4.050369013382429,74.78252757150015,56.47290412227881,82.08144344204534,,19.530374295866448,55.96544977359254,56.833333333333336,28.224903329723826,,58.22206845938999,Value-Add Flip
862,100226,99507,AK,Anchorage,"Anchorage, AK",Anchorage Borough,399628.2057619868,4.757469278491059,79.35360965566134,96.30616025937934,72.77623623681933,19.310577888761486,16.906296235464914,55.96273444236655,28.166666666666668,26.864237345437232,0.9998244148378213,47.16173910332287,Value-Add Flip
863,71395,31042,GA,Irwinton,,Wilkinson County,144642.42904163877,6.083819890980025,87.92786400293288,,,,35.796246755022004,55.93102768948872,,,,126.78173113745561,Value-Add Flip
864,83495,58054,ND,Lisbon,,Ransom County,197340.01176547547,3.8706282397573775,73.62058509933247,,,,,55.905146274833115,,,,,Value-Add Flip
865,93804,81506,CO,Grand Junction,"Grand Junction, CO",Mesa County,505143.4269825581,2.5813880417880744,65.28623272822631,67.82075034738304,85.42628010041685,,19.221189288475397,55.88522407636625,48.666666666666664,28.71400640541728,,56.918872466363844,Value-Add Flip
866,82000,54952,WI,,"Oshkosh-Neenah, WI",Winnebago County,268080.0139935131,7.782423011300817,98.90856175476561,,,,24.608228276613257,55.87919750784472,,,,79.62491401364237,Value-Add Flip
867,59077,3253,NH,Meredith,"Laconia, NH",Belknap County,664460.0040089778,5.3807595546477485,83.38289822357613,88.43214451134784,50.69722313466751,,16.428795028868066,55.85718961674672,33.833333333333336,23.635705037436217,,45.149100572260096,Value-Add Flip
868,75305,39456,MS,McLain,"Hattiesburg, MS",Greene County,136995.48097095068,7.023744080515796,94.00404702147075,55.314960629921245,59.4712639244514,,18.65698085917637,55.856753849540254,57.666666666666664,24.918700524167246,,54.54076826752701,Value-Add Flip
869,93805,81520,CO,Clifton,"Grand Junction, CO",Mesa County,323491.7692817065,2.5524957410770046,65.09945712557499,67.82075034738304,85.42628010041685,,19.221189288475397,55.83853017570342,48.666666666666664,28.71400640541728,,56.918872466363844,Value-Add Flip
870,89128,71486,LA,Zwolle,,Sabine Parish,180826.3806372295,7.1722240086232,94.96390232448782,,,,28.387779681495285,55.83792050149578,,,,95.55549320905882,Value-Add Flip
871,59502,4449,ME,Hudson,"Bangor, ME",Penobscot County,251282.34134122988,3.6444103093838915,72.15818891639877,68.9786938397406,82.22208545078443,,14.009357438376972,55.83310775481192,47.833333333333336,28.245468889741183,,34.95131834500951,Value-Add Flip
872,71201,30557,GA,Martin,"Toccoa, GA",Stephens County,318353.5679601166,-0.5321847187737735,45.15839886105888,,73.86796477615756,,59.04533691726107,55.8245268998115,,27.02387676611753,,224.77523152285048,Value-Add Flip
873,95300,87105,NM,Albuquerque,"Albuquerque, NM",Bernalillo County,270082.070397876,1.7804633874403553,60.108618578004766,78.47383047707271,100.0,37.57870140352734,13.477484389084388,55.8044055238623,41.0,31.283354714289107,0.9930695561858673,32.709505805373574,Value-Add Flip
874,62823,12901,NY,Plattsburgh,"Plattsburgh, NY",Clinton County,240600.1616529557,4.394331886113573,77.00609133288044,74.07364520611394,64.76047225912646,,19.90174545049916,55.79010042858728,44.166666666666664,25.69212186837499,,59.78737527916965,Value-Add Flip
875,59124,3446,NH,Swanzey,"Keene, NH",Cheshire County,364384.8142600511,5.9435233190148224,87.02091038090187,99.77999073645206,39.27562170496323,,14.735733533261056,55.761283930001184,25.666666666666668,21.965566564565933,,38.01294938679433,Value-Add Flip
876,94397,84029,UT,Grantsville,"Salt Lake City, UT",Tooele County,528712.9358174909,2.8307204089400404,66.8980532475055,74.99999999999999,100.0,27.053600054379572,14.878868895201428,55.75227054383367,43.5,35.336829323051596,0.9969613391516173,38.61625622794757,Value-Add Flip
877,59509,4457,ME,Lincoln,"Bangor, ME",Penobscot County,214462.74784339743,3.5841522733353406,71.76864807954736,68.9786938397406,82.22208545078443,,14.009357438376972,55.73572254559906,47.833333333333336,28.245468889741183,,34.95131834500951,Value-Add Flip
878,100376,99701,AK,Fairbanks,"Fairbanks, AK",Fairbanks North Star Borough,248810.6891438425,1.0639393775090624,55.47661626336119,92.36915238536359,67.64023838084483,,27.915394746307392,55.731423286390644,31.0,26.113219402057258,,93.5644194506726,Value-Add Flip
879,82013,54970,WI,Redgranite,,Waushara County,197000.7201690265,8.864770319664187,100.0,,,,22.86505704708837,55.716264261772096,,,,72.27755334876356,Value-Add Flip
880,82022,54982,WI,Wautoma,,Waushara County,278390.7322943865,8.478080390989053,100.0,,,,22.86505704708837,55.716264261772096,,,,72.27755334876356,Value-Add Flip
881,81981,54930,WI,Coloma,,Waushara County,261145.8124617495,12.932597246322844,100.0,,,,22.86505704708837,55.716264261772096,,,,72.27755334876356,Value-Add Flip
882,92972,79502,TX,Aspermont,,Stonewall County,86761.55810846748,9.15262533255142,100.0,,,,22.85809517644216,55.71452379411054,,,,72.24820948760204,Value-Add Flip
883,81515,53956,WI,Randolph,"Madison, WI",Columbia County,287275.8142729882,8.8731788013168,100.0,90.28485409911995,20.919883800043777,,21.836140347692393,55.68573996179984,32.5,19.281474998106578,,67.94073206779312,Value-Add Flip
884,81514,53955,WI,Poynette,"Madison, WI",Columbia County,390340.7870515416,8.209743643093715,100.0,90.28485409911995,20.919883800043777,,21.836140347692393,55.68573996179984,32.5,19.281474998106578,,67.94073206779312,Value-Add Flip
885,81484,53923,WI,Cambria,"Madison, WI",Columbia County,273936.93734930287,11.3596648392439,100.0,90.28485409911995,20.919883800043777,,21.836140347692393,55.68573996179984,32.5,19.281474998106578,,67.94073206779312,Value-Add Flip
886,81478,53911,WI,Arlington,"Madison, WI",Columbia County,352589.88186775893,8.30969081314029,100.0,90.28485409911995,20.919883800043777,,21.836140347692393,55.68573996179984,32.5,19.281474998106578,,67.94073206779312,Value-Add Flip
887,63226,13668,NY,Norwood,"Ogdensburg-Massena, NY",Saint Lawrence County,140594.56975682353,8.334736352415723,100.0,,,,22.741997232820648,55.68549930820516,,,,71.75886371950413,Value-Add Flip
888,60450,6798,CT,Woodbury,"Torrington, CT",Litchfield County,511716.6451681379,5.100150653668594,81.56888911734998,86.81102362204724,43.06608705842157,,24.608047536378823,55.67910511842361,35.0,22.51983227378851,,79.62415220455182,Value-Add Flip
889,81767,54552,WI,Park Falls,,Price County,190725.1623204157,9.090502951464323,100.0,,,,22.638586903896126,55.65964672597403,,,,71.32299547534474,Value-Add Flip
890,81770,54556,WI,Prentice,,Price County,171505.0503991745,19.110670146745274,100.0,,,,22.638586903896126,55.65964672597403,,,,71.32299547534474,Value-Add Flip
891,81702,54459,WI,Ogema,,Price County,200232.93007870807,11.160910411147015,100.0,,,,22.638586903896126,55.65964672597403,,,,71.32299547534474,Value-Add Flip
892,81745,54524,WI,Fifield,,Price County,194299.09584366943,12.144490513489908,100.0,,,,22.638586903896126,55.65964672597403,,,,71.32299547534474,Value-Add Flip
893,100028,98932,WA,Granger,"Yakima, WA",Yakima County,303591.1343573832,5.334707799439274,83.08519454056973,72.68411301528485,64.83470996833883,,13.972253182642296,55.633920876763504,45.166666666666664,25.702977373625846,,34.79492616478815,Value-Add Flip
894,83510,58072,ND,Valley City,,Barnes County,191501.3401655701,6.570965391877364,91.07703842898044,,,,31.28457131849923,55.590402436869915,,,,107.76529369657241,Value-Add Flip
895,71208,30565,GA,Nicholson,"Jefferson, GA",Jackson County,333716.34851857694,4.127359933051299,75.28023890171356,37.25104214914309,96.41985928944514,,17.564801056601144,55.582888169839165,70.66666666666667,30.32155677137482,,49.93729685605614,Value-Add Flip
896,63362,14020,NY,Batavia,"Batavia, NY",Genesee County,195156.47014406047,3.8627856193571333,73.56988612017295,100.0,5.163896366842736,,54.56907869249058,55.567520476534426,23.0,16.977535313973238,,205.9080754744553,Value-Add Flip
897,75059,38901,MS,Grenada,"Grenada, MS",Grenada County,128945.66375316994,6.763066544917012,92.31888514059403,,43.953221933309564,,34.755891351876635,55.55933850977958,,22.64955472070581,,122.39669641619768,Value-Add Flip
898,100220,99501,AK,Anchorage,"Anchorage, AK",Anchorage Borough,338888.58447939105,4.505149210971869,77.72247501037293,96.30616025937934,72.77623623681933,19.310577888761486,16.906296235464914,55.554950781044454,28.166666666666668,26.864237345437232,0.9998244148378213,47.16173910332287,Value-Add Flip
899,99428,97823,OR,,,Gilliam County,209213.05018240257,11.426531074822806,100.0,,,,22.216585449091998,55.554146362273,,,,69.54428502106849,Value-Add Flip
900,93917,82412,WY,Byron,,Big Horn County,238799.15073036496,5.580511581236509,84.67420435803854,,,,37.52132843424491,55.54888319807086,,,,134.052845448515,Value-Add Flip
901,94570,84501,UT,Price,"Price, UT",Carbon County,300305.7164067198,4.2297222877639795,75.94196503704148,,82.9148619622595,,19.915275848797293,55.54728261391159,,28.34677103305589,,59.8444050847057,Value-Add Flip
902,71577,31560,GA,Screven,"Jesup, GA",Wayne County,198986.6526036813,5.3089840713111744,82.91890232065927,,45.75908059075237,,42.54077511900112,55.51673547806557,,22.91361874350714,,155.20950780410354,Value-Add Flip
903,94456,84093,UT,Sandy,"Salt Lake City, UT",Salt Lake County,766056.7585940372,3.148973764404116,68.95541665573805,74.99999999999999,100.0,27.053600054379572,11.839060973610513,55.50665941549408,43.5,35.336829323051596,0.9969613391516173,25.803650803079737,Value-Add Flip
904,92885,79248,TX,,,Cottle County,64733.92018015307,25.84760784559118,100.0,,,,21.96470213994167,55.491175534985416,,,,68.48261219946333,Value-Add Flip
905,62726,12759,NY,Loch Sheldrake,,Sullivan County,299806.9540196907,7.239285641956665,95.39742532793076,,,,26.54921621977444,55.4866603869263,,,,87.80606008985056,Value-Add Flip
906,60800,7762,NJ,Spring Lake,"New York-Newark-Jersey City, NY-NJ-PA",Monmouth County,1332962.247149117,8.167169906767809,100.0,,,,21.94508598353262,55.48627149588316,,,,68.39993129379278,Value-Add Flip
907,63376,14036,NY,Corfu,"Batavia, NY",Genesee County,262404.47593179205,3.8099551292442184,73.22836099457353,100.0,5.163896366842736,,54.56907869249058,55.48213919513458,23.0,16.977535313973238,,205.9080754744553,Value-Add Flip
908,94477,84117,UT,Holladay,"Salt Lake City, UT",Salt Lake County,671011.6622084688,3.132204158905162,68.84700877210793,74.99999999999999,100.0,27.053600054379572,11.839060973610513,55.47955744458655,43.5,35.336829323051596,0.9969613391516173,25.803650803079737,Value-Add Flip
909,73336,35128,AL,Pell City,"Birmingham-Hoover, AL",Saint Clair County,304081.09758456744,1.5374022104674536,58.5373384551706,,,,63.351502606874924,55.47221026551138,,,,242.92545788526178,Value-Add Flip
910,59522,4474,ME,Orrington,"Bangor, ME",Penobscot County,327560.2585056591,3.3959130675446514,70.55176710299398,68.9786938397406,82.22208545078443,,14.009357438376972,55.43150230146071,47.833333333333336,28.245468889741183,,34.95131834500951,Value-Add Flip
911,59135,3461,NH,Rindge,"Keene, NH",Cheshire County,455950.37903633126,5.719348859974737,85.57172431209558,99.77999073645206,39.27562170496323,,14.735733533261056,55.39898741279961,25.666666666666668,21.965566564565933,,38.01294938679433,Value-Add Flip
912,59110,3301,NH,Concord,"Concord, NH",Merrimack County,451923.8145334391,4.757604394972173,79.35448312234857,100.0,48.88225762495529,,13.10079847833287,55.39027192516142,22.5,23.370309353358184,,31.121797611942632,Value-Add Flip
913,67026,21766,MD,Little Orleans,"Cumberland, MD-WV",Allegany County,215366.40977031484,7.178103754507817,95.00191221134378,,,,26.513598597649302,55.37887770224827,,,,87.65593397983548,Value-Add Flip
914,73644,35907,AL,Southside,"Gadsden, AL",Etowah County,275016.7411294225,3.681716720939946,72.39935792439233,41.882816118573395,72.48762019572241,,35.90614054799537,55.35632107502742,67.33333333333333,26.822034090745657,,127.24492678807846,Value-Add Flip
915,83709,58504,ND,Bismarck,"Bismarck, ND",Burleigh County,342907.2585179883,4.515148148309493,77.78711359924073,81.25289485873088,57.63484272741053,,18.705670334835624,55.338098757810826,39.0,24.65016745440035,,54.74599144479907,Value-Add Flip
916,71217,30577,GA,Toccoa,"Toccoa, GA",Stephens County,223195.92136062097,-0.8355709963168161,43.19714435969859,,73.86796477615756,,59.04533691726107,55.33421327447143,,27.02387676611753,,224.77523152285048,Value-Add Flip
917,98107,95323,CA,Hickman,"Modesto, CA",Stanislaus County,603837.1947518691,6.715799015978187,92.01332203256487,77.08429828624362,69.96295400877821,24.42411499236276,12.413571204559506,55.32557610282769,42.0,26.452861505279294,0.9979336229172154,28.225176469032576,Value-Add Flip
918,100355,99676,AK,Talkeetna,"Anchorage, AK",Matanuska Susitna Borough,247756.8280616117,5.384709744830851,83.40843440913001,96.30616025937934,72.77623623681933,19.310577888761486,10.164346165579314,55.29095311326232,28.166666666666668,26.864237345437232,0.9998244148378213,18.744829789396388,Value-Add Flip
919,92737,78943,TX,Glidden,,Colorado County,175245.12799102833,9.97902070470411,100.0,,,,21.076154850919533,55.26903871272988,,,,64.73743944209437,Value-Add Flip
920,93262,80133,CO,Palmer Lake,"Colorado Springs, CO",El Paso County,507318.72231009393,1.0360908267205793,55.2965880299401,61.56785548865214,100.0,25.25047201737381,33.401067803218496,55.19716308419354,53.166666666666664,35.60633404670512,0.9976280674563337,116.68619759619628,Value-Add Flip
921,83786,58701,ND,Minot,"Minot, ND",Ward County,278255.2105812776,3.397650005267573,70.56299561654194,87.04261232051874,65.74153470118665,,15.37329969498778,55.188772616197575,34.833333333333336,25.835578995543823,,40.700251964181106,Value-Add Flip
922,100093,99116,WA,,,Okanogan County,220622.4594868965,8.097844588507149,100.0,,,,20.747438038911643,55.18685950972791,,,,63.35191808106926,Value-Add Flip
923,94011,82935,WY,Green River,"Rock Springs, WY",Sweetwater County,292022.7535024343,5.406138800699002,83.5469635233064,71.17878647522,57.96465160151655,,17.932578729104538,55.139633854689045,46.25,24.6983941844897,,51.48745736731504,Value-Add Flip
924,94458,84095,UT,South Jordan,"Salt Lake City, UT",Salt Lake County,737057.6330706632,2.9181089129472135,67.46298023840046,74.99999999999999,100.0,27.053600054379572,11.839060973610513,55.13355031115968,43.5,35.336829323051596,0.9969613391516173,25.803650803079737,Value-Add Flip
925,83788,58703,ND,Minot,"Minot, ND",Ward County,261209.1361460765,3.3549246671038238,70.28679570903657,87.04261232051874,65.74153470118665,,15.37329969498778,55.11972263932123,34.833333333333336,25.835578995543823,,40.700251964181106,Value-Add Flip
926,93571,80836,CO,Stratton,,Kit Carson County,210015.1222837068,8.804467087136244,100.0,,,,20.400528534827632,55.10013213370691,,,,61.88971562992269,Value-Add Flip
927,93019,79567,TX,Winters,,Runnels County,91250.9464462406,10.734575514132695,100.0,,,,20.371011529829598,55.0927528824574,,,,61.765303249891204,Value-Add Flip
928,422747,99623,AK,Meadow Lakes,"Anchorage, AK",Matanuska Susitna Borough,351216.7058984078,5.246872278571047,82.51737778868092,96.30616025937934,72.77623623681933,19.310577888761486,10.164346165579314,55.068188958150046,28.166666666666668,26.864237345437232,0.9998244148378213,18.744829789396388,Value-Add Flip
929,59112,3303,NH,Boscawen,"Concord, NH",Merrimack County,412320.6549483832,4.548869720285112,78.00510824740256,100.0,48.88225762495529,,13.10079847833287,55.05292820642492,22.5,23.370309353358184,,31.121797611942632,Value-Add Flip
930,83763,58630,ND,Gladstone,"Dickinson, ND",Stark County,346564.18552478583,3.9819618519305946,74.34030633984389,68.74710514126909,65.13497315695524,,22.47693653134891,55.04337112037961,48.0,25.746883747559608,,70.64164899107529,Value-Add Flip
931,92704,78839,TX,Crystal City,,Zavala County,78087.92290466832,7.468430305394932,96.8787415109517,,,,23.26473590601363,55.035869354241335,,,,73.96217541968399,Value-Add Flip
932,97170,93235,CA,Ivanhoe,"Visalia, CA",Tulare County,254274.8152959887,7.070930461803586,94.30908554678919,70.13663733209819,55.35258310128346,,9.452247547048866,55.031345493530935,47.0,24.316441082478434,,15.74337744169376,Value-Add Flip
933,94466,84106,UT,,"Salt Lake City, UT",Salt Lake County,577587.8518553468,2.8508620615876046,67.02825988453532,74.99999999999999,100.0,27.053600054379572,11.839060973610513,55.024870222693394,43.5,35.336829323051596,0.9969613391516173,25.803650803079737,Value-Add Flip
934,99309,97465,OR,Port Orford,"Brookings, OR",Curry County,370658.0162533736,-1.2579674934054044,40.46654283749797,,39.29254149821661,,88.18775959390577,55.02208390749425,,21.968040683264558,,347.6087698620596,Value-Add Flip
935,93067,79758,TX,Gardendale,"Odessa, TX",Ector County,381767.45130701456,4.927531129991988,80.45298229198153,,76.49579364026685,,18.388940406887844,55.009639402770716,,27.40813444776398,,53.4109940707157,Value-Add Flip
936,59774,5034,VT,Bridgewater,"Lebanon, NH-VT",Windsor County,477678.98529925634,14.79967603052744,100.0,,,,20.017624544354,55.0044061360885,,,,60.275798608817475,Value-Add Flip
937,73675,35987,AL,Steele,"Birmingham-Hoover, AL",Saint Clair County,181967.6778899813,1.228603833611613,56.541097189659354,,,,63.351502606874924,54.97314994913357,,,,242.92545788526178,Value-Add Flip
938,59068,3242,NH,Henniker,"Concord, NH",Merrimack County,482508.3324533607,4.497214602250696,77.67118136849511,100.0,48.88225762495529,,13.10079847833287,54.96944648669806,22.5,23.370309353358184,,31.121797611942632,Value-Add Flip
939,59143,3470,NH,Winchester,"Keene, NH",Cheshire County,324496.4357958464,5.450410900467658,83.83316254212534,99.77999073645206,39.27562170496323,,14.735733533261056,54.96434697030705,25.666666666666668,21.965566564565933,,38.01294938679433,Value-Add Flip
940,83708,58503,ND,Bismarck,"Bismarck, ND",Burleigh County,437754.25940798456,4.27970819990061,76.26510125789002,81.25289485873088,57.63484272741053,,18.705670334835624,54.95759567247315,39.0,24.65016745440035,,54.74599144479907,Value-Add Flip
941,94481,84121,UT,Cottonwood Heights,"Salt Lake City, UT",Salt Lake County,716398.6862011763,2.7689334352686785,66.49862852329005,74.99999999999999,100.0,27.053600054379572,11.839060973610513,54.89246238238208,43.5,35.336829323051596,0.9969613391516173,25.803650803079737,Value-Add Flip
942,73642,35905,AL,Glencoe,"Gadsden, AL",Etowah County,203827.6602583931,3.3765169346262307,70.4263799124351,41.882816118573395,72.48762019572241,,35.90614054799537,54.8630765720381,67.33333333333333,26.822034090745657,,127.24492678807846,Value-Add Flip
943,94391,84023,UT,Dutch John,,Daggett County,317157.086060984,11.075916276672139,100.0,,,,19.37065290454008,54.842663226135016,,,,57.54885251359278,Value-Add Flip
944,73735,36080,AL,Titus,"Montgomery, AL",Elmore County,290298.3292175315,5.799377642241,86.08907404435503,66.43121815655395,43.81846058719767,56.03599957270966,24.31901547736462,54.73579715725898,49.666666666666664,22.629849068203185,0.9862447479274263,78.40589966267807,Value-Add Flip
945,88785,70762,LA,Oscar,"Baton Rouge, LA",Pointe Coupee Parish,297036.3361791827,1.3850992368384714,57.55276889909362,42.345993515516426,71.5654368605229,49.340793368392774,49.065891864639724,54.72077059562429,67.0,26.68718663729215,0.9887203810442755,182.7124778500893,Value-Add Flip
946,93856,82007,WY,Cheyenne,"Cheyenne, WY",Laramie County,310196.09386595973,4.508487374718292,77.74405472296563,77.08429828624362,65.02823336083935,,12.861116776221035,54.71958428990108,42.0,25.73127558252455,,30.111553821567732,Value-Add Flip
947,100138,99166,WA,Republic,,Ferry County,270595.4346681814,7.293348371891403,95.7469163243562,,,,23.035924763004093,54.69571027184008,,,,72.99775037447918,Value-Add Flip
948,100473,99835,AK,Sitka,,Sitka Borough,484730.7958963341,9.574848453990501,100.0,,,,18.711200819030168,54.677800204757546,,,,54.769302099163085,Value-Add Flip
949,75309,39461,MS,Neely,,Greene County,149968.2391286471,12.403085650739246,100.0,,,,18.65698085917637,54.66424521479409,,,,54.54076826752701,Value-Add Flip
950,75302,39451,MS,Leakesville,,Greene County,141311.8191351587,13.898850362796136,100.0,,,,18.65698085917637,54.66424521479409,,,,54.54076826752701,Value-Add Flip
951,93799,81501,CO,Grand Junction,"Grand Junction, CO",Mesa County,338780.229226639,1.8083102315440545,60.288635778483815,67.82075034738304,85.42628010041685,,19.221189288475397,54.63582483893063,48.666666666666664,28.71400640541728,,56.918872466363844,Value-Add Flip
952,99417,97760,OR,Terrebonne,"Bend, OR",Jefferson County,570853.1222875275,1.4119675694297533,57.72646046703615,47.440944881889735,94.10617876842498,68.71409446371621,15.807864769128013,54.628072964566925,63.333333333333336,29.983235838371787,0.9815568696735056,42.531917309494496,Value-Add Flip
953,75447,39837,GA,Colquitt,,Miller County,157751.20842670446,2.5194327815296824,64.88572010765309,,,,53.61841125466482,54.62603284057947,,,,201.9010700697333,Value-Add Flip
954,89273,71958,AR,Murfreesboro,,Pike County,170374.1082368349,2.8024639844153243,66.71538829561564,,,,51.72278173380417,54.60954250735495,,,,193.9111069835764,Value-Add Flip
955,100236,99518,AK,Anchorage,"Anchorage, AK",Anchorage Borough,325904.4103599536,3.8865037212838724,73.72321287754727,96.30616025937934,72.77623623681933,19.310577888761486,16.906296235464914,54.55513524783804,28.166666666666668,26.864237345437232,0.9998244148378213,47.16173910332287,Value-Add Flip
956,93802,81504,CO,Grand Junction,"Grand Junction, CO",Mesa County,374927.97563199495,1.7466716626225147,59.89017042357789,67.82075034738304,85.42628010041685,,19.221189288475397,54.53620850020415,48.666666666666664,28.71400640541728,,56.918872466363844,Value-Add Flip
957,88787,70764,LA,Plaquemine,"Baton Rouge, LA",Iberville Parish,167091.80090690756,5.1121382528883395,81.6463835021344,42.345993515516426,71.5654368605229,49.340793368392774,24.166771680153374,54.5193942002629,67.0,26.68718663729215,0.9887203810442755,77.76420132108338,Value-Add Flip
958,89100,71449,LA,Many,,Sabine Parish,216713.61099897945,6.3547326715330446,89.67919209409962,,,,28.387779681495285,54.51674294389873,,,,95.55549320905882,Value-Add Flip
959,59470,4401,ME,Bangor,"Bangor, ME",Penobscot County,295696.0233841955,2.822160762049198,66.84271901772205,68.9786938397406,82.22208545078443,,14.009357438376972,54.50424028014274,47.833333333333336,28.245468889741183,,34.95131834500951,Value-Add Flip
960,71540,31510,GA,Alma,"Waycross, GA",Bacon County,149774.50429483826,3.286175744704114,69.84236514806311,27.061139416396458,66.34702076395484,,48.83876936633609,54.49885869385024,78.0,25.92411697985712,,181.75517033957013,Value-Add Flip
961,73693,36025,AL,Elmore,"Montgomery, AL",Elmore County,233808.292137344,5.6465457899364955,85.1010855278312,66.43121815655395,43.81846058719767,56.03599957270966,24.31901547736462,54.48880002812803,49.666666666666664,22.629849068203185,0.9862447479274263,78.40589966267807,Value-Add Flip
962,100271,99574,AK,Cordova,,Valdez Cordova Borough,358510.29676598153,6.508472572759348,90.67305073451224,,,,27.264899541016042,54.48448756888207,,,,90.82262174136059,Value-Add Flip
963,71304,30746,GA,Sugar Valley,"Calhoun, GA",Gordon County,286490.65173359454,3.834824843446817,73.38913240230627,53.92542843909216,81.82786101736049,,16.654889164987065,54.465391861159254,58.666666666666664,28.187822911000016,,46.102073598744276,Value-Add Flip
964,88563,70372,LA,Labadieville,"Houma-Thibodaux, LA",Lafourche Parish,152582.72443575822,11.019834560854482,100.0,,,,17.714969327161047,54.42874233179026,,,,50.570246979105974,Value-Add Flip
965,60165,6112,CT,Hartford,"Hartford-East Hartford-Middletown, CT",Hartford County,245884.34998523173,8.060392388975036,100.0,,,,17.665300187032944,54.41632504675824,,,,50.3608945757078,Value-Add Flip
966,60124,6067,CT,Rocky Hill,"Hartford-East Hartford-Middletown, CT",Hartford County,393051.91962390096,8.329234523168585,100.0,,,,17.665300187032944,54.41632504675824,,,,50.3608945757078,Value-Add Flip
967,60171,6120,CT,Hartford,"Hartford-East Hartford-Middletown, CT",Hartford County,207100.45033221715,11.844706039023729,100.0,,,,17.665300187032944,54.41632504675824,,,,50.3608945757078,Value-Add Flip
968,60144,6088,CT,East Windsor,"Hartford-East Hartford-Middletown, CT",Hartford County,309779.66077835043,8.171234092883639,100.0,,,,17.665300187032944,54.41632504675824,,,,50.3608945757078,Value-Add Flip
969,60156,6103,CT,Hartford,"Hartford-East Hartford-Middletown, CT",Hartford County,165507.3456209039,19.662055028993855,100.0,,,,17.665300187032944,54.41632504675824,,,,50.3608945757078,Value-Add Flip
970,93071,79762,TX,Odessa,"Odessa, TX",Ector County,254517.7879875069,4.545066425930776,77.98052167666889,,76.49579364026685,,18.388940406887844,54.39152424894256,,27.40813444776398,,53.4109940707157,Value-Add Flip
971,99295,97450,OR,Langlois,"Brookings, OR",Curry County,419400.003377554,-1.653806040414158,37.90762640126366,,39.29254149821661,,88.18775959390577,54.38235479843567,,21.968040683264558,,347.6087698620596,Value-Add Flip
972,59118,3440,NH,Antrim,"Manchester-Nashua, NH",Hillsborough County,415545.80824773386,7.210290832107456,95.20998705025593,,,,22.17426811981821,54.346063792518535,,,,69.36592005308212,Value-Add Flip
973,58918,2817,RI,West Greenwich,"Providence-Warwick, RI-MA",Kent County,563830.3994892379,8.073833179359735,100.0,,,,17.319240564237678,54.32981014105942,,,,48.90227432248016,Value-Add Flip
974,100344,99664,AK,Seward,,Kenai Peninsula Borough,373272.80694046704,10.41482023212782,100.0,,,,17.14970038780638,54.287425096951594,,,,48.187672794913965,Value-Add Flip
975,100289,99603,AK,Homer,,Kenai Peninsula Borough,387704.63789003,9.754409530396108,100.0,,,,17.14970038780638,54.287425096951594,,,,48.187672794913965,Value-Add Flip
976,95916,89439,NV,Verdi,"Reno, NV",Washoe County,802738.8800967842,2.244953148174084,63.11133393300478,65.96804075961091,88.88668416473553,43.3892035765121,17.27466843785743,54.27742407608111,50.0,29.22000847483505,0.9909210530380942,48.71440552188878,Value-Add Flip
977,59192,3771,NH,Monroe,"Lebanon, NH-VT",Grafton County,375022.7770678757,11.319395112108806,100.0,,,,17.10204958460303,54.27551239615076,,,,47.98682755884292,Value-Add Flip
978,100143,99173,WA,Springdale,"Spokane-Spokane Valley, WA",Stevens County,304504.3835777386,9.140206159284075,100.0,,,,17.071872721113802,54.26796818027845,,,,47.85963391542178,Value-Add Flip
979,71120,30428,GA,Glenwood,"Dublin, GA",Wheeler County,151442.0628129302,2.2686053072066943,63.264234399516525,37.25104214914309,45.01693277562418,,65.4168140163553,54.26130498146425,70.66666666666667,22.805097217324423,,251.63061980723631,Value-Add Flip
980,71178,30530,GA,Commerce,"Jefferson, GA",Jackson County,361024.76508256287,3.3069542421053346,69.9766886972021,37.25104214914309,96.41985928944514,,17.564801056601144,54.2570006187113,70.66666666666667,30.32155677137482,,49.93729685605614,Value-Add Flip
981,73347,35146,AL,Springville,"Birmingham-Hoover, AL",Saint Clair County,322882.8912515834,0.7715643606957637,53.58654456185181,,,,63.351502606874924,54.234511792181685,,,,242.92545788526178,Value-Add Flip
982,100367,99688,AK,Willow,"Anchorage, AK",Matanuska Susitna Borough,256354.99630154416,4.6923737349625085,78.932796529907,96.30616025937934,72.77623623681933,19.310577888761486,10.164346165579314,54.17204364345657,28.166666666666668,26.864237345437232,0.9998244148378213,18.744829789396388,Value-Add Flip
983,59132,3456,NH,Marlow,"Keene, NH",Cheshire County,342630.9261796753,4.944496766335186,80.56265742599221,99.77999073645206,39.27562170496323,,14.735733533261056,54.14672069127377,25.666666666666668,21.965566564565933,,38.01294938679433,Value-Add Flip
984,59483,4419,ME,Carmel,"Bangor, ME",Penobscot County,316598.57253928646,2.5841323223472,65.30397325572534,68.9786938397406,82.22208545078443,,14.009357438376972,54.11955383964356,47.833333333333336,28.245468889741183,,34.95131834500951,Value-Add Flip
985,88912,71106,LA,Shreveport,"Shreveport-Bossier City, LA",Caddo Parish,212591.77159633505,1.0128592922790696,55.14640671038305,,,,61.26648610551445,54.10322320397437,,,,234.13724020001777,Value-Add Flip
986,59126,3448,NH,Gilsum,"Keene, NH",Cheshire County,322466.1630126522,4.9173998831396375,80.38748838218943,99.77999073645206,39.27562170496323,,14.735733533261056,54.102928430323075,25.666666666666668,21.965566564565933,,38.01294938679433,Value-Add Flip
987,66896,21529,MD,Cumberland,"Cumberland, MD-WV",Allegany County,172814.36904583935,6.386791665786654,89.88643893234878,,,,26.513598597649302,54.100009382499515,,,,87.65593397983548,Value-Add Flip
988,66881,21405,MD,Annapolis,"Baltimore-Columbia-Towson, MD",Anne Arundel County,1474656.521206418,7.458120532557931,96.81209351174645,,,,19.435668885783763,54.06194059938256,,,,57.82289091847659,Value-Add Flip
989,100233,99515,AK,Anchorage,"Anchorage, AK",Anchorage Borough,452515.997243165,3.5784435564937995,71.73174381778202,96.30616025937934,72.77623623681933,19.310577888761486,16.906296235464914,54.057267982896725,28.166666666666668,26.864237345437232,0.9998244148378213,47.16173910332287,Value-Add Flip
990,66911,21557,MD,Rawlings,"Cumberland, MD-WV",Allegany County,169393.40509185594,6.343480238209354,89.60645022295743,,,,26.513598597649302,54.030012205151685,,,,87.65593397983548,Value-Add Flip
991,100489,99929,AK,Wrangell,,Wrangell Borough,293897.5739545221,7.851559357337735,99.35549683360506,,,,16.62614911689398,53.99541148762476,,,,45.98093604479131,Value-Add Flip
992,66050,19733,DE,New Castle,"Philadelphia-Camden-Wilmington, PA-NJ-DE-MD",New Castle County,308904.85416056216,9.588203507716605,100.0,,,,15.977969634253547,53.99449240856339,,,,43.24889896554702,Value-Add Flip
993,73574,35672,AL,Town Creek,"Decatur, AL",Lawrence County,213659.9174709516,1.1555498820551686,56.06883657031771,40.72487262621581,79.88872055882892,,41.525446619130456,53.9850458030602,68.16666666666667,27.90426958408474,,150.92995995732468,Value-Add Flip
994,88556,70358,LA,Grand Isle,"New Orleans-Metairie, LA",Jefferson Parish,259565.9361633432,20.61099658488277,100.0,,,,15.85652016669413,53.964130041673535,,,,42.73699684967758,Value-Add Flip
995,88415,70002,LA,Metairie,"New Orleans-Metairie, LA",Jefferson Parish,339344.7703106453,11.604369324222933,100.0,,,,15.85652016669413,53.964130041673535,,,,42.73699684967758,Value-Add Flip
996,71285,30720,GA,Dalton,"Dalton, GA",Whitfield County,264875.5562159832,4.620310614357758,78.46694118268192,53.230662343677615,70.2005547854657,,19.239373876686432,53.951289073486876,59.166666666666664,26.487604986810492,,56.99551939918709,Value-Add Flip
997,59175,3743,NH,Claremont,"Lebanon, NH-VT",Sullivan County,274221.3199132259,6.287435520106374,89.24414657314473,,,,26.54921621977444,53.9483406982298,,,,87.80606008985056,Value-Add Flip
998,100034,98938,WA,Outlook,"Yakima, WA",Yakima County,351292.3924713633,4.276577328402129,76.24486159553844,72.68411301528485,64.83470996833883,,13.972253182642296,53.92383764050568,45.166666666666664,25.702977373625846,,34.79492616478815,Value-Add Flip
999,88806,70788,LA,White Castle,"Baton Rouge, LA",Iberville Parish,132258.54915413648,4.722439025801176,79.12715498101946,42.345993515516426,71.5654368605229,49.340793368392774,24.166771680153374,53.88958706998417,67.0,26.68718663729215,0.9887203810442755,77.76420132108338,Value-Add Flip
1000,93956,82636,WY,Evansville,"Casper, WY",Natrona County,312346.377531985,3.6562846529227184,72.23495115464114,84.72672533580361,56.691727551228254,,17.119876982824923,53.886061344982714,36.5,24.51225921536888,,48.06196895759603,Value-Add Flip
1001,60028,5822,VT,Barton,,Orleans County,242846.12563808385,5.362514268695027,83.26495073599307,,,,32.23144432912634,53.87409876627985,,,,111.75630582153346,Value-Add Flip
1002,93851,82001,WY,Cheyenne,"Cheyenne, WY",Laramie County,334033.8439015679,3.965925666411806,74.23663968330268,77.08429828624362,65.02823336083935,,12.861116776221035,53.84273052998534,42.0,25.73127558252455,,30.111553821567732,Value-Add Flip
1003,70957,30206,GA,Concord,"Atlanta-Sandy Springs-Alpharetta, GA",Pike County,359808.3301024396,2.325476772305147,63.631882593187626,,,,51.72278173380417,53.83866608174795,,,,193.9111069835764,Value-Add Flip
1004,71746,32040,FL,Glen Saint Mary,"Jacksonville, FL",Baker County,370897.0465339876,1.6846768388064555,59.489402042572145,10.386753126447388,99.10935147858811,89.5854067665044,16.43303068492484,53.79830246153463,90.0,30.714831252647635,0.9738394506199194,45.16695360481041,Value-Add Flip
1005,99219,97358,OR,Lyons,"Salem, OR",Marion County,482138.366672336,3.9771702716683013,74.30933094954557,71.06299212598424,82.88224054444188,20.075656620771056,19.840944687846413,53.78481433024967,46.333333333333336,28.342000923954107,0.999541517763682,59.53110376416123,Value-Add Flip
1006,59764,4987,ME,Troy,,Waldo County,242274.37268759287,9.985168337066671,100.0,,,,15.009974038661925,53.752493509665484,,,,39.16885643021658,Value-Add Flip
1007,58937,2840,RI,Newport,"Providence-Warwick, RI-MA",Newport County,893450.8583731394,7.076945805151206,94.34797200966185,,,,20.54122490220097,53.722299227965706,,,,62.48274225738254,Value-Add Flip
1008,99986,98830,WA,Bridgeport,"Wenatchee, WA",Douglas County,256231.33400680765,5.353280638277725,83.20525950880082,61.56785548865214,54.32145883108791,,21.210140559769588,53.70332010665801,53.166666666666664,24.165663599604173,,65.30218105220523,Value-Add Flip
1009,73291,35054,AL,Pell City,"Birmingham-Hoover, AL",Saint Clair County,417080.3408132477,0.4315837105644967,51.388724061052315,,,,63.351502606874924,53.68505666698181,,,,242.92545788526178,Value-Add Flip
1010,66891,21521,MD,Barton,"Cumberland, MD-WV",Garrett County,112493.49414316044,9.476790600456663,100.0,,,,14.673489539929626,53.668372384982405,,,,37.7505947422922,Value-Add Flip
1011,60594,7087,NJ,Union City,"New York-Newark-Jersey City, NY-NJ-PA",Hudson County,559811.6899509835,9.24607785904888,100.0,,,,14.629767759626253,53.65744193990656,,,,37.56631009867344,Value-Add Flip
1012,59420,4263,ME,Leeds,"Lewiston-Auburn, ME",Androscoggin County,335997.76049633115,10.363726398408673,100.0,,,,14.486535339748489,53.62163383493712,,,,36.962594164219816,Value-Add Flip
1013,59413,4256,ME,Mechanic Falls,"Lewiston-Auburn, ME",Androscoggin County,291956.3109427506,8.26493277109644,100.0,,,,14.486535339748489,53.62163383493712,,,,36.962594164219816,Value-Add Flip
1014,59535,4493,ME,Enfield,"Bangor, ME",Penobscot County,218858.79656239145,2.252074278659725,63.15736880753121,68.9786938397406,82.22208545078443,,14.009357438376972,53.58290272759503,47.833333333333336,28.245468889741183,,34.95131834500951,Value-Add Flip
1015,73663,35972,AL,Gallant,"Gadsden, AL",Etowah County,218276.31822198257,2.574790329313355,65.24358151343006,41.882816118573395,72.48762019572241,,35.90614054799537,53.567376972286844,67.33333333333333,26.822034090745657,,127.24492678807846,Value-Add Flip
1016,95939,89511,NV,Reno,"Reno, NV",Washoe County,1076957.338407104,1.7938293587679237,60.195023512478194,65.96804075961091,88.88668416473553,43.3892035765121,17.27466843785743,53.54834647094946,50.0,29.22000847483505,0.9909210530380942,48.71440552188878,Value-Add Flip
1017,95957,89706,NV,Carson City,"Carson City, NV",Carson City,441661.7325855733,0.3184411054564182,50.657308502771606,70.36822603056969,100.0,,11.289953409729552,53.54204938271074,46.833333333333336,31.604261298999397,,23.48919583313049,Value-Add Flip
1018,59500,4444,ME,Hampden,"Bangor, ME",Penobscot County,343048.4156746155,2.224256437551955,62.97753909824914,68.9786938397406,82.22208545078443,,14.009357438376972,53.5379453002745,47.833333333333336,28.245468889741183,,34.95131834500951,Value-Add Flip
1019,73565,35651,AL,Mount Hope,"Decatur, AL",Lawrence County,236035.3780562554,0.8773293871060331,54.27026742438043,40.72487262621581,79.88872055882892,,41.525446619130456,53.53540351657588,68.16666666666667,27.90426958408474,,150.92995995732468,Value-Add Flip
1020,66886,21502,MD,Cumberland,"Cumberland, MD-WV",Allegany County,149169.54727941065,6.0325803565337015,87.59662368318506,,,,26.513598597649302,53.527555570208584,,,,87.65593397983548,Value-Add Flip
1021,93946,82601,WY,Casper,"Casper, WY",Natrona County,279234.92449443653,3.4267114960489815,70.7508649561603,84.72672533580361,56.691727551228254,,17.119876982824923,53.515039795362505,36.5,24.51225921536888,,48.06196895759603,Value-Add Flip
1022,96581,92008,CA,Carlsbad,"San Diego-Chula Vista-Carlsbad, CA",San Diego County,1408243.1573204072,40.73362792188157,100.0,,,,13.992322028628697,53.49808050715718,,,,34.87951512948221,Value-Add Flip
1023,95003,85619,AZ,Mount Lemmon,"Tucson, AZ",Pima County,546155.8487039594,2.7670198431525272,66.48625801931746,47.67253358036127,89.44645134294484,54.50966940038256,14.39357075342898,53.43657790888715,63.166666666666664,29.301861155996384,0.9868091268885139,36.57075408954346,Value-Add Flip
1024,73340,35135,AL,Riverside,"Birmingham-Hoover, AL",Saint Clair County,300403.2409699098,0.26736347383559755,50.32711481126246,,,,63.351502606874924,53.419654354534345,,,,242.92545788526178,Value-Add Flip
1025,99651,98239,WA,Coupeville,"Oak Harbor, WA",Island County,620979.0264445181,1.6754607823033805,59.42982442275417,65.50486336266789,81.2104864025202,,19.950457963937346,53.4128973815771,50.333333333333336,28.097546507750938,,59.99269555927814,Value-Add Flip
1026,73647,35952,AL,Altoona,"Gadsden, AL",Etowah County,200105.4894106234,2.4691319876926525,64.56054831961507,41.882816118573395,72.48762019572241,,35.90614054799537,53.396618673833096,67.33333333333333,26.822034090745657,,127.24492678807846,Value-Add Flip
1027,71763,32063,FL,Macclenny,"Jacksonville, FL",Baker County,295467.84216024505,1.4316927052779367,57.853974512119166,10.386753126447388,99.10935147858811,89.5854067665044,16.43303068492484,53.38944557892139,90.0,30.714831252647635,0.9738394506199194,45.16695360481041,Value-Add Flip
1028,100214,99362,WA,Walla Walla,"Walla Walla, WA",Walla Walla County,405130.0455980364,2.650731928158471,65.7345094610672,57.39925891616488,83.7061428141788,,16.269769079713708,53.35218703545572,56.166666666666664,28.462477101225897,,44.47881587290201,Value-Add Flip
1029,97173,93239,CA,Huron,"Fresno, CA",Fresno County,209283.5574567738,9.057566634653512,100.0,76.85270958777211,53.08204422740423,20.675763464018516,12.255157891715335,53.30946927617827,42.166666666666664,23.98442859274551,0.9993196210319827,27.557473994444553,Value-Add Flip
1030,61154,8730,NJ,Brielle,"New York-Newark-Jersey City, NY-NJ-PA",Monmouth County,1193926.1435978615,6.589311188824885,91.1956356744978,,,,21.94508598353262,53.28518041450761,,,,68.39993129379278,Value-Add Flip
1031,98365,95674,CA,Rio Oso,"Yuba City, CA",Sutter County,617179.3630493422,2.064495929131906,61.944759966589245,66.19962945808243,86.38266512310999,,12.221854085529207,53.24813095636397,49.833333333333336,28.85385504495417,,27.417100477822558,Value-Add Flip
1032,72116,32622,FL,,"Gainesville, FL",Bradford County,261466.8061852021,1.1812934843597211,56.23525726775308,36.09309865678553,68.66594468013561,89.48676137953504,26.35264037329787,53.21714235173795,71.5,26.263204635113606,0.9738759259396262,86.9775048580958,Value-Add Flip
1033,60726,7627,NJ,Demarest,"New York-Newark-Jersey City, NY-NJ-PA",Bergen County,1360408.2317793765,9.580973450124427,100.0,,,,12.77737660936484,53.19434415234121,,,,29.75859411364662,Value-Add Flip
1034,60732,7641,NJ,Haworth,"New York-Newark-Jersey City, NY-NJ-PA",Bergen County,1112425.7995651169,8.02859449655363,100.0,,,,12.77737660936484,53.19434415234121,,,,29.75859411364662,Value-Add Flip
1035,60658,7417,NJ,Franklin Lakes,"New York-Newark-Jersey City, NY-NJ-PA",Bergen County,1487485.0715968718,9.095155659788395,100.0,,,,12.77737660936484,53.19434415234121,,,,29.75859411364662,Value-Add Flip
1036,99346,97525,OR,Gold Hill,"Medford, OR",Jackson County,440392.6788837777,2.415391549579027,64.21314079344418,62.03103288559517,87.00440510826539,40.16845086570476,17.564801056601144,53.1752890468594,52.833333333333336,28.944769780135637,0.9921119651368008,49.93729685605614,Value-Add Flip
1037,60830,7843,NJ,Hopatcong,"New York-Newark-Jersey City, NY-NJ-PA",Sussex County,439930.3653913126,8.111220444104232,100.0,,,,12.590875202333738,53.147718800583434,,,,28.97250203115031,Value-Add Flip
1038,95945,89523,NV,Reno,"Reno, NV",Washoe County,620012.3651660372,1.5359462584726007,58.52792638674483,65.96804075961091,88.88668416473553,43.3892035765121,17.27466843785743,53.13157218951612,50.0,29.22000847483505,0.9909210530380942,48.71440552188878,Value-Add Flip
1039,66899,21532,MD,Frostburg,"Cumberland, MD-WV",Allegany County,172284.94900564532,5.718201082742345,85.56430445355147,,,,26.513598597649302,53.01947576280019,,,,87.65593397983548,Value-Add Flip
1040,99357,97537,OR,Rogue River,"Medford, OR",Jackson County,469192.3527675656,2.3068595940875567,63.51153099100715,62.03103288559517,87.00440510826539,40.16845086570476,17.564801056601144,52.999886596250136,52.833333333333336,28.944769780135637,0.9921119651368008,49.93729685605614,Value-Add Flip
1041,98644,96125,CA,Sierra City,,Sierra County,326706.4074877299,2.6334026945118505,65.6224838356177,,,,46.26757488589096,52.97251468037716,,,,170.9177420551869,Value-Add Flip
1042,60926,8032,NJ,Grenloch,"Philadelphia-Camden-Wilmington, PA-NJ-DE-MD",Gloucester County,315179.73809810355,10.993151837731304,100.0,,,,11.858331990178424,52.9645829975446,,,,25.884876965320775,Value-Add Flip
1043,99925,98625,WA,Kalama,"Longview, WA",Cowlitz County,536051.9821591731,0.5262972330827028,52.001003969962056,67.58916164891151,88.7228699229901,,18.270200684294156,52.9507493954988,48.833333333333336,29.196054525012254,,52.91051336499566,Value-Add Flip
1044,66820,21210,MD,Baltimore,"Baltimore-Columbia-Towson, MD",Baltimore City,469148.798790192,4.511838492149443,77.76571817524717,,,,33.789742566672324,52.88886518547987,,,,118.32443807427599,Value-Add Flip
1045,89402,72135,AR,Little Rock,"Little Rock-North Little Rock-Conway, AR",Pulaski County,355426.7964727208,6.121936654047498,88.1742715654264,,,,23.346791447617367,52.88026575326094,,,,74.30803453467118,Value-Add Flip
1046,97157,93218,CA,Earlimart,"Visalia, CA",Tulare County,272089.671362032,5.738296317539262,85.69421102025753,70.13663733209819,55.35258310128346,,9.452247547048866,52.877626861898015,47.0,24.316441082478434,,15.74337744169376,Value-Add Flip
1047,60929,8035,NJ,Haddon Heights,"Philadelphia-Camden-Wilmington, PA-NJ-DE-MD",Camden County,479719.950019899,7.096616497638896,94.47513410314473,,,,16.72961537505139,52.801187369549034,,,,46.41704002726419,Value-Add Flip
1048,59311,4027,ME,Lebanon,"Portland-South Portland, ME",York County,399796.380982957,6.177781874454488,88.53528555323648,,,,22.49601977212152,52.757826331339494,,,,70.72208368976482,Value-Add Flip
1049,95937,89509,NV,Reno,"Reno, NV",Washoe County,660728.5544195584,1.2976396928118892,56.98738266673604,65.96804075961091,88.88668416473553,43.3892035765121,17.27466843785743,52.74643625951392,50.0,29.22000847483505,0.9909210530380942,48.71440552188878,Value-Add Flip
1050,99265,97415,OR,Brookings,"Brookings, OR",Curry County,471408.2452773669,-2.6805143021041973,31.27042376925699,,39.29254149821661,,88.18775959390577,52.723054140434016,,21.968040683264558,,347.6087698620596,Value-Add Flip
1051,66909,21555,MD,Oldtown,"Cumberland, MD-WV",Allegany County,186858.79217687165,5.525878911444355,84.32102895927322,,,,26.513598597649302,52.70865688923063,,,,87.65593397983548,Value-Add Flip
1052,98528,95978,CA,,"Chico, CA",Butte County,127894.51085557888,5.872455737201842,86.56149073984139,63.18897637795274,69.40631491840308,30.514058618097536,12.441675826293517,52.68750987462188,52.0,26.371466232815905,0.9956817929272903,28.343635739546148,Value-Add Flip
1053,89833,72952,AR,Rudy,"Fort Smith, AR-OK",Crawford County,247449.9058308836,5.514291606802691,84.24612229714222,,,,26.43258134686528,52.669675911001875,,,,87.31445119747602,Value-Add Flip
1054,66976,21679,MD,Wye Mills,"Easton, MD",Talbot County,653418.1664807964,4.439019025161843,77.29497339215189,39.79851783232976,76.69616755809282,,18.01023463515347,52.63531319329437,68.83333333333333,27.437434383607528,,51.81477228614546,Value-Add Flip
1055,99683,98277,WA,Oak Harbor,"Oak Harbor, WA",Island County,513826.73927339393,1.190001603416296,56.291551302659336,65.50486336266789,81.2104864025202,,19.950457963937346,52.62832910155339,50.333333333333336,28.097546507750938,,59.99269555927814,Value-Add Flip
1056,59889,5445,VT,Charlotte,"Burlington-South Burlington, VT",Chittenden County,823722.6463507334,7.118091121560134,94.6139577940896,,,,15.884873194208915,52.62470774707463,,,,42.85650313544225,Value-Add Flip
1057,99940,98645,WA,Silverlake,"Longview, WA",Cowlitz County,473247.00177842967,0.3009551417321033,50.544269688548816,67.58916164891151,88.7228699229901,,18.270200684294156,52.58656582514549,48.833333333333336,29.196054525012254,,52.91051336499566,Value-Add Flip
1058,99306,97462,OR,Oakland,"Roseburg, OR",Douglas County,397868.5477228548,2.933092067340161,67.55983952694746,39.79851783232976,84.55561704974531,,21.210140559769588,52.573396106477794,68.83333333333333,28.586692572345555,,65.30218105220523,Value-Add Flip
1059,95778,89043,NV,,,Lincoln County,223481.4376895457,7.909799154346088,99.73199067164538,,,,10.286085589995086,52.504519065410115,,,,19.257954055772224,Value-Add Flip
1060,60927,8033,NJ,Haddonfield,"Philadelphia-Camden-Wilmington, PA-NJ-DE-MD",Camden County,755406.3562571746,6.903408805017741,93.22613411567194,,,,16.72961537505139,52.48893737268083,,,,46.41704002726419,Value-Add Flip
1061,71907,32266,FL,Neptune Beach,"Jacksonville, FL",Duval County,736097.3940165912,0.3545774257598236,50.890913402214025,10.386753126447388,99.10935147858811,89.5854067665044,19.740462282681573,52.47553820088429,90.0,30.714831252647635,0.9738394506199194,59.10757654049211,Value-Add Flip
1062,99687,98281,WA,Point Roberts,"Bellingham, WA",Whatcom County,383749.6322195222,3.334667075401463,70.15583957867125,72.91570171375636,62.2773887745448,,16.16838782757179,52.473889863533174,45.0,25.32902976745793,,44.05150006391709,Value-Add Flip
1063,60910,8014,NJ,Bridgeport,"Philadelphia-Camden-Wilmington, PA-NJ-DE-MD",Gloucester County,297043.27834467904,7.634253938687782,97.95071599134452,,,,11.858331990178424,52.45226199538073,,,,25.884876965320775,Value-Add Flip
1064,89809,72921,AR,Alma,"Fort Smith, AR-OK",Crawford County,242335.2851920456,5.373982959477897,83.33909061339547,,,,26.43258134686528,52.44291799006518,,,,87.31445119747602,Value-Add Flip
1065,59503,4450,ME,Kenduskeag,"Bangor, ME",Penobscot County,228722.6341035312,1.5383453386310357,58.543435350426265,68.9786938397406,82.22208545078443,,14.009357438376972,52.429419363318786,47.833333333333336,28.245468889741183,,34.95131834500951,Value-Add Flip
1066,66897,21530,MD,Flintstone,"Cumberland, MD-WV",Allegany County,211958.40727352467,5.331404583567567,83.06384075011547,,,,26.513598597649302,52.39435983694119,,,,87.65593397983548,Value-Add Flip
1067,98637,96118,CA,Loyalton,,Sierra County,292761.80967097083,2.271340893569017,63.281918722981715,,,,46.26757488589096,52.38737340221817,,,,170.9177420551869,Value-Add Flip
1068,60577,7068,NJ,Roseland,"New York-Newark-Jersey City, NY-NJ-PA",Essex County,796242.1362118018,8.5616303000575,100.0,,,,9.531446803869956,52.38286170096749,,,,16.07719749011983,Value-Add Flip
1069,60588,7079,NJ,South Orange,"New York-Newark-Jersey City, NY-NJ-PA",Essex County,1017560.968843134,8.25638540762224,100.0,,,,9.531446803869956,52.38286170096749,,,,16.07719749011983,Value-Add Flip
1070,66935,21634,MD,Fishing Creek,"Cambridge, MD",Dorchester County,314112.9608451876,7.3241512718582396,95.94604308349692,35.39833256137098,63.65714456984848,,11.211156862895724,52.330478784773504,72.0,25.530786346960817,,23.157073182796864,Value-Add Flip
1071,100033,98937,WA,Naches,"Yakima, WA",Yakima County,317044.17174728354,3.279765960890994,69.80092880671624,72.68411301528485,64.83470996833883,,13.972253182642296,52.31285444330013,45.166666666666664,25.702977373625846,,34.79492616478815,Value-Add Flip
1072,72114,32619,FL,Bell,"Gainesville, FL",Gilchrist County,287741.15440194187,1.0851436207932919,55.61369206628122,36.09309865678553,68.66594468013561,89.48676137953504,23.274901064461382,52.29231622416086,71.5,26.263204635113606,0.9738759259396262,74.00502094401702,Value-Add Flip
1073,95938,89510,NV,Nixon,"Reno, NV",Washoe County,746523.2977350539,0.9899462270181177,54.99828414944542,65.96804075961091,88.88668416473553,43.3892035765121,17.27466843785743,52.24916163019127,50.0,29.22000847483505,0.9909210530380942,48.71440552188878,Value-Add Flip
1074,99891,98585,WA,Silver Creek,"Centralia, WA",Lewis County,483659.7552990977,3.6384204902750925,72.11946745613827,52.99907364520609,93.7997112897957,,0.0,52.23967016877462,59.333333333333336,29.938422234089362,,-33.8672854264697,Value-Add Flip
1075,66047,19730,DE,Odessa,"Philadelphia-Camden-Wilmington, PA-NJ-DE-MD",New Castle County,383782.1195924443,6.813914877484224,92.64759651785782,,,,15.977969634253547,52.15639153802785,,,,43.24889896554702,Value-Add Flip
1076,59899,5455,VT,Fairfield,"Burlington-South Burlington, VT",Franklin County,377526.7238385994,6.61836524973864,91.38345698339604,,,,17.163776552659275,52.13680838401383,,,,48.24700297326982,Value-Add Flip
1077,60934,8041,NJ,Springfield Township,"Philadelphia-Camden-Wilmington, PA-NJ-DE-MD",Burlington County,537062.7334618814,6.641883870367221,91.53549418477225,,,,16.85063735235202,52.09653288428106,,,,46.92714029770454,Value-Add Flip
1078,59507,4455,ME,Lee,"Bangor, ME",Penobscot County,183653.0108033956,1.312491748715559,57.083394463088275,68.9786938397406,82.22208545078443,,14.009357438376972,52.06440914148429,47.833333333333336,28.245468889741183,,34.95131834500951,Value-Add Flip
1079,99316,97476,OR,Sixes,"Brookings, OR",Curry County,414854.0685380185,-3.108452278913557,28.50399909732601,,39.29254149821661,,88.18775959390577,52.03144797245126,,21.968040683264558,,347.6087698620596,Value-Add Flip
1080,99282,97436,OR,Elkton,"Roseburg, OR",Douglas County,398805.8386711783,2.5765671932971466,65.25506813212203,39.79851783232976,84.55561704974531,,21.210140559769588,51.99720325777144,68.83333333333333,28.586692572345555,,65.30218105220523,Value-Add Flip
1081,60956,8066,NJ,West Deptford Township,"Philadelphia-Camden-Wilmington, PA-NJ-DE-MD",Gloucester County,228110.1098717775,7.289648463496781,95.72299809689933,,,,11.858331990178424,51.89533252176944,,,,25.884876965320775,Value-Add Flip
1082,61148,8701,NJ,Lakewood,"New York-Newark-Jersey City, NY-NJ-PA",Ocean County,560170.8191855364,5.983090300353222,87.27669294589992,,,,20.26097454272672,51.88441687215666,,,,61.30150404472544,Value-Add Flip
1083,66961,21663,MD,Saint Michaels,"Easton, MD",Talbot County,719326.6343526583,3.961766701589113,74.20975386451892,39.79851783232976,76.69616755809282,,18.01023463515347,51.86400831138612,68.83333333333333,27.437434383607528,,51.81477228614546,Value-Add Flip
1084,66894,21524,MD,Cumberland,"Cumberland, MD-WV",Allegany County,173613.3913478175,5.001196791719746,80.92919733977239,,,,26.513598597649302,51.860698984355416,,,,87.65593397983548,Value-Add Flip
1085,99234,97375,OR,Scotts Mills,"Salem, OR",Marion County,626924.6150409541,2.7689300888060404,66.49860688992888,71.06299212598424,82.88224054444188,20.075656620771056,19.840944687846413,51.832133315345494,46.333333333333336,28.342000923954107,0.999541517763682,59.53110376416123,Value-Add Flip
1086,60783,7737,NJ,Leonardo,"New York-Newark-Jersey City, NY-NJ-PA",Monmouth County,615191.975768749,5.6765996953838815,85.29537037755972,,,,21.94508598353262,51.81011409027309,,,,68.39993129379278,Value-Add Flip
1087,66054,19801,DE,Wilmington,"Philadelphia-Camden-Wilmington, PA-NJ-DE-MD",New Castle County,173177.28219434796,6.550799002258876,90.94667187866793,,,,15.977969634253547,51.73116037823037,,,,43.24889896554702,Value-Add Flip
1088,99355,97535,OR,Phoenix,"Medford, OR",Jackson County,389982.3731030829,1.479021573670777,58.1599341518612,62.03103288559517,87.00440510826539,40.16845086570476,17.564801056601144,51.66198738646365,52.833333333333336,28.944769780135637,0.9921119651368008,49.93729685605614,Value-Add Flip
1089,66974,21677,MD,Church Creek,"Cambridge, MD",Dorchester County,482901.2470385145,6.906871691362877,93.24852010322255,35.39833256137098,63.65714456984848,,11.211156862895724,51.656098039704915,72.0,25.530786346960817,,23.157073182796864,Value-Add Flip
1090,66544,20674,MD,Tall Timbers,"California-Lexington Park, MD",Saint Marys County,457004.8462297468,6.557864717414802,90.99234851825464,,,,15.542446566004713,51.633698771064836,,,,41.41319573335739,Value-Add Flip
1091,60978,8089,NJ,Waterford Works,"Philadelphia-Camden-Wilmington, PA-NJ-DE-MD",Camden County,338735.5224826816,6.358969193671306,89.70657928570589,,,,16.72961537505139,51.60904866518932,,,,46.41704002726419,Value-Add Flip
1092,95944,89521,NV,Reno,"Reno, NV",Washoe County,687357.4264645382,0.589127850067946,52.407175374230896,65.96804075961091,88.88668416473553,43.3892035765121,17.27466843785743,51.60138443638764,50.0,29.22000847483505,0.9909210530380942,48.71440552188878,Value-Add Flip
1093,418163,89158,NV,Las Vegas,"Las Vegas-Henderson-Paradise, NV",Clark County,569877.7812174083,7.5441657545500345,97.36833679446583,,,,8.992592306406888,51.590232275218185,,,,13.805958571248794,Value-Add Flip
1094,97146,93202,CA,Armona,"Hanford-Corcoran, CA",Kings County,298442.977013376,5.808547223562797,86.14835122323275,,,,20.091881417036404,51.560058160067285,,,,60.588786808830584,Value-Add Flip
1095,95878,89316,NV,,"Elko, NV",White Pine County,202482.08810719315,7.7379739366737175,98.62121867386001,67.82075034738304,11.755362612997859,,27.478323514046537,51.54907062168367,48.666666666666664,17.941381009174894,,91.72219080137417,Value-Add Flip
1096,95886,89406,NV,Fallon,"Fallon, NV",Churchill County,379753.4768140819,2.4895806628687867,64.69273971785772,,83.45069540546945,,14.682249502813235,51.53388638626163,,28.425123972795852,,37.78751745282499,Value-Add Flip
1097,59476,4412,ME,Brewer,"Bangor, ME",Penobscot County,293064.6802184063,0.9831283747225318,54.95420983068383,68.9786938397406,82.22208545078443,,14.009357438376972,51.53211298338318,47.833333333333336,28.245468889741183,,34.95131834500951,Value-Add Flip
1098,60553,7040,NJ,Maplewood,"New York-Newark-Jersey City, NY-NJ-PA",Essex County,895408.1637739727,7.416316863935822,96.5418517792513,,,,9.531446803869956,51.51832464578032,,,,16.07719749011983,Value-Add Flip
1099,58808,2559,MA,Bourne,"Barnstable Town, MA",Barnstable County,735702.1353064989,3.787608932591232,73.08390298174291,64.81009726725334,47.65729540802969,64.69563399196653,17.03473043742561,51.486977125281044,50.833333333333336,23.191187665485305,0.9830427438227138,47.703081449690245,Value-Add Flip
1100,60020,5774,VT,Wells,"Rutland, VT",Rutland County,334204.8595364983,5.911940019594077,86.81673869371025,70.83140342751273,33.81585766727381,,19.551717725021376,51.479996152264576,46.5,21.167205491623573,,58.31202971458423,Value-Add Flip
1101,89835,72956,AR,Van Buren,"Fort Smith, AR-OK",Crawford County,200939.96112574567,4.764519100155668,79.39918355104473,,,,26.43258134686528,51.4579412244775,,,,87.31445119747602,Value-Add Flip
1102,66029,19703,DE,Claymont,"Philadelphia-Camden-Wilmington, PA-NJ-DE-MD",New Castle County,315001.3096701896,6.371492263616423,89.78753524554564,,,,15.977969634253547,51.4413762199498,,,,43.24889896554702,Value-Add Flip
1103,61079,8406,NJ,Ventnor City,"Atlantic City-Hammonton, NJ",Atlantic County,603873.9529326403,5.903694622912419,86.76343594881233,,,,18.85942829080043,51.40571605990319,,,,55.39407187340729,Value-Add Flip
1104,60055,5855,VT,Derby,,Orleans County,260687.8614739752,3.8108568719178324,73.23419035143179,,,,32.23144432912634,51.36640867013953,,,,111.75630582153346,Value-Add Flip
1105,399672,89441,NV,Sparks,"Reno, NV",Washoe County,680448.3494622662,0.4414277249671997,51.452361143504135,65.96804075961091,88.88668416473553,43.3892035765121,17.27466843785743,51.36268087870595,50.0,29.22000847483505,0.9909210530380942,48.71440552188878,Value-Add Flip
1106,58919,2818,RI,East Greenwich,"Providence-Warwick, RI-MA",Kent County,694719.3587913347,6.105424081876622,88.06752528553055,,,,17.319240564237678,51.34669146244206,,,,48.90227432248016,Value-Add Flip
1107,89263,71943,AR,Glenwood,,Pike County,196488.94839780044,0.7303770499455835,53.320287303079596,,,,51.72278173380417,51.26076725922094,,,,193.9111069835764,Value-Add Flip
1108,99290,97444,OR,Gold Beach,"Brookings, OR",Curry County,435473.6146314424,-3.5893032669901617,25.395515838009885,,39.29254149821661,,88.18775959390577,51.254327157622235,,21.968040683264558,,347.6087698620596,Value-Add Flip
1109,99421,97812,OR,Arlington,,Gilliam County,288532.6538719356,5.250984640040215,82.54396233794907,,,,22.216585449091998,51.19013694676027,,,,69.54428502106849,Value-Add Flip
1110,99361,97541,OR,Trail,"Medford, OR",Jackson County,473838.7152204367,1.1780711693743724,56.21442646478797,62.03103288559517,87.00440510826539,40.16845086570476,17.564801056601144,51.175610464695346,52.833333333333336,28.944769780135637,0.9921119651368008,49.93729685605614,Value-Add Flip
1111,95897,89419,NV,Lovelock,,Pershing County,238285.2164291349,2.6481834221744194,65.71803452728496,,,,38.95189805094414,51.167483144557266,,,,140.08260933635265,Value-Add Flip
1112,58923,2825,RI,Foster,"Providence-Warwick, RI-MA",Providence County,540925.9543726121,6.785192591263433,92.46191998167403,,,,11.721825107885682,51.04593627238993,,,,25.30950876255603,Value-Add Flip
1113,89504,72364,AR,Marion,"Memphis, TN-MS-AR",Crittenden County,233710.5947508597,4.668773910233381,78.78023438089961,,,,25.2542404235569,51.00861870111413,,,,82.34781590480158,Value-Add Flip
1114,60058,5859,VT,Troy,,Orleans County,349669.08813705755,3.584562004311257,71.77129680422723,,,,32.23144432912634,51.00068528333839,,,,111.75630582153346,Value-Add Flip
1115,95215,86444,AZ,Meadview,"Lake Havasu City-Kingman, AZ",Mohave County,192366.81324467272,6.581661269596753,91.1461824209007,,,,12.797573847977617,50.985939067219576,,,,29.843724245448488,Value-Add Flip
1116,399674,89519,NV,Reno,"Reno, NV",Washoe County,859839.4451837722,0.19835462684965663,49.88100395588385,65.96804075961091,88.88668416473553,43.3892035765121,17.27466843785743,50.96984158180088,50.0,29.22000847483505,0.9909210530380942,48.71440552188878,Value-Add Flip
1117,60042,5839,VT,Glover,,Orleans County,285591.51006347203,3.5136522000575745,71.3128971234329,,,,32.23144432912634,50.886085363139806,,,,111.75630582153346,Value-Add Flip
1118,58294,1220,MA,Adams,"Pittsfield, MA",Berkshire County,259998.07405321088,7.893705264940262,99.6279509856807,57.8624363131079,16.98878436360001,,25.55318702137337,50.8724068214497,55.833333333333336,18.706644887820246,,83.60785762445224,Value-Add Flip
1119,99301,97456,OR,Monroe,"Corvallis, OR",Benton County,569336.9953620603,1.0881395491350194,55.63305938240887,80.09495136637331,75.78417474415906,,9.165157139082721,50.8706317841607,39.833333333333336,27.304077052334286,,14.533308840842999,Value-Add Flip
1120,89272,71957,AR,Mount Ida,,Montgomery County,234476.4065156484,8.772207653183694,100.0,,,,3.4542426472353247,50.86356066180883,,,,-9.537848247564453,Value-Add Flip
1121,66751,21051,MD,Hydes,"Baltimore-Columbia-Towson, MD",Baltimore County,560242.1995626133,4.658672495896643,78.7149333247725,,,,24.300978643214027,50.753977991996635,,,,78.32987550422915,Value-Add Flip
1122,89500,72355,AR,Lexa,"Helena-West Helena, AR",Phillips County,104347.1312254392,-5.614357580528755,12.304459379916896,,,,90.4482799942009,50.68818484352945,,,,357.1367258023441,Value-Add Flip
1123,71780,32091,FL,Starke,"Jacksonville, FL",Bradford County,222747.40403723667,-1.7875245552126304,37.04319693138921,10.386753126447388,99.10935147858811,89.5854067665044,26.35264037329787,50.66665360583216,90.0,30.714831252647635,0.9738394506199194,86.9775048580958,Value-Add Flip
1124,71922,32311,FL,Tallahassee,"Tallahassee, FL",Leon County,324959.43316051137,0.1987803433109663,49.88375601946697,52.99907364520609,72.01192983563217,69.90224611768517,21.171845125888204,50.60148421789892,59.333333333333336,26.752475651287767,0.9811175362918828,65.14076812857567,Value-Add Flip
1125,399673,89508,NV,Reno,"Reno, NV",Washoe County,469796.1581090165,-0.05215230380555159,48.261590416984504,65.96804075961091,88.88668416473553,43.3892035765121,17.27466843785743,50.56498819707604,50.0,29.22000847483505,0.9909210530380942,48.71440552188878,Value-Add Flip
1126,89755,72773,AR,Wesley,"Fayetteville-Springdale-Rogers, AR",Madison County,268597.0043572072,5.77970754998209,85.9619158310786,,,,16.292524886788726,50.563610179466835,,,,44.574730215089794,Value-Add Flip
1127,96839,92368,CA,Oro Grande,"Riverside-San Bernardino-Ontario, CA",San Bernardino County,284924.6015014876,6.818902204860726,92.6798373243509,,,,9.421872216521672,50.525427385218144,,,,15.615347271783813,Value-Add Flip
1128,89712,72712,AR,Bentonville,"Fayetteville-Springdale-Rogers, AR",Benton County,506504.96777624014,6.8140307481148366,92.64834556886204,,,,9.165157139082721,50.45337567698619,,,,14.533308840842999,Value-Add Flip
1129,60037,5832,VT,Kirby,,Caledonia County,438002.9083854308,5.411481766882161,83.58150337317107,,,,18.14946699652985,50.43274259242523,,,,52.40162821740921,Value-Add Flip
1130,72113,32618,FL,Archer,"Gainesville, FL",Alachua County,311373.21244222583,-0.10627512885585924,47.91171093292909,36.09309865678553,68.66594468013561,89.48676137953504,23.47490276983458,50.41682136716613,71.5,26.263204635113606,0.9738759259396262,74.84801596256618,Value-Add Flip
1131,71923,32312,FL,Tallahassee,"Tallahassee, FL",Leon County,444204.9448665525,0.0626613619945339,49.00380862372639,52.99907364520609,72.01192983563217,69.90224611768517,21.171845125888204,50.38149736896377,59.333333333333336,26.752475651287767,0.9811175362918828,65.14076812857567,Value-Add Flip
1132,95072,85736,AZ,,"Tucson, AZ",Pima County,288601.0958756136,0.8481084383322346,54.08136726125918,47.67253358036127,89.44645134294484,54.50966940038256,14.39357075342898,50.33535521937258,63.166666666666664,29.301861155996384,0.9868091268885139,36.57075408954346,Value-Add Flip
1133,58939,2842,RI,Middletown,"Providence-Warwick, RI-MA",Newport County,724581.6593501644,4.953124544505514,80.61843209355573,,,,20.54122490220097,50.289914248939176,,,,62.48274225738254,Value-Add Flip
1134,95908,89430,NV,Smith,"Fernley, NV",Lyon County,584290.5063457625,5.08605717200028,81.47778115892265,73.14729041222787,56.43513506772483,,0.5513073033270368,50.266392690941565,44.833333333333336,24.474738646892913,,-21.77354408585083,Value-Add Flip
1135,66811,21201,MD,Baltimore,"Baltimore-Columbia-Towson, MD",Baltimore City,218086.4972474286,2.8842847798210753,67.24432257897868,,,,33.789742566672324,50.25851628641275,,,,118.32443807427599,Value-Add Flip
1136,98065,95236,CA,Linden,"Stockton, CA",San Joaquin County,653297.7989770334,1.5312680631335276,58.497683978481355,68.74710514126909,84.4058789623749,29.640788765940414,15.897539423352736,50.23816572901492,48.0,28.56479692644069,0.9960046949709275,42.90989052057538,Value-Add Flip
1137,60018,5772,VT,Stockbridge,"Lebanon, NH-VT",Windsor County,316163.9369738688,4.9890648031970475,80.85076954371881,,,,20.017624544354,50.2170985220182,,,,60.275798608817475,Value-Add Flip
1138,67070,21837,MD,,"Salisbury, MD-DE",Wicomico County,283908.050696999,5.121435037647294,81.70648299346385,,,,19.1201282808003,50.20665281856604,,,,56.49290646832051,Value-Add Flip
1139,98621,96101,CA,Alturas,,Modoc County,172506.34496525323,3.65364483216536,72.21788591232009,,,,28.587964732218058,50.201462661134535,,,,96.39926101710034,Value-Add Flip
1140,98472,95917,CA,Biggs,"Chico, CA",Butte County,336879.8102340721,4.310388006685006,76.46343227550906,63.18897637795274,69.40631491840308,30.514058618097536,12.441675826293517,50.1629952585388,52.0,26.371466232815905,0.9956817929272903,28.343635739546148,Value-Add Flip
1141,66767,21082,MD,Hydes,"Baltimore-Columbia-Towson, MD",Baltimore County,567119.1391263299,4.252206414451887,76.08731470490693,,,,24.300978643214027,50.09707333703024,,,,78.32987550422915,Value-Add Flip
1142,89404,72137,AR,Rose Bud,"Searcy, AR",White County,216127.9447538517,4.7162930353770856,79.08742394413083,61.33626679018062,38.23042154768472,,23.826522474617388,50.07501093275109,53.333333333333336,21.81273081685887,,76.33007162305438,Value-Add Flip
1143,72890,33890,FL,Zolfo Springs,"Wauchula, FL",Hardee County,282149.2742446095,3.2774759699482674,69.7861250552715,,52.314862777873195,,28.575168065772843,50.053295835835726,,23.87224649092554,,96.34532384667862,Value-Add Flip
1144,89717,72718,AR,Cave Springs,"Fayetteville-Springdale-Rogers, AR",Benton County,555211.0976713492,6.559303694062589,91.00165084877098,,,,9.165157139082721,50.04170199696342,,,,14.533308840842999,Value-Add Flip
1145,89513,72374,AR,Poplar Grove,"Helena-West Helena, AR",Phillips County,74712.86192093084,-6.024002510560788,9.656290947609468,,,,90.4482799942009,50.026142735452595,,,,357.1367258023441,Value-Add Flip
1146,58920,2822,RI,Exeter,"Providence-Warwick, RI-MA",Washington County,593745.2738465845,8.516460489887233,100.0,,,,0.0,50.0,,,,-37.19437346980591,Value-Add Flip
1147,58962,2882,RI,Narragansett,"Providence-Warwick, RI-MA",Washington County,827285.7996356585,9.247489636900564,100.0,,,,0.0,50.0,,,,-37.19437346980591,Value-Add Flip
1148,95911,89433,NV,Sun Valley,"Reno, NV",Washoe County,425907.11007213086,-0.4025724328097812,45.9962834263633,65.96804075961091,88.88668416473553,43.3892035765121,17.27466843785743,49.99866144942074,50.0,29.22000847483505,0.9909210530380942,48.71440552188878,Value-Add Flip
1149,72128,32643,FL,High Springs,"Gainesville, FL",Alachua County,326132.4166104204,-0.3667522465730013,46.227844662637345,36.09309865678553,68.66594468013561,89.48676137953504,23.47490276983458,49.99585479959319,71.5,26.263204635113606,0.9738759259396262,74.84801596256618,Value-Add Flip
1150,97389,93646,CA,Orange Cove,"Fresno, CA",Fresno County,284189.0360677252,5.887890495610059,86.66126944325103,76.85270958777211,53.08204422740423,20.675763464018516,12.255157891715335,49.97478663699103,42.166666666666664,23.98442859274551,0.9993196210319827,27.557473994444553,Value-Add Flip
1151,94897,85320,AZ,Congress,"Prescott Valley-Prescott, AZ",Yavapai County,463649.49969922745,6.1993032633755005,88.67441155866655,,,,10.881393636408662,49.8889512987688,,,,21.767141248413715,Value-Add Flip
1152,98532,95982,CA,Sutter,"Yuba City, CA",Sutter County,403885.6402814807,-0.01679042458837779,48.49018890651705,66.19962945808243,86.38266512310999,,12.221854085529207,49.88448819134592,49.833333333333336,28.85385504495417,,27.417100477822558,Value-Add Flip
1153,95932,89503,NV,Reno,"Reno, NV",Washoe County,454713.0284567308,-0.4856221813322681,45.459404519229935,65.96804075961091,88.88668416473553,43.3892035765121,17.27466843785743,49.8644417226374,50.0,29.22000847483505,0.9909210530380942,48.71440552188878,Value-Add Flip
1154,58958,2878,RI,Tiverton,"Providence-Warwick, RI-MA",Newport County,535890.2817696263,4.6586103825651195,78.71453179029298,,,,20.54122490220097,49.813939173123494,,,,62.48274225738254,Value-Add Flip
1155,89298,72012,AR,Beebe,"Searcy, AR",White County,212913.8365052181,4.548821976496778,78.00479960549383,61.33626679018062,38.23042154768472,,23.826522474617388,49.80435484809184,53.333333333333336,21.81273081685887,,76.33007162305438,Value-Add Flip
1156,59777,5037,VT,West Windsor,"Lebanon, NH-VT",Windsor County,399750.63548390666,4.724985936931666,79.14361960479773,,,,20.017624544354,49.79031103728793,,,,60.275798608817475,Value-Add Flip
1157,59775,5035,VT,Bridgewater,"Lebanon, NH-VT",Windsor County,391887.0951411624,4.688491940914222,78.90770249430258,,,,20.017624544354,49.731331759664144,,,,60.275798608817475,Value-Add Flip
1158,58604,2061,MA,Norwell,"Boston-Cambridge-Newton, MA-NH",Plymouth County,1001487.8123181522,5.968820616903827,87.18444592297998,,,,11.506214906645825,49.67266520740645,,,,24.40072488366646,Value-Add Flip
1159,72879,33873,FL,Wauchula,"Wauchula, FL",Hardee County,229896.14204223023,3.0365497782363917,68.22864664254577,,52.314862777873195,,28.575168065772843,49.66392623265429,,23.87224649092554,,96.34532384667862,Value-Add Flip
1160,66037,19713,DE,Newark,"Philadelphia-Camden-Wilmington, PA-NJ-DE-MD",New Castle County,312695.5278134989,5.240429469663276,82.47572795509548,,,,15.977969634253547,49.613424397337255,,,,43.24889896554702,Value-Add Flip
1161,71779,32087,FL,Sanderson,"Jacksonville, FL",Baker County,251731.31595246308,-0.9511223247718377,42.45015749890222,10.386753126447388,99.10935147858811,89.5854067665044,16.43303068492484,49.53849132561715,90.0,30.714831252647635,0.9738394506199194,45.16695360481041,Value-Add Flip
1162,72098,32603,FL,Gainesville,"Gainesville, FL",Alachua County,398455.6401072536,-0.6567658655225009,44.353038325887994,36.09309865678553,68.66594468013561,89.48676137953504,23.47490276983458,49.52715321540585,71.5,26.263204635113606,0.9738759259396262,74.84801596256618,Value-Add Flip
1163,89370,72102,AR,McRae,"Searcy, AR",White County,179293.98105360815,4.36278339721259,76.80214467988988,61.33626679018062,38.23042154768472,,23.826522474617388,49.50369111669085,53.333333333333336,21.81273081685887,,76.33007162305438,Value-Add Flip
1164,71920,32309,FL,Tallahassee,"Tallahassee, FL",Leon County,384351.495091249,-0.519411225598186,45.240973693353865,52.99907364520609,72.01192983563217,69.90224611768517,21.171845125888204,49.44078863637064,59.333333333333336,26.752475651287767,0.9811175362918828,65.14076812857567,Value-Add Flip
1165,98377,95686,CA,Thornton,"Stockton, CA",San Joaquin County,552625.4562458087,1.0261858427953041,55.23255680721417,68.74710514126909,84.4058789623749,29.640788765940414,15.897539423352736,49.42188393619813,48.0,28.56479692644069,0.9960046949709275,42.90989052057538,Value-Add Flip
1166,71949,32343,FL,Midway,"Tallahassee, FL",Gadsden County,247959.98801526544,-1.7937050396272174,37.00324290651748,52.99907364520609,72.01192983563217,69.90224611768517,29.11516109265737,49.36718493135383,59.333333333333336,26.752475651287767,0.9811175362918828,98.62136159778446,Value-Add Flip
1167,89409,72143,AR,Searcy,"Searcy, AR",White County,213619.4313466182,4.2750191753161495,76.23478884347321,61.33626679018062,38.23042154768472,,23.826522474617388,49.36185215758668,53.333333333333336,21.81273081685887,,76.33007162305438,Value-Add Flip
1168,60049,5847,VT,Lowell,,Orleans County,222950.55270365145,2.5542602630416593,65.1108639587184,,,,32.23144432912634,49.33557707196118,,,,111.75630582153346,Value-Add Flip
1169,66031,19707,DE,Hockessin,"Philadelphia-Camden-Wilmington, PA-NJ-DE-MD",New Castle County,584912.3226089193,5.067501105362955,81.35782461535473,,,,15.977969634253547,49.33394856240207,,,,43.24889896554702,Value-Add Flip
1170,71914,32303,FL,Tallahassee,"Tallahassee, FL",Leon County,234071.7019554311,-0.591705229154564,44.77362579270207,52.99907364520609,72.01192983563217,69.90224611768517,21.171845125888204,49.323951661207694,59.333333333333336,26.752475651287767,0.9811175362918828,65.14076812857567,Value-Add Flip
1171,95209,86438,AZ,Yucca,"Lake Havasu City-Kingman, AZ",Mohave County,207653.9185575064,5.39261613902628,83.45954565691251,,,,12.797573847977617,49.06427987622253,,,,29.843724245448488,Value-Add Flip
1172,58846,2657,MA,Provincetown,"Barnstable Town, MA",Barnstable County,1027192.9829424284,2.2694335627807374,63.26958869565025,64.81009726725334,47.65729540802969,64.69563399196653,17.03473043742561,49.03339855375789,50.833333333333336,23.191187665485305,0.9830427438227138,47.703081449690245,Value-Add Flip
1173,72148,32693,FL,Bell,"Gainesville, FL",Gilchrist County,277295.0846703392,-0.9603289245513471,42.39064101250734,36.09309865678553,68.66594468013561,89.48676137953504,23.274901064461382,48.98655346071739,71.5,26.263204635113606,0.9738759259396262,74.00502094401702,Value-Add Flip
1174,72134,32656,FL,Keystone Heights,"Jacksonville, FL",Clay County,276905.2126622999,0.6843550545719073,53.02277600388974,10.386753126447388,99.10935147858811,89.5854067665044,3.3822306357338414,48.918945939566285,90.0,30.714831252647635,0.9738394506199194,-9.841374494294104,Value-Add Flip
1175,71928,32317,FL,Tallahassee,"Tallahassee, FL",Leon County,398308.4754822729,-0.8875830450963625,42.86091008562407,52.99907364520609,72.01192983563217,69.90224611768517,21.171845125888204,48.84577273443819,59.333333333333336,26.752475651287767,0.9811175362918828,65.14076812857567,Value-Add Flip
1176,59804,5069,VT,Newbury,"Lebanon, NH-VT",Orange County,257066.6918608904,7.093551087419253,94.45531761823158,,,,0.0,48.61382940455789,,,,-33.2818605120889,Value-Add Flip
1177,94922,85346,AZ,Quartzsite,,La Paz County,192216.1478115598,4.944140549624876,80.56035464673597,,,,13.861791335629386,48.60553649559134,,,,34.32933620095325,Value-Add Flip
1178,58510,1840,MA,Lawrence,"Boston-Cambridge-Newton, MA-NH",Essex County,373884.8436806035,5.60766806595589,84.84975869862485,,,,9.531446803869956,48.5953013756237,,,,16.07719749011983,Value-Add Flip
1179,95021,85637,AZ,Sonoita,"Tucson, AZ",Pima County,552088.9311835499,-0.24528295451921334,47.01308847045505,47.67253358036127,89.44645134294484,54.50966940038256,14.39357075342898,48.56828552167155,63.166666666666664,29.301861155996384,0.9868091268885139,36.57075408954346,Value-Add Flip
1180,66063,19810,DE,Wilmington,"Philadelphia-Camden-Wilmington, PA-NJ-DE-MD",New Castle County,453899.6578736217,4.541377183534411,77.95667240004677,,,,15.977969634253547,48.483660508575085,,,,43.24889896554702,Value-Add Flip
1181,58835,2644,MA,Forestdale,"Barnstable Town, MA",Barnstable County,621397.0917673764,1.8439305930970424,60.51890523892758,64.81009726725334,47.65729540802969,64.69563399196653,17.03473043742561,48.34572768957722,50.833333333333336,23.191187665485305,0.9830427438227138,47.703081449690245,Value-Add Flip
1182,58648,2134,MA,Boston,"Boston-Cambridge-Newton, MA-NH",Suffolk County,862937.1131260189,4.859486389560837,80.01310394763038,,,,13.287823838412846,48.325231946510804,,,,31.91009812465873,Value-Add Flip
1183,58825,2633,MA,Chatham,"Barnstable Town, MA",Barnstable County,1259742.749311004,1.7832474411163115,60.12661622064114,64.81009726725334,47.65729540802969,64.69563399196653,17.03473043742561,48.24765543500561,50.833333333333336,23.191187665485305,0.9830427438227138,47.703081449690245,Value-Add Flip
1184,95128,86018,AZ,Parks,"Flagstaff, AZ",Coconino County,589882.1603531063,3.312590301979986,70.01312326467368,43.503937007873986,67.03226634222654,,12.76112412110959,48.125605666072225,66.16666666666667,26.024317902703142,,29.690090864573616,Value-Add Flip
1185,60009,5762,VT,Pittsfield,"Rutland, VT",Rutland County,410344.9195524007,3.8318064276309807,73.36961971487122,70.83140342751273,33.81585766727381,,19.551717725021376,48.118216407554826,46.5,21.167205491623573,,58.31202971458423,Value-Add Flip
1186,58463,1718,MA,Acton,"Boston-Cambridge-Newton, MA-NH",Middlesex County,499346.8719503016,5.360238329099845,83.25023782012876,,,,9.074389541057009,48.08115684029644,,,,14.150728938143828,Value-Add Flip
1187,58995,2921,RI,Cranston,"Providence-Warwick, RI-MA",Providence County,616688.1011142959,4.928759183413324,80.46092109962969,,,,11.721825107885682,48.04568655187884,,,,25.30950876255603,Value-Add Flip
1188,59836,5156,VT,Springfield,"Lebanon, NH-VT",Windsor County,240763.0502050341,3.6430116686302703,72.14914733911966,,,,20.017624544354,48.04169297086842,,,,60.275798608817475,Value-Add Flip
1189,60040,5837,VT,East Haven,,Essex County,206829.7792445053,5.2409429085933175,82.47904710459977,,,,9.531446803869956,48.00262347711743,,,,16.07719749011983,Value-Add Flip
1190,58951,2871,RI,Portsmouth,"Providence-Warwick, RI-MA",Newport County,662188.957918733,3.5033937103486923,71.2465806463607,,,,20.54122490220097,47.94695138714042,,,,62.48274225738254,Value-Add Flip
1191,94898,85321,AZ,Ajo,"Tucson, AZ",Pima County,129909.90451675096,-0.6811750677013604,44.195243919247076,47.67253358036127,89.44645134294484,54.50966940038256,14.39357075342898,47.863824383869556,63.166666666666664,29.301861155996384,0.9868091268885139,36.57075408954346,Value-Add Flip
1192,58909,2806,RI,Barrington,"Providence-Warwick, RI-MA",Bristol County,760225.9557948555,4.4313372124101615,77.2453139614095,,,,14.12996916452019,47.84382078148242,,,,35.45968943178413,Value-Add Flip
1193,58925,2827,RI,Coventry,"Providence-Warwick, RI-MA",Kent County,511734.7400137407,3.787772429868798,73.08495991739004,,,,17.319240564237678,47.60105012040693,,,,48.90227432248016,Value-Add Flip
1194,58773,2465,MA,Newton,"Boston-Cambridge-Newton, MA-NH",Middlesex County,1326198.441602791,5.016690209778827,81.02935525118457,,,,9.074389541057009,47.52593619806039,,,,14.150728938143828,Value-Add Flip
1195,58319,1258,MA,Mount Washington,"Pittsfield, MA",Berkshire County,703167.1625617385,5.795993819062897,86.06719916427276,57.8624363131079,16.98878436360001,,25.55318702137337,47.48221886609772,55.833333333333336,18.706644887820246,,83.60785762445224,Value-Add Flip
1196,95144,86038,AZ,Mormon Lake,"Flagstaff, AZ",Coconino County,371606.4028774025,2.8320646769721627,66.90674332983352,43.503937007873986,67.03226634222654,,12.76112412110959,47.349010682362184,66.16666666666667,26.024317902703142,,29.690090864573616,Value-Add Flip
1197,95113,85936,AZ,Saint Johns,,Apache County,230007.05475427385,2.699212060317233,66.0479114982092,,,,23.143076417482483,47.29774697892292,,,,73.44938807819794,Value-Add Flip
1198,58791,2532,MA,Bourne,"Barnstable Town, MA",Barnstable County,620556.5582301466,1.1927365789586495,56.30923167745081,64.81009726725334,47.65729540802969,64.69563399196653,17.03473043742561,47.29330929920802,50.833333333333336,23.191187665485305,0.9830427438227138,47.703081449690245,Value-Add Flip
1199,95086,85750,AZ,Tucson,"Tucson, AZ",Pima County,595951.1390431541,-1.0421705973049404,41.861571766571956,47.67253358036127,89.44645134294484,54.50966940038256,14.39357075342898,47.280406345700776,63.166666666666664,29.301861155996384,0.9868091268885139,36.57075408954346,Value-Add Flip
1200,58574,1984,MA,Wenham,"Boston-Cambridge-Newton, MA-NH",Essex County,1027227.7063441876,4.785790205614283,79.5366915875567,,,,9.531446803869956,47.267034597856664,,,,16.07719749011983,Value-Add Flip
1201,58447,1608,MA,Worcester,"Worcester, MA-CT",Worcester County,189289.6737432999,4.396097525903579,77.01750539225706,,,,11.991397729737303,47.2522257804986,,,,26.445740960847132,Value-Add Flip
1202,95177,86334,AZ,Paulden,"Prescott Valley-Prescott, AZ",Yavapai County,432776.6205753639,4.506661336410573,77.73225021460199,,,,10.881393636408662,47.153410962752666,,,,21.767141248413715,Value-Add Flip
1203,60026,5820,VT,Albany,,Orleans County,247155.12722140783,1.1708176656980345,56.16753585770099,,,,32.23144432912634,47.09974504670683,,,,111.75630582153346,Value-Add Flip
1204,58831,2639,MA,Dennis,"Barnstable Town, MA",Barnstable County,530409.9947084371,0.9839223745717862,54.95934267911402,64.81009726725334,47.65729540802969,64.69563399196653,17.03473043742561,46.955837049623824,50.833333333333336,23.191187665485305,0.9830427438227138,47.703081449690245,Value-Add Flip
1205,95108,85931,AZ,Forest Lakes,"Flagstaff, AZ",Coconino County,539670.4427095576,2.5491089409081416,65.07756300059945,43.503937007873986,67.03226634222654,,12.76112412110959,46.891715600053665,66.16666666666667,26.024317902703142,,29.690090864573616,Value-Add Flip
1206,59797,5059,VT,Hartford,"Lebanon, NH-VT",Windsor County,501851.8700055751,2.9298314301283104,67.53876098819208,,,,20.017624544354,46.88909638313652,,,,60.275798608817475,Value-Add Flip
1207,95033,85653,AZ,Marana,"Tucson, AZ",Pima County,385041.67504936206,-1.291836577085032,40.247594593162184,47.67253358036127,89.44645134294484,54.50966940038256,14.39357075342898,46.87691205234834,63.166666666666664,29.301861155996384,0.9868091268885139,36.57075408954346,Value-Add Flip
1208,58837,2646,MA,Harwich Port,"Barnstable Town, MA",Barnstable County,1060508.7648859627,0.9002138050407348,54.41820479336402,64.81009726725334,47.65729540802969,64.69563399196653,17.03473043742561,46.82055257818632,50.833333333333336,23.191187665485305,0.9830427438227138,47.703081449690245,Value-Add Flip
1209,58559,1944,MA,Manchester,"Boston-Cambridge-Newton, MA-NH",Essex County,1297683.3658254484,4.508031575012381,77.74110818486847,,,,9.531446803869956,46.818138747184605,,,,16.07719749011983,Value-Add Flip
1210,58438,1588,MA,Northbridge,"Worcester, MA-CT",Worcester County,430569.3522316402,4.115818110799314,75.205626262576,,,,11.991397729737303,46.79925599807833,,,,26.445740960847132,Value-Add Flip
1211,58811,2563,MA,Sandwich,"Barnstable Town, MA",Barnstable County,678349.4582172266,0.8860731850186326,54.326792106887325,64.81009726725334,47.65729540802969,64.69563399196653,17.03473043742561,46.79769940656715,50.833333333333336,23.191187665485305,0.9830427438227138,47.703081449690245,Value-Add Flip
1212,58981,2906,RI,Providence,"Providence-Warwick, RI-MA",Providence County,761946.6632985313,4.119974485015104,75.23249533426267,,,,11.721825107885682,46.738580110537086,,,,25.30950876255603,Value-Add Flip
1213,58795,2537,MA,East Sandwich,"Barnstable Town, MA",Barnstable County,770820.3042574124,0.8349719883938173,53.996446078329406,64.81009726725334,47.65729540802969,64.69563399196653,17.03473043742561,46.71511289942768,50.833333333333336,23.191187665485305,0.9830427438227138,47.703081449690245,Value-Add Flip
1214,95071,85735,AZ,Tucson,"Tucson, AZ",Pima County,342314.7130353216,-1.4048181179464099,39.51722024208904,47.67253358036127,89.44645134294484,54.50966940038256,14.39357075342898,46.69431846458004,63.166666666666664,29.301861155996384,0.9868091268885139,36.57075408954346,Value-Add Flip
1215,58968,2889,RI,Warwick,"Providence-Warwick, RI-MA",Kent County,390590.877614185,3.154982188162852,68.99425838661108,,,,17.319240564237678,46.57837473771219,,,,48.90227432248016,Value-Add Flip
1216,95117,85940,AZ,Vernon,,Apache County,383911.8638650244,2.173429997123328,62.648969243718966,,,,23.143076417482483,46.448011415300364,,,,73.44938807819794,Value-Add Flip
1217,95031,85650,AZ,Sierra Vista,"Sierra Vista-Douglas, AZ",Cochise County,357306.3074090521,3.2460592877030474,69.58303047245042,,,,16.192257488710407,46.4438219902902,,,,44.152109233207725,Value-Add Flip
1218,66131,20007,DC,Washington,"Washington-Arlington-Alexandria, DC-VA-MD-WV",District of Columbia,1235964.6575857596,2.567479556617336,65.1963206881396,,,,20.13391931352491,46.33256000041612,,,,60.76597398462975,Value-Add Flip
1219,95116,85939,AZ,Taylor,"Show Low, AZ",Navajo County,370198.0224622351,2.0576317848594727,61.90038639122084,34.00880037054189,67.41038007367098,,19.03541044237615,46.31734527871473,73.0,26.07960807316589,,56.1358259342293,Value-Add Flip
1220,95112,85935,AZ,Pinetop,"Show Low, AZ",Navajo County,539693.4271310101,2.0443414448202626,61.814470378678664,34.00880037054189,67.41038007367098,,19.03541044237615,46.295866275579186,73.0,26.07960807316589,,56.1358259342293,Value-Add Flip
1221,58949,2864,RI,Cumberland,"Providence-Warwick, RI-MA",Providence County,504756.7710644191,3.591236817582738,71.8144464406592,,,,11.721825107885682,45.88406788713622,,,,25.30950876255603,Value-Add Flip
1222,58908,2804,RI,Hopkinton,"Providence-Warwick, RI-MA",Washington County,439935.03444585967,5.136707970655199,81.80521556915355,,,,0.0,45.45130389228839,,,,-37.19437346980591,Value-Add Flip
1223,58993,2919,RI,Johnston,"Providence-Warwick, RI-MA",Providence County,435578.2671776078,3.3000593585235114,69.93211640615876,,,,11.721825107885682,45.413485378511105,,,,25.30950876255603,Value-Add Flip
1224,58917,2816,RI,Coventry,"Providence-Warwick, RI-MA",Kent County,433185.12325459655,2.397704418506108,64.09880152367286,,,,17.319240564237678,45.35451052197764,,,,48.90227432248016,Value-Add Flip
1225,58954,2874,RI,North Kingstown,"Providence-Warwick, RI-MA",Washington County,842461.7346864146,5.069867248683537,81.37312065733771,,,,0.0,45.34328016433443,,,,-37.19437346980591,Value-Add Flip
1226,58967,2888,RI,Warwick,"Providence-Warwick, RI-MA",Kent County,395294.9411094753,2.235302774448081,63.04894864958585,,,,17.319240564237678,45.09204730345588,,,,48.90227432248016,Value-Add Flip
1227,66139,20016,DC,Washington,"Washington-Arlington-Alexandria, DC-VA-MD-WV",District of Columbia,1082177.055852507,0.13595908638974766,49.47764512376118,,,,20.13391931352491,42.40289110932152,,,,60.76597398462975,Value-Add Flip
1228,66138,20015,DC,Washington,"Washington-Arlington-Alexandria, DC-VA-MD-WV",District of Columbia,1333156.295706577,0.012408566699346826,48.67894712446283,,,,20.13391931352491,42.203216609496934,,,,60.76597398462975,Value-Add Flip
1229,98869,96730,HI,Kaaawa,"Urban Honolulu, HI",Honolulu County,1034756.7135980593,4.461763336215637,77.44200503377999,34.935155164427954,18.950579366254935,46.79549000720814,25.70070776267604,41.83539084811041,72.33333333333333,18.993510904813057,0.9896615376122858,84.2296485727783,Value-Add Flip
1230,66132,20008,DC,Washington,"Washington-Arlington-Alexandria, DC-VA-MD-WV",District of Columbia,819201.3175351146,-0.23491571451849882,47.08010796877498,,,,20.13391931352491,41.803506820574974,,,,60.76597398462975,Value-Add Flip
1231,66128,20004,DC,Washington,"Washington-Arlington-Alexandria, DC-VA-MD-WV",District of Columbia,430922.9709298783,-0.7031139435015149,44.05341905074513,,,,20.13391931352491,41.04683459106751,,,,60.76597398462975,Value-Add Flip
1232,98858,96717,HI,Hauula,"Urban Honolulu, HI",Honolulu County,825997.5212173635,3.9375527706905147,74.05322179802238,34.935155164427954,18.950579366254935,46.79549000720814,25.70070776267604,40.988195039171,72.33333333333333,18.993510904813057,0.9896615376122858,84.2296485727783,Value-Add Flip
1233,66133,20009,DC,Washington,"Washington-Arlington-Alexandria, DC-VA-MD-WV",District of Columbia,567414.6750048577,-0.907255163097406,42.733738776844746,,,,20.13391931352491,40.71691452259241,,,,60.76597398462975,Value-Add Flip
1234,66136,20012,DC,Washington,"Washington-Arlington-Alexandria, DC-VA-MD-WV",District of Columbia,770668.6095684156,-1.3587191326105605,39.81522924641933,,,,20.13391931352491,39.98728713998606,,,,60.76597398462975,Value-Add Flip
1235,66154,20036,DC,Washington,"Washington-Arlington-Alexandria, DC-VA-MD-WV",District of Columbia,372123.2126716366,-1.4037364604771365,39.52421266639286,,,,20.13391931352491,39.91453299497944,,,,60.76597398462975,Value-Add Flip
1236,66127,20003,DC,Washington,"Washington-Arlington-Alexandria, DC-VA-MD-WV",District of Columbia,815747.0309761596,-1.6846735092461607,37.70808223373362,,,,20.13391931352491,39.46050038681463,,,,60.76597398462975,Value-Add Flip
1237,66129,20005,DC,Washington,"Washington-Arlington-Alexandria, DC-VA-MD-WV",District of Columbia,498251.9152588428,-1.9693788044094853,35.86759179948529,,,,20.13391931352491,39.00037777825255,,,,60.76597398462975,Value-Add Flip
1238,98924,96790,HI,Kula,"Kahului-Wailuku-Lahaina, HI",Maui County,1319033.5325193182,-1.8512262941034308,36.63139411962118,,,,18.74839443152774,38.84494713778723,,,,54.926070912702926,Value-Add Flip
1239,98904,96768,HI,Makawao,"Kahului-Wailuku-Lahaina, HI",Maui County,1095472.978895482,-2.1127102180847626,34.94101930407277,,,,18.74839443152774,38.42235343390013,,,,54.926070912702926,Value-Add Flip
1240,98880,96743,HI,Waimea,"Hilo, HI",Hawaii County,1248957.0668724054,0.14668156129105997,49.546961054383445,10.618341824918929,31.440303973144918,84.4771531358888,20.339813966905794,38.02407879407245,89.83333333333333,20.81983707368741,0.9757282889127659,61.63380742046031,Value-Add Flip
1241,98948,96817,HI,Honolulu,"Urban Honolulu, HI",Honolulu County,805098.5436805828,2.0876502488526176,62.094442128043426,34.935155164427954,18.950579366254935,46.79549000720814,25.70070776267604,37.998500121676265,72.33333333333333,18.993510904813057,0.9896615376122858,84.2296485727783,Value-Add Flip
1242,66125,20001,DC,Washington,"Washington-Arlington-Alexandria, DC-VA-MD-WV",District of Columbia,630380.5535605447,-2.875952283909261,30.007005975096636,,,,20.13391931352491,37.53523132215538,,,,60.76597398462975,Value-Add Flip
1243,98898,96762,HI,Laie,"Urban Honolulu, HI",Honolulu County,1224191.950504745,1.77493497048053,60.07287987309148,34.935155164427954,18.950579366254935,46.79549000720814,25.70070776267604,37.49310955793828,72.33333333333333,18.993510904813057,0.9896615376122858,84.2296485727783,Value-Add Flip
1244,98850,96708,HI,Haiku,"Kahului-Wailuku-Lahaina, HI",Maui County,1295491.75028624,-2.7221764076442807,31.00109717779623,,,,18.74839443152774,37.43737290233099,,,,54.926070912702926,Value-Add Flip
1245,98915,96780,HI,Papaaloa,"Hilo, HI",Hawaii County,816661.6539535206,-0.24705117416612288,47.00165773347519,10.618341824918929,31.440303973144918,84.4771531358888,20.339813966905794,37.38775296384539,89.83333333333333,20.81983707368741,0.9757282889127659,61.63380742046031,Value-Add Flip
1246,66155,20037,DC,Washington,"Washington-Arlington-Alexandria, DC-VA-MD-WV",District of Columbia,539912.0622309885,-3.1145669626676242,28.464470443841154,,,,20.13391931352491,37.14959743934151,,,,60.76597398462975,Value-Add Flip
1247,98861,96720,HI,Hilo,"Hilo, HI",Hawaii County,526302.4809374962,-0.6601375073594787,44.331242192643934,10.618341824918929,31.440303973144918,84.4771531358888,20.339813966905794,36.720149078637576,89.83333333333333,20.81983707368741,0.9757282889127659,61.63380742046031,Value-Add Flip
1248,66134,20010,DC,Washington,"Washington-Arlington-Alexandria, DC-VA-MD-WV",District of Columbia,681620.1336203603,-3.4792264267478132,26.107112618751536,,,,20.13391931352491,36.56025798306911,,,,60.76597398462975,Value-Add Flip
1249,98866,96727,HI,Honokaa,"Hilo, HI",Hawaii County,631278.834732171,-0.7635955399331906,43.662432997546816,10.618341824918929,31.440303973144918,84.4771531358888,20.339813966905794,36.55294677986329,89.83333333333333,20.81983707368741,0.9757282889127659,61.63380742046031,Value-Add Flip
1250,98852,96710,HI,Honomu,"Hilo, HI",Hawaii County,958781.9493035364,-0.8739674444408532,42.948928760333416,10.618341824918929,31.440303973144918,84.4771531358888,20.339813966905794,36.374570720559944,89.83333333333333,20.81983707368741,0.9757282889127659,61.63380742046031,Value-Add Flip
1251,98918,96783,HI,Pepeekeo,"Hilo, HI",Hawaii County,546106.0971305309,-0.9507545756486501,42.452534829970276,10.618341824918929,31.440303973144918,84.4771531358888,20.339813966905794,36.25047223796916,89.83333333333333,20.81983707368741,0.9757282889127659,61.63380742046031,Value-Add Flip
1252,98875,96738,HI,Waikoloa,"Hilo, HI",Hawaii County,822821.8054520566,-1.0009255068635199,42.12820254480737,10.618341824918929,31.440303973144918,84.4771531358888,20.339813966905794,36.169389166678435,89.83333333333333,20.81983707368741,0.9757282889127659,61.63380742046031,Value-Add Flip
1253,66140,20017,DC,Washington,"Washington-Arlington-Alexandria, DC-VA-MD-WV",District of Columbia,526955.5577623895,-3.8574799885493607,23.66187512565629,,,,20.13391931352491,35.9489486097953,,,,60.76597398462975,Value-Add Flip
1254,98916,96781,HI,Papaikou,"Hilo, HI",Hawaii County,521047.8497138296,-1.1823475612794196,40.95539135588096,10.618341824918929,31.440303973144918,84.4771531358888,20.339813966905794,35.87618636944683,89.83333333333333,20.81983707368741,0.9757282889127659,61.63380742046031,Value-Add Flip
1255,98917,96782,HI,Pearl City,"Urban Honolulu, HI",Honolulu County,909380.3990978636,0.6757080465995252,52.96687702438917,34.935155164427954,18.950579366254935,46.79549000720814,25.70070776267604,35.7166088457627,72.33333333333333,18.993510904813057,0.9896615376122858,84.2296485727783,Value-Add Flip
1256,66141,20018,DC,Washington,"Washington-Arlington-Alexandria, DC-VA-MD-WV",District of Columbia,541113.047906564,-4.288989234910362,20.872363817966928,,,,20.13391931352491,35.25157078287296,,,,60.76597398462975,Value-Add Flip
1257,98896,96760,HI,Kurtistown,"Hilo, HI",Hawaii County,348375.2844918274,-1.656006113085964,37.893403930604,10.618341824918929,31.440303973144918,84.4771531358888,20.339813966905794,35.110689513127596,89.83333333333333,20.81983707368741,0.9757282889127659,61.63380742046031,Value-Add Flip
1258,98860,96719,HI,Hawi,"Hilo, HI",Hawaii County,828085.7234138795,-1.7254694013115617,37.44435531899561,10.618341824918929,31.440303973144918,84.4771531358888,20.339813966905794,34.99842736022549,89.83333333333333,20.81983707368741,0.9757282889127659,61.63380742046031,Value-Add Flip
1259,98873,96734,HI,Kailua,"Urban Honolulu, HI",Honolulu County,1479686.0303257208,0.0310199341021633,48.79926116236478,34.935155164427954,18.950579366254935,46.79549000720814,25.70070776267604,34.674704880256606,72.33333333333333,18.993510904813057,0.9896615376122858,84.2296485727783,Value-Add Flip
1260,98900,96764,HI,Laupahoehoe,"Hilo, HI",Hawaii County,606110.8470723429,-1.9309715255550637,36.11587741460362,10.618341824918929,31.440303973144918,84.4771531358888,20.339813966905794,34.66630788412749,89.83333333333333,20.81983707368741,0.9757282889127659,61.63380742046031,Value-Add Flip
1261,66126,20002,DC,Washington,"Washington-Arlington-Alexandria, DC-VA-MD-WV",District of Columbia,609981.9744829078,-4.7345228742091,17.99219117911674,,,,20.13391931352491,34.531527623160414,,,,60.76597398462975,Value-Add Flip
1262,66135,20011,DC,Washington,"Washington-Arlington-Alexandria, DC-VA-MD-WV",District of Columbia,605551.4760623266,-4.79210874834172,17.619924655488806,,,,20.13391931352491,34.438460992253425,,,,60.76597398462975,Value-Add Flip
1263,66130,20006,DC,Washington,"Washington-Arlington-Alexandria, DC-VA-MD-WV",District of Columbia,231485.4032738981,-6.316318086162953,7.766603506534832,,,,20.13391931352491,31.975130705014937,,,,60.76597398462975,Value-Add Flip
1264,66146,20024,DC,Washington,"Washington-Arlington-Alexandria, DC-VA-MD-WV",District of Columbia,386951.32018101896,-6.325005405402422,7.710443932999919,,,,20.13391931352491,31.96109081163121,,,,60.76597398462975,Value-Add Flip
1265,66142,20019,DC,Washington,"Washington-Arlington-Alexandria, DC-VA-MD-WV",District of Columbia,354508.613843668,-6.541670913819429,6.309799819779988,,,,20.13391931352491,31.610929783326224,,,,60.76597398462975,Value-Add Flip
